
SKIPPING: ghcr.io/bdrd-genomics/allinone-aio_qc:1.0.0 already exists

SKIPPING: ghcr.io/bdrd-genomics/allinone-amrfinder_plus:1.0.0 already exists

==================================================
Building: ghcr.io/bdrd-genomics/allinone-autocycler:1.0.0
Dockerfile: Dockerfile.autocycler
==================================================
#0 building with "default" instance using docker driver

#1 [internal] load build definition from Dockerfile.autocycler
#1 transferring dockerfile: 444B done
#1 DONE 0.0s

#2 [internal] load metadata for ghcr.io/bdrd-genomics/allinone-conda-base:1.0.1
#2 DONE 0.0s

#3 [internal] load .dockerignore
#3 transferring context: 2B done
#3 DONE 0.0s

#4 [1/3] FROM ghcr.io/bdrd-genomics/allinone-conda-base:1.0.1
#4 CACHED

#5 [internal] load build context
#5 transferring context: 2B done
#5 DONE 0.0s

#6 [2/3] COPY env/environment.autocycler.yml /tmp/environment.yml
#6 ERROR: failed to calculate checksum of ref f9230d27-738a-4571-adac-aa37bc44adee::gk6wphgn9e1m4fddxtefiy5nf: "/env/environment.autocycler.yml": not found
------
 > [2/3] COPY env/environment.autocycler.yml /tmp/environment.yml:
------
Dockerfile.autocycler:3
--------------------
   1 |     FROM ghcr.io/bdrd-genomics/allinone-conda-base:1.0.1
   2 |     
   3 | >>> COPY env/environment.autocycler.yml /tmp/environment.yml
   4 |     
   5 |     RUN /opt/conda/bin/mamba env create -n autocycler -f /tmp/environment.yml \
--------------------
ERROR: failed to build: failed to solve: failed to compute cache key: failed to calculate checksum of ref f9230d27-738a-4571-adac-aa37bc44adee::gk6wphgn9e1m4fddxtefiy5nf: "/env/environment.autocycler.yml": not found
FAILED: ghcr.io/bdrd-genomics/allinone-autocycler

SKIPPING: ghcr.io/bdrd-genomics/allinone-bbmap:1.0.0 already exists

SKIPPING: ghcr.io/bdrd-genomics/allinone-blast:1.0.0 already exists

SKIPPING: ghcr.io/bdrd-genomics/allinone-busco:1.0.0 already exists

SKIPPING: ghcr.io/bdrd-genomics/allinone-checkm-genome:1.0.0 already exists

SKIPPING: ghcr.io/bdrd-genomics/allinone-chimeric_contig_classifier:1.0.0 already exists

==================================================
Building: ghcr.io/bdrd-genomics/allinone-chimeric_detection:1.0.0
Dockerfile: Dockerfile.chimeric_detection
==================================================
#0 building with "default" instance using docker driver

#1 [internal] load build definition from Dockerfile.chimeric_detection
#1 transferring dockerfile: 466B done
#1 DONE 0.0s

#2 [internal] load metadata for ghcr.io/bdrd-genomics/allinone-conda-base:1.0.1
#2 DONE 0.0s

#3 [internal] load .dockerignore
#3 transferring context: 2B done
#3 DONE 0.0s

#4 [1/3] FROM ghcr.io/bdrd-genomics/allinone-conda-base:1.0.1
#4 CACHED

#5 [internal] load build context
#5 transferring context: 2B done
#5 DONE 0.1s

#6 [2/3] COPY env/environment.chimeric.yml /tmp/environment.yml
#6 ERROR: failed to calculate checksum of ref f9230d27-738a-4571-adac-aa37bc44adee::o89rde1yzk7ukh5gki9z2o7ig: "/env/environment.chimeric.yml": not found
------
 > [2/3] COPY env/environment.chimeric.yml /tmp/environment.yml:
------
Dockerfile.chimeric_detection:3
--------------------
   1 |     FROM ghcr.io/bdrd-genomics/allinone-conda-base:1.0.1
   2 |     
   3 | >>> COPY env/environment.chimeric.yml /tmp/environment.yml
   4 |     
   5 |     RUN /opt/conda/bin/mamba env create -n chimeric_detection -f /tmp/environment.yml \
--------------------
ERROR: failed to build: failed to solve: failed to compute cache key: failed to calculate checksum of ref f9230d27-738a-4571-adac-aa37bc44adee::o89rde1yzk7ukh5gki9z2o7ig: "/env/environment.chimeric.yml": not found
FAILED: ghcr.io/bdrd-genomics/allinone-chimeric_detection

SKIPPING: ghcr.io/bdrd-genomics/allinone-diamond:1.0.0 already exists

==================================================
Building: ghcr.io/bdrd-genomics/allinone-dragonflye:1.0.0
Dockerfile: Dockerfile.dragonflye
==================================================
#0 building with "default" instance using docker driver

#1 [internal] load build definition from Dockerfile.dragonflye
#1 transferring dockerfile: 498B done
#1 DONE 0.0s

#2 [internal] load metadata for ghcr.io/bdrd-genomics/allinone-conda-base:1.0.1
#2 DONE 0.0s

#3 [internal] load .dockerignore
#3 transferring context: 2B done
#3 DONE 0.0s

#4 [internal] load build context
#4 DONE 0.0s

#5 [1/3] FROM ghcr.io/bdrd-genomics/allinone-conda-base:1.0.1
#5 CACHED

#4 [internal] load build context
#4 transferring context: 240B done
#4 DONE 0.1s

#6 [2/3] COPY environment.dragonflye.yml /tmp/environment.yml
#6 DONE 0.1s

#7 [3/3] RUN /opt/conda/bin/mamba env create -f /tmp/environment.yml &&     /opt/conda/bin/conda clean -a -y
#7 0.628 Fetch Shard Index for conda-forge/linux-64                                                      ⧖ Starting
#7 0.815 Fetch Shard Index for conda-forge/linux-64                                                ✔ Done (0.2 sec)
#7 0.815 Fetch Shard Index for conda-forge/noarch                                                        ⧖ Starting
#7 1.018 Fetch Shard Index for conda-forge/noarch                                                  ✔ Done (0.2 sec)
#7 1.018 Fetching and Parsing Packages' Shards                                                           ⧖ Starting
#7 1.018 Fetching and Parsing Packages' Shards                                                     ✔ Done (0.0 sec)
#7 1.977 Using Flat Repodata for conda-forge/linux-64                                                    ✔ Starting
#7 8.145 Using Flat Repodata for conda-forge/linux-64                                              ✔ Done (6.2 sec)
#7 8.151 Using Cached Shard Index for conda-forge/noarch                                                     ✔ Done
#7 8.154 Using Cached Shard Index for conda-forge/linux-64                                                   ✔ Done
#7 8.154 Fetching and Parsing Packages' Shards                                                           ⧖ Starting
#7 8.154 Fetching and Parsing Packages' Shards                                                     ✔ Done (0.0 sec)
#7 8.659 Using Flat Repodata for conda-forge/noarch                                                      ✔ Starting
#7 11.27 Using Flat Repodata for conda-forge/noarch                                                ✔ Done (2.6 sec)
#7 11.27 Fetch Shard Index for bioconda/linux-64                                                         ⧖ Starting
#7 11.45 Fetch Shard Index for bioconda/linux-64                                                   ✔ Done (0.2 sec)
#7 11.45 Fetch Shard Index for bioconda/noarch                                                           ⧖ Starting
#7 11.62 Fetch Shard Index for bioconda/noarch                                                     ✔ Done (0.2 sec)
#7 11.62 Fetching and Parsing Packages' Shards                                                           ⧖ Starting
#7 14.08 Fetching and Parsing Packages' Shards                                                     ✔ Done (2.5 sec)
#7 14.10 Using Cached Shard Index for conda-forge/linux-64                                                   ✔ Done
#7 14.10 Using Cached Shard Index for conda-forge/noarch                                                     ✔ Done
#7 14.10 Fetching and Parsing Packages' Shards                                                           ⧖ Starting
#7 24.33 Fetching and Parsing Packages' Shards                                                    ✔ Done (10.2 sec)
#7 24.91 Using Cached Shard Index for bioconda/linux-64                                                      ✔ Done
#7 24.91 Using Cached Shard Index for bioconda/noarch                                                        ✔ Done
#7 24.91 Fetching and Parsing Packages' Shards                                                           ⧖ Starting
#7 25.27 Fetching and Parsing Packages' Shards                                                     ✔ Done (0.4 sec)
#7 25.28 Parsing Packages' Records                                                                ✔ Done (23.3 sec)
#7 25.29 
#7 25.29 Resolving Environment                                                                           ⧖ Starting
#7 27.94 Resolving Environment                                                                     ✔ Done (2.6 sec)
#7 27.94 Using Cached Shard Index for conda-forge/linux-64                                                   ✔ Done
#7 27.95 Using Cached Shard Index for conda-forge/noarch                                                     ✔ Done
#7 27.95 Fetching and Parsing Packages' Shards                                                           ⧖ Starting
#7 27.95 Fetching and Parsing Packages' Shards                                                     ✔ Done (0.0 sec)
#7 27.95 Using Flat Repodata for conda-forge/linux-64                                                    ✔ Starting
#7 30.55 Using Flat Repodata for conda-forge/linux-64                                              ✔ Done (2.6 sec)
#7 30.55 Using Cached Shard Index for conda-forge/noarch                                                     ✔ Done
#7 30.56 Using Cached Shard Index for conda-forge/linux-64                                                   ✔ Done
#7 30.56 Fetching and Parsing Packages' Shards                                                           ⧖ Starting
#7 30.56 Fetching and Parsing Packages' Shards                                                     ✔ Done (0.0 sec)
#7 30.56 Using Flat Repodata for conda-forge/noarch                                                      ✔ Starting
#7 31.63 Using Flat Repodata for conda-forge/noarch                                                ✔ Done (1.1 sec)
#7 31.63 Using Cached Shard Index for bioconda/linux-64                                                      ✔ Done
#7 31.63 Using Cached Shard Index for bioconda/noarch                                                        ✔ Done
#7 31.63 Fetching and Parsing Packages' Shards                                                           ⧖ Starting
#7 32.37 Fetching and Parsing Packages' Shards                                                     ✔ Done (0.7 sec)
#7 32.40 Using Cached Shard Index for conda-forge/linux-64                                                   ✔ Done
#7 32.40 Using Cached Shard Index for conda-forge/noarch                                                     ✔ Done
#7 32.40 Fetching and Parsing Packages' Shards                                                           ⧖ Starting
#7 37.40 Fetching and Parsing Packages' Shards                                                     ✔ Done (5.0 sec)
#7 38.90 Using Cached Shard Index for bioconda/linux-64                                                      ✔ Done
#7 38.91 Using Cached Shard Index for bioconda/noarch                                                        ✔ Done
#7 38.91 Fetching and Parsing Packages' Shards                                                           ⧖ Starting
#7 39.06 Fetching and Parsing Packages' Shards                                                     ✔ Done (0.2 sec)
#7 39.09 Parsing Packages' Records                                                                ✔ Done (11.1 sec)
#7 39.12 
#7 39.12 Resolving Environment                                                                           ⧖ Starting
#7 57.01 Resolving Environment                                                                    ✔ Done (17.9 sec)
#7 57.04 
#7 57.04 Transaction
#7 57.04 
#7 57.04   Prefix: /opt/conda/envs/dragonflye
#7 57.04 
#7 57.04   Updating specs:
#7 57.04 
#7 57.04    - dragonflye
#7 57.04 
#7 57.04 
#7 57.18   Package                           Version  Build                        Channel           Size
#7 57.18 ──────────────────────────────────────────────────────────────────────────────────────────────────
#7 57.18   Install:
#7 57.18 ──────────────────────────────────────────────────────────────────────────────────────────────────
#7 57.18 
#7 57.18   + _openmp_mutex                       4.5  20_gnu                       conda-forge       29kB
#7 57.18   + alsa-lib                       1.2.16.1  h7cc23a3_1                   conda-forge      595kB
#7 57.18   + any2fasta                         0.8.1  hdfd78af_0                   bioconda          24kB
#7 57.18   + archspec                          0.2.5  pyhd8ed1ab_0                 conda-forge     Cached
#7 57.18   + aria2                            1.37.0  h4b33fff_4                   conda-forge        2MB
#7 57.18   + assembly-scan                     1.0.0  pyhdfd78af_0                 bioconda          10kB
#7 57.18   + aws-c-auth                       0.10.4  h4610da3_2                   conda-forge      135kB
#7 57.18   + aws-c-cal                        0.9.15  h6bbde05_1                   conda-forge       57kB
#7 57.18   + aws-c-common                     0.14.3  hb03c661_0                   conda-forge      246kB
#7 57.18   + aws-c-compression                 0.3.2  h01ee8f8_5                   conda-forge       22kB
#7 57.18   + aws-c-http                       0.11.0  hbe094ff_5                   conda-forge      231kB
#7 57.18   + aws-c-io                         0.27.5  h4f381ba_1                   conda-forge      184kB
#7 57.18   + aws-c-s3                         0.13.1  h7508075_1                   conda-forge      158kB
#7 57.18   + aws-c-sdkutils                    0.2.7  h01ee8f8_3                   conda-forge       69kB
#7 57.18   + aws-checksums                    0.2.10  h01ee8f8_5                   conda-forge      102kB
#7 57.18   + backports.zstd                    1.7.0  py310hff74037_0              conda-forge      194kB
#7 57.18   + bcftools                           1.24  h118bc1c_2                   bioconda         970kB
#7 57.18   + biopython                          1.88  py310h7c4b9e2_0              conda-forge        3MB
#7 57.18   + brotli-python                     1.2.0  py310h25d4438_3              conda-forge      367kB
#7 57.18   + bwa                              0.7.19  h577a1d6_1                   bioconda         654kB
#7 57.18   + bzip2                             1.0.8  hda65f42_10                  conda-forge     Cached
#7 57.18   + c-ares                           1.34.8  hebe6cf0_2                   conda-forge     Cached
#7 57.18   + ca-certificates               2026.7.22  hbd8a1cb_0                   conda-forge     Cached
#7 57.18   + cached-property                   2.0.1  pyhcf101f3_0                 conda-forge        4kB
#7 57.18   + cached_property                   2.0.1  pyhcf101f3_0                 conda-forge     Cached
#7 57.18   + cairo                            1.18.4  h3c89d7e_3                   conda-forge      991kB
#7 57.18   + certifi                       2026.7.22  pyhd8ed1ab_0                 conda-forge     Cached
#7 57.18   + cffi                              2.1.1  py310hd4ea0ea_2              conda-forge      250kB
#7 57.18   + charset-normalizer                3.5.1  pyhd8ed1ab_0                 conda-forge     Cached
#7 57.18   + click                             8.4.2  pyhc90fa1f_0                 conda-forge      107kB
#7 57.18   + cpython                         3.10.21  py310hd8ed1ab_0              conda-forge       50kB
#7 57.18   + dnaapler                          1.4.0  pyhdfd78af_0                 bioconda           3MB
#7 57.18   + dragonflye                        1.2.1  hdfd78af_0                   bioconda         109kB
#7 57.18   + fastp                             1.3.7  h43da1c4_0                   bioconda           3MB
#7 57.18   + filelock                         3.32.5  pyhd8ed1ab_0                 conda-forge       79kB
#7 57.18   + flye                              2.9.6  py310h5850263_1              bioconda          34MB
#7 57.18   + font-ttf-dejavu-sans-mono          2.37  hab24e00_0                   conda-forge      397kB
#7 57.18   + font-ttf-inconsolata              3.000  h77eed37_0                   conda-forge       97kB
#7 57.18   + font-ttf-source-code-pro          2.038  h77eed37_0                   conda-forge      701kB
#7 57.18   + font-ttf-ubuntu                    0.83  h77eed37_3                   conda-forge        2MB
#7 57.18   + fontconfig                       2.18.3  h4db4eae_1                   conda-forge      296kB
#7 57.18   + fonts-conda-ecosystem                 1  0                            conda-forge        4kB
#7 57.18   + fonts-conda-forge                     1  hc364b38_1                   conda-forge        4kB
#7 57.18   + fsspec                         2026.7.0  pyhd8ed1ab_0                 conda-forge      152kB
#7 57.18   + gawk                              5.4.1  h0a3468a_0                   conda-forge        2MB
#7 57.18   + giflib                            6.1.3  hebe6cf0_2                   conda-forge       86kB
#7 57.18   + gmp                               6.3.0  hfd2156b_3                   conda-forge      493kB
#7 57.18   + gmpy2                             2.3.1  py310haf1ad51_0              conda-forge      312kB
#7 57.18   + graphite2                        1.3.15  h54a6638_1                   conda-forge      103kB
#7 57.18   + grpcio                           1.62.2  py310h1b8f574_0              conda-forge        1MB
#7 57.18   + gsl                                 2.6  he838d99_2                   conda-forge        3MB
#7 57.18   + gzip                               1.14  hb9d3cd8_0                   conda-forge      124kB
#7 57.18   + h2                                4.4.1  pyhcf101f3_0                 conda-forge     Cached
#7 57.18   + h5py                             3.16.0  nompi_py310h9313953_104      conda-forge        1MB
#7 57.18   + hdf5                              2.2.0  nompi_hc529623_100           conda-forge        4MB
#7 57.18   + hpack                             4.2.0  pyhd8ed1ab_0                 conda-forge     Cached
#7 57.18   + htslib                             1.24  ha79157c_0                   bioconda           1MB
#7 57.18   + hyperframe                        6.1.0  pyhd8ed1ab_0                 conda-forge     Cached
#7 57.18   + icu                                78.3  py310h44b86e0_2              conda-forge     Cached
#7 57.18   + idna                               3.19  pyhcf101f3_0                 conda-forge     Cached
#7 57.18   + intervaltree                      3.1.0  pyhd8ed1ab_1                 conda-forge       28kB
#7 57.18   + isa-l                            2.32.1  hb03c661_0                   conda-forge      169kB
#7 57.18   + jinja2                            3.1.6  pyhcf101f3_1                 conda-forge     Cached
#7 57.18   + k8                                  1.2  he8db53b_6                   bioconda           8MB
#7 57.18   + kernel-headers_linux-64          5.14.0  he073ed8_3                   conda-forge        1MB
#7 57.18   + keyutils                          1.6.3  h7cc23a3_1                   conda-forge     Cached
#7 57.18   + kmc                               3.2.4  h5ca1c30_4                   bioconda           2MB
#7 57.18   + krb5                             1.22.2  hbc21106_2                   conda-forge     Cached
#7 57.18   + lcms2                            2.19.1  h9073bf1_3                   conda-forge      254kB
#7 57.18   + ld_impl_linux-64                 2.46.1  default_hbd61a6d_102         conda-forge      745kB
#7 57.18   + lerc                              4.2.0  hdb68285_0                   conda-forge      271kB
#7 57.18   + libabseil                    20240116.2  cxx17_he02047a_1             conda-forge        1MB
#7 57.18   + libaec                            1.1.5  h088129d_0                   conda-forge       37kB
#7 57.18   + libasprintf                      0.25.1  h3f43e3d_1                   conda-forge       54kB
#7 57.18   + libblas                          3.11.0  11_h4a7cf45_openblas         conda-forge       18kB
#7 57.18   + libcblas                         3.11.0  11_h0358290_openblas         conda-forge       18kB
#7 57.18   + libcups                           2.3.3  h7a8fb5f_6                   conda-forge        5MB
#7 57.18   + libcurl                          8.22.0  ha042cf0_0                   conda-forge     Cached
#7 57.18   + libdeflate                         1.25  hd45a770_1                   conda-forge       74kB
#7 57.18   + libedit                    3.1.20250104  pl5321h373387f_1             conda-forge     Cached
#7 57.18   + libev                              4.33  h280c20c_3                   conda-forge     Cached
#7 57.18   + libexpat                          2.8.1  hecca717_1                   conda-forge     Cached
#7 57.18   + libffi                            3.7.0  h81df57d_1                   conda-forge     Cached
#7 57.18   + libfreetype                      2.14.3  ha770c72_2                   conda-forge        8kB
#7 57.18   + libfreetype6                     2.14.3  h5e6c136_2                   conda-forge      388kB
#7 57.18   + libgcc                           16.2.0  ha9f2e26_5                   conda-forge        1MB
#7 57.18   + libgcc-ng                        16.2.0  h69a702a_5                   conda-forge       29kB
#7 57.18   + libgettextpo                     0.25.1  h3f43e3d_1                   conda-forge      188kB
#7 57.18   + libgfortran                      16.2.0  h69a702a_5                   conda-forge       29kB
#7 57.18   + libgfortran5                     16.2.0  h6b99dfc_5                   conda-forge        3MB
#7 57.18   + libglib                          2.90.0  h569388d_0                   conda-forge        5MB
#7 57.18   + libgomp                          16.2.0  he0feb66_5                   conda-forge      642kB
#7 57.18   + libgrpc                          1.62.2  h15f2491_0                   conda-forge        7MB
#7 57.18   + libharfbuzz                      14.4.0  h23af247_1                   conda-forge        1MB
#7 57.18   + libhwy                            1.3.0  h4c17acf_1                   conda-forge        1MB
#7 57.18   + libiconv                           1.18  h0cb94f2_3                   conda-forge     Cached
#7 57.18   + libjpeg-turbo                     3.2.0  hb03c661_1                   conda-forge      650kB
#7 57.18   + liblapack                        3.11.0  11_h47877c9_openblas         conda-forge       18kB
#7 57.18   + liblzma                           5.8.3  hb03c661_1                   conda-forge     Cached
#7 57.18   + liblzma-devel                     5.8.3  hb03c661_1                   conda-forge      492kB
#7 57.18   + libnghttp2                       1.68.1  h74cf4be_1                   conda-forge     Cached
#7 57.18   + libnsl                            2.0.1  hb9d3cd8_1                   conda-forge       34kB
#7 57.18   + libopenblas                      0.3.34  pthreads_hf13c14d_2          conda-forge        7MB
#7 57.18   + libpng                           1.6.58  h922cc85_1                   conda-forge      317kB
#7 57.18   + libprotobuf                      4.25.3  hd5b35b9_1                   conda-forge        3MB
#7 57.18   + libpsl                           0.23.1  hd9e3e90_1                   conda-forge     Cached
#7 57.18   + libre2-11                    2023.09.01  h5a48ba9_2                   conda-forge      233kB
#7 57.18   + libsqlite                        3.53.4  h13e7031_1                   conda-forge     Cached
#7 57.18   + libssh2                          1.11.1  h6154650_1                   conda-forge     Cached
#7 57.18   + libstdcxx                        16.2.0  h934c35e_5                   conda-forge        7MB
#7 57.18   + libstdcxx-ng                     16.2.0  hdf11a46_5                   conda-forge       29kB
#7 57.18   + libtiff                           4.7.2  hcc2c06a_1                   conda-forge      460kB
#7 57.18   + libtorch                          2.3.1  cpu_generic_h970db74_0       conda-forge       50MB
#7 57.18   + libuuid                          2.42.3  hcfc3c73_0                   conda-forge     Cached
#7 57.18   + libuv                            1.52.1  h280c20c_1                   conda-forge      420kB
#7 57.18   + libwebp-base                      1.6.0  hd42ef1d_1                   conda-forge      428kB
#7 57.18   + libxcb                           1.17.0  hb83e432_2                   conda-forge      395kB
#7 57.18   + libxcrypt                        4.4.38  h280c20c_0                   conda-forge      102kB
#7 57.18   + libxml2                          2.15.4  h7df9aa5_0                   conda-forge       47kB
#7 57.18   + libxml2-16                       2.15.4  hf3af7cc_0                   conda-forge     Cached
#7 57.18   + libzlib                           1.3.2  h25fd6f3_3                   conda-forge     Cached
#7 57.18   + loguru                            0.7.3  pyh707e725_0                 conda-forge       60kB
#7 57.18   + mappy                              2.31  py310hfe4f656_0              bioconda         175kB
#7 57.18   + markupsafe                        3.0.3  py310h3406613_1              conda-forge       24kB
#7 57.18   + medaka                            2.1.1  py310h5713b5a_1              bioconda           6MB
#7 57.18   + miniasm                             0.3  h577a1d6_5                   bioconda          45kB
#7 57.18   + minimap2                           2.31  h118bc1c_0                   bioconda           1MB
#7 57.18   + mmseqs2                        18.8cc5c  hd6d6fdc_0                   bioconda         133MB
#7 57.18   + mpc                               1.4.0  ha2cb11d_1                   conda-forge      101kB
#7 57.18   + mpfr                              4.2.2  ha2cb11d_1                   conda-forge      730kB
#7 57.18   + mpmath                            1.4.1  pyhd8ed1ab_0                 conda-forge      465kB
#7 57.18   + nanoq                            0.10.0  hc1c3326_4                   bioconda         908kB
#7 57.18   + ncurses                             6.6  hdb14827_1                   conda-forge     Cached
#7 57.18   + networkx                          3.4.2  pyh267e887_2                 conda-forge        1MB
#7 57.18   + nomkl                               1.0  h5ca1d4c_0                   conda-forge        4kB
#7 57.18   + numpy                            1.26.4  py310hb13e2d6_0              conda-forge        7MB
#7 57.18   + ont-fast5-api                     4.1.3  pyhdfd78af_0                 bioconda           2MB
#7 57.18   + openjdk                          25.0.2  h1602c4f_26                  conda-forge      123MB
#7 57.18   + openssl                           3.6.4  h781a0a9_0                   conda-forge     Cached
#7 57.18   + packaging                          26.3  pyhc364b38_0                 conda-forge     Cached
#7 57.18   + pandas                            2.3.3  py310h0158d43_2              conda-forge       12MB
#7 57.18   + parasail-python                   1.3.4  py310hfc0ef84_6              bioconda           3MB
#7 57.18   + pcre2                             10.47  h8b3dc9c_1                   conda-forge        1MB
#7 57.18   + perl                             5.32.1  9_h7cc23a3_perl5             conda-forge       13MB
#7 57.18   + perl-file-spec                  3.48_01  pl5321hdfd78af_2             bioconda           6kB
#7 57.18   + perl-findbin                       1.54  pl5321hdfd78af_0             bioconda          11kB
#7 57.18   + pigz                                2.8  h421ea60_2                   conda-forge       81kB
#7 57.18   + pilon                              1.24  hdfd78af_0                   bioconda          10MB
#7 57.18   + pip                              26.2.1  pyh8b19718_0                 conda-forge        1MB
#7 57.18   + pixman                           0.46.4  h54a6638_3                   conda-forge      377kB
#7 57.18   + polypolish                        0.7.1  hec9b1f2_0                   bioconda           1MB
#7 57.18   + porechop                          0.2.4  py310h184ae93_9              bioconda         112kB
#7 57.18   + progressbar33                       2.4  pyhd8ed1ab_1                 conda-forge       15kB
#7 57.18   + pthread-stubs                       0.4  h7cc23a3_1004                conda-forge       10kB
#7 57.18   + pyabpoa                           1.5.7  py310hfe4f656_0              bioconda         212kB
#7 57.18   + pycparser                           3.0  pyhcf101f3_0                 conda-forge       56kB
#7 57.18   + pyrodigal                         3.7.1  py310h7c10099_1              bioconda           3MB
#7 57.18   + pysam                            0.24.1  py310h4a09ff2_0              bioconda           2MB
#7 57.18   + pysocks                           1.7.1  pyha55dd90_7                 conda-forge     Cached
#7 57.18   + pyspoa                            0.3.2  py310h5850263_1              bioconda         145kB
#7 57.18   + python                          3.10.21  h267e890_0_cpython           conda-forge       25MB
#7 57.18   + python-dateutil             2.9.0.post0  pyhe01879c_2                 conda-forge      233kB
#7 57.18   + python-edlib                1.3.9.post1  py310h1153794_3              bioconda          81kB
#7 57.18   + python-tzdata                    2026.3  pyhd8ed1ab_0                 conda-forge      147kB
#7 57.18   + python_abi                         3.10  9_cp310                      conda-forge        7kB
#7 57.18   + pytorch                           2.3.1  cpu_generic_py310ha4c588e_0  conda-forge       30MB
#7 57.18   + pytz                       2026.3.post1  pyhcf101f3_0                 conda-forge      201kB
#7 57.18   + pyyaml                            6.0.3  py310h3406613_1              conda-forge      177kB
#7 57.18   + racon                             1.5.0  h077b44d_8                   bioconda         162kB
#7 57.18   + rasusa                            5.1.0  hfa8f182_0                   bioconda           2MB
#7 57.18   + raven-assembler                   1.8.3  h5ca1c30_3                   bioconda         714kB
#7 57.18   + re2                          2023.09.01  h7f4b329_2                   conda-forge       27kB
#7 57.18   + readline                            8.3  hd6e31c0_1                   conda-forge     Cached
#7 57.18   + requests                         2.34.2  pyhcf101f3_0                 conda-forge     Cached
#7 57.18   + s2n                               1.7.6  h7e3ee7f_0                   conda-forge      394kB
#7 57.18   + samclip                           0.4.0  hdfd78af_1                   bioconda           7kB
#7 57.18   + samtools                           1.24  h9dcdb79_1                   bioconda         504kB
#7 57.18   + seqtk                               1.5  h577a1d6_1                   bioconda         142kB
#7 57.18   + setuptools                       84.0.0  pyh332efcf_0                 conda-forge     Cached
#7 57.18   + six                              1.17.0  pyhe01879c_1                 conda-forge       18kB
#7 57.18   + sleef                             3.9.0  ha0421bc_0                   conda-forge        2MB
#7 57.18   + sortedcontainers                  2.4.0  pyhd8ed1ab_1                 conda-forge       29kB
#7 57.18   + sympy                            1.14.0  pyh2585a3b_106               conda-forge        5MB
#7 57.18   + sysroot_linux-64                   2.34  h087de78_3                   conda-forge       41MB
#7 57.18   + tar                                1.35  h3b78370_0                   conda-forge      779kB
#7 57.18   + tk                               8.6.13  noxft_h1df4ec4_4             conda-forge     Cached
#7 57.18   + toml                             0.10.2  pyhcf101f3_3                 conda-forge       24kB
#7 57.18   + tqdm                             4.70.0  pyh8f84b5b_0                 conda-forge     Cached
#7 57.18   + typing_extensions                4.16.0  pyhcf101f3_0                 conda-forge     Cached
#7 57.18   + tzdata                            2026c  h151e31d_0                   conda-forge     Cached
#7 57.18   + unzip                               6.0  hb03c661_4                   conda-forge      147kB
#7 57.18   + urllib3                           2.7.0  pyhd8ed1ab_0                 conda-forge     Cached
#7 57.18   + wheel                            0.48.0  pyhd8ed1ab_0                 conda-forge       35kB
#7 57.18   + wurlitzer                         3.1.1  pyhd8ed1ab_1                 conda-forge       14kB
#7 57.18   + xorg-libice                       1.1.2  h280c20c_0                   conda-forge       63kB
#7 57.18   + xorg-libsm                        1.2.6  h0d788c3_1                   conda-forge       31kB
#7 57.18   + xorg-libx11                      1.8.13  he1eb515_1                   conda-forge      840kB
#7 57.18   + xorg-libxau                      1.0.12  h7cc23a3_2                   conda-forge       19kB
#7 57.18   + xorg-libxdmcp                     1.1.5  h7cc23a3_2                   conda-forge       23kB
#7 57.18   + xorg-libxext                      1.3.7  h7cc23a3_1                   conda-forge       53kB
#7 57.18   + xorg-libxfixes                    6.0.2  h7cc23a3_1                   conda-forge       21kB
#7 57.18   + xorg-libxi                        1.8.3  h7cc23a3_1                   conda-forge       49kB
#7 57.18   + xorg-libxrandr                    1.5.5  h7cc23a3_1                   conda-forge       31kB
#7 57.18   + xorg-libxrender                  0.9.12  hb03c661_1                   conda-forge       35kB
#7 57.18   + xorg-libxt                        1.3.1  h7cc23a3_1                   conda-forge      384kB
#7 57.18   + xorg-libxtst                      1.2.5  h7cc23a3_4                   conda-forge       35kB
#7 57.18   + xz                                5.8.3  ha02ee65_1                   conda-forge       24kB
#7 57.18   + xz-gpl-tools                      5.8.3  ha02ee65_1                   conda-forge       40kB
#7 57.18   + xz-tools                          5.8.3  hb03c661_1                   conda-forge       96kB
#7 57.18   + yaml                              0.2.5  hebe6cf0_3                   conda-forge       85kB
#7 57.18   + zlib                              1.3.2  h25fd6f3_3                   conda-forge       96kB
#7 57.18   + zstd                              1.5.7  hb78ec9c_7                   conda-forge     Cached
#7 57.18 
#7 57.18   Summary:
#7 57.18 
#7 57.18   Install: 212 packages
#7 57.18 
#7 57.18   Total download: 610MB
#7 57.18 
#7 57.18 ──────────────────────────────────────────────────────────────────────────────────────────────────
#7 57.18 
#7 57.18 
#7 57.18 Confirm changes: [Y/n] warning  libmamba Security Warning: This transaction includes executing package scripts (pre/post-link/unlink) if present. These scripts can contain arbitrary code. Please ensure you trust the package sources.
#7 57.18 
#7 57.18 Transaction starting
#7 70.71 Linking libzlib-1.3.2-h25fd6f3_3
#7 70.72 Linking libgomp-16.2.0-he0feb66_5
#7 70.72 Linking zlib-1.3.2-h25fd6f3_3
#7 70.72 Linking zstd-1.5.7-hb78ec9c_7
#7 70.72 Linking _openmp_mutex-4.5-20_gnu
#7 70.72 Linking ld_impl_linux-64-2.46.1-default_hbd61a6d_102
#7 70.73 Linking libgcc-16.2.0-ha9f2e26_5
#7 70.73 Linking yaml-0.2.5-hebe6cf0_3
#7 70.73 Linking xorg-libxdmcp-1.1.5-h7cc23a3_2
#7 70.74 Linking xorg-libxau-1.0.12-h7cc23a3_2
#7 70.74 Linking xorg-libice-1.1.2-h280c20c_0
#7 70.74 Linking libwebp-base-1.6.0-hd42ef1d_1
#7 70.74 Linking aws-c-common-0.14.3-hb03c661_0
#7 70.74 Linking pthread-stubs-0.4-h7cc23a3_1004
#7 70.74 Linking libiconv-1.18-h0cb94f2_3
#7 70.75 Linking unzip-6.0-hb03c661_4
#7 70.76 Linking gzip-1.14-hb9d3cd8_0
#7 70.76 Linking libpng-1.6.58-h922cc85_1
#7 70.76 Linking libjpeg-turbo-3.2.0-hb03c661_1
#7 70.76 Linking giflib-6.1.3-hebe6cf0_2
#7 70.76 Linking alsa-lib-1.2.16.1-h7cc23a3_1
#7 70.77 Linking libev-4.33-h280c20c_3
#7 70.77 Linking c-ares-1.34.8-hebe6cf0_2
#7 70.80 Linking keyutils-1.6.3-h7cc23a3_1
#7 70.80 Linking libgfortran5-16.2.0-h6b99dfc_5
#7 70.80 Linking libdeflate-1.25-hd45a770_1
#7 70.81 Linking isa-l-2.32.1-hb03c661_0
#7 70.81 Linking libuv-1.52.1-h280c20c_1
#7 70.81 Linking libgcc-ng-16.2.0-h69a702a_5
#7 70.81 Linking tk-8.6.13-noxft_h1df4ec4_4
#7 70.91 Linking ncurses-6.6-hdb14827_1
#7 72.07 Linking libxcrypt-4.4.38-h280c20c_0
#7 72.07 Linking libuuid-2.42.3-hcfc3c73_0
#7 72.08 Linking libnsl-2.0.1-hb9d3cd8_1
#7 72.08 Linking liblzma-5.8.3-hb03c661_1
#7 72.08 Linking libffi-3.7.0-h81df57d_1
#7 72.08 Linking libexpat-2.8.1-hecca717_1
#7 72.08 Linking bzip2-1.0.8-hda65f42_10
#7 72.09 Linking libstdcxx-16.2.0-h934c35e_5
#7 72.09 Linking pigz-2.8-h421ea60_2
#7 72.09 Linking aws-checksums-0.2.10-h01ee8f8_5
#7 72.09 Linking aws-c-compression-0.3.2-h01ee8f8_5
#7 72.09 Linking aws-c-sdkutils-0.2.7-h01ee8f8_3
#7 72.09 Linking libxcb-1.17.0-hb83e432_2
#7 72.10 Linking tar-1.35-h3b78370_0
#7 72.10 Linking libgettextpo-0.25.1-h3f43e3d_1
#7 72.10 Linking libfreetype6-2.14.3-h5e6c136_2
#7 72.10 Linking libgfortran-16.2.0-h69a702a_5
#7 72.10 Linking libedit-3.1.20250104-pl5321h373387f_1
#7 72.11 Linking readline-8.3-hd6e31c0_1
#7 72.11 Linking perl-5.32.1-9_h7cc23a3_perl5
#7 72.25 Linking xorg-libsm-1.2.6-h0d788c3_1
#7 72.25 Linking xz-tools-5.8.3-hb03c661_1
#7 72.26 Linking xz-gpl-tools-5.8.3-ha02ee65_1
#7 72.26 Linking liblzma-devel-5.8.3-hb03c661_1
#7 72.28 Linking pcre2-10.47-h8b3dc9c_1
#7 72.29 Linking graphite2-1.3.15-h54a6638_1
#7 72.29 Linking icu-78.3-py310h44b86e0_2
#7 72.34 Linking pixman-0.46.4-h54a6638_3
#7 72.34 Linking lerc-4.2.0-hdb68285_0
#7 72.34 Linking libaec-1.1.5-h088129d_0
#7 72.34 Linking libasprintf-0.25.1-h3f43e3d_1
#7 72.34 Linking gmp-6.3.0-hfd2156b_3
#7 72.34 Linking libhwy-1.3.0-h4c17acf_1
#7 72.34 Linking sleef-3.9.0-ha0421bc_0
#7 72.35 Linking libstdcxx-ng-16.2.0-hdf11a46_5
#7 72.35 Linking xorg-libx11-1.8.13-he1eb515_1
#7 72.36 Linking libfreetype-2.14.3-ha770c72_2
#7 72.36 Linking libopenblas-0.3.34-pthreads_hf13c14d_2
#7 72.36 Linking xz-5.8.3-ha02ee65_1
#7 72.36 Linking libglib-2.90.0-h569388d_0
#7 72.39 Linking libxml2-16-2.15.4-hf3af7cc_0
#7 72.39 Linking libsqlite-3.53.4-h13e7031_1
#7 72.39 Linking libpsl-0.23.1-hd9e3e90_1
#7 72.39 Linking libtiff-4.7.2-hcc2c06a_1
#7 72.39 Linking mpfr-4.2.2-ha2cb11d_1
#7 72.39 Linking libabseil-20240116.2-cxx17_he02047a_1
#7 72.45 Linking xorg-libxfixes-6.0.2-h7cc23a3_1
#7 72.45 Linking xorg-libxt-1.3.1-h7cc23a3_1
#7 72.46 Linking xorg-libxrender-0.9.12-hb03c661_1
#7 72.46 Linking xorg-libxext-1.3.7-h7cc23a3_1
#7 72.46 Linking fontconfig-2.18.3-h4db4eae_1
#7 72.46 Linking libblas-3.11.0-11_h4a7cf45_openblas
#7 72.52 Linking libxml2-2.15.4-h7df9aa5_0
#7 72.52 Linking lcms2-2.19.1-h9073bf1_3
#7 72.52 Linking mpc-1.4.0-ha2cb11d_1
#7 72.52 Linking gawk-5.4.1-h0a3468a_0
#7 72.53 Linking libre2-11-2023.09.01-h5a48ba9_2
#7 72.53 Linking libprotobuf-4.25.3-hd5b35b9_1
#7 72.54 Linking xorg-libxrandr-1.5.5-h7cc23a3_1
#7 72.54 Linking xorg-libxi-1.8.3-h7cc23a3_1
#7 72.54 Linking liblapack-3.11.0-11_h47877c9_openblas
#7 72.59 Linking libcblas-3.11.0-11_h0358290_openblas
#7 72.65 Linking re2-2023.09.01-h7f4b329_2
#7 72.65 Linking xorg-libxtst-1.2.5-h7cc23a3_4
#7 72.65 Linking gsl-2.6-he838d99_2
#7 72.71 Linking libtorch-2.3.1-cpu_generic_h970db74_0
#7 73.04 Linking tzdata-2026c-h151e31d_0
#7 73.14 Linking python_abi-3.10-9_cp310
#7 73.14 Linking nomkl-1.0-h5ca1d4c_0
#7 73.14 Linking ca-certificates-2026.7.22-hbd8a1cb_0
#7 73.14 Linking font-ttf-ubuntu-0.83-h77eed37_3
#7 73.14 Linking font-ttf-dejavu-sans-mono-2.37-hab24e00_0
#7 73.14 Linking font-ttf-inconsolata-3.000-h77eed37_0
#7 73.14 Linking font-ttf-source-code-pro-2.038-h77eed37_0
#7 73.14 Linking kernel-headers_linux-64-5.14.0-he073ed8_3
#7 73.18 Linking fonts-conda-forge-1-hc364b38_1
#7 73.19 Linking sysroot_linux-64-2.34-h087de78_3
#7 73.23 Linking fonts-conda-ecosystem-1-0
#7 73.23 Linking miniasm-0.3-h577a1d6_5
#7 73.23 Linking nanoq-0.10.0-hc1c3326_4
#7 73.23 Linking seqtk-1.5-h577a1d6_1
#7 73.23 Linking rasusa-5.1.0-hfa8f182_0
#7 73.23 Linking polypolish-0.7.1-hec9b1f2_0
#7 73.23 warning  libmamba [polypolish-0.7.1-hec9b1f2_0] The following files were already present in the environment:
#7 73.23     - .crates.toml
#7 73.23     - .crates2.json
#7 73.23 Linking raven-assembler-1.8.3-h5ca1c30_3
#7 73.23 Linking bwa-0.7.19-h577a1d6_1
#7 73.23 Linking fastp-1.3.7-h43da1c4_0
#7 73.23 Linking k8-1.2-he8db53b_6
#7 73.23 Linking minimap2-2.31-h118bc1c_0
#7 73.23 Linking samclip-0.4.0-hdfd78af_1
#7 73.23 Linking perl-findbin-1.54-pl5321hdfd78af_0
#7 73.23 Linking perl-file-spec-3.48_01-pl5321hdfd78af_2
#7 73.23 Linking any2fasta-0.8.1-hdfd78af_0
#7 73.23 Linking openssl-3.6.4-h781a0a9_0
#7 73.28 Linking cairo-1.18.4-h3c89d7e_3
#7 73.28 Linking s2n-1.7.6-h7e3ee7f_0
#7 73.28 Linking aws-c-cal-0.9.15-h6bbde05_1
#7 73.28 Linking libgrpc-1.62.2-h15f2491_0
#7 73.30 Linking libssh2-1.11.1-h6154650_1
#7 73.36 Linking libnghttp2-1.68.1-h74cf4be_1
#7 73.37 Linking krb5-1.22.2-hbc21106_2
#7 73.40 Linking python-3.10.21-h267e890_0_cpython
#7 73.52 Linking libharfbuzz-14.4.0-h23af247_1
#7 73.53 Linking aws-c-io-0.27.5-h4f381ba_1
#7 73.53 Linking aria2-1.37.0-h4b33fff_4
#7 73.54 Linking libcups-2.3.3-h7a8fb5f_6
#7 73.54 Linking libcurl-8.22.0-ha042cf0_0
#7 73.55 Linking aws-c-http-0.11.0-hbe094ff_5
#7 73.55 Linking openjdk-25.0.2-h1602c4f_26
#7 73.78 Linking aws-c-auth-0.10.4-h4610da3_2
#7 73.79 Linking aws-c-s3-0.13.1-h7508075_1
#7 73.79 Linking hdf5-2.2.0-nompi_hc529623_100
#7 73.81 Linking packaging-26.3-pyhc364b38_0
#7 73.84 Linking setuptools-84.0.0-pyh332efcf_0
#7 73.90 Linking wheel-0.48.0-pyhd8ed1ab_0
#7 73.90 Linking pip-26.2.1-pyh8b19718_0
#7 73.92 Linking cached_property-2.0.1-pyhcf101f3_0
#7 73.93 Linking hyperframe-6.1.0-pyhd8ed1ab_0
#7 73.93 Linking hpack-4.2.0-pyhd8ed1ab_0
#7 73.93 Linking pysocks-1.7.1-pyha55dd90_7
#7 73.94 Linking progressbar33-2.4-pyhd8ed1ab_1
#7 73.94 Linking six-1.17.0-pyhe01879c_1
#7 73.94 Linking pytz-2026.3.post1-pyhcf101f3_0
#7 73.97 Linking python-tzdata-2026.3-pyhd8ed1ab_0
#7 74.00 Linking pycparser-3.0-pyhcf101f3_0
#7 74.01 Linking sortedcontainers-2.4.0-pyhd8ed1ab_1
#7 74.01 Linking charset-normalizer-3.5.1-pyhd8ed1ab_0
#7 74.01 Linking certifi-2026.7.22-pyhd8ed1ab_0
#7 74.02 Linking idna-3.19-pyhcf101f3_0
#7 74.02 Linking mpmath-1.4.1-pyhd8ed1ab_0
#7 74.03 Linking cpython-3.10.21-py310hd8ed1ab_0
#7 74.03 Linking archspec-0.2.5-pyhd8ed1ab_0
#7 74.06 Linking wurlitzer-3.1.1-pyhd8ed1ab_1
#7 74.06 Linking tqdm-4.70.0-pyh8f84b5b_0
#7 74.07 Linking toml-0.10.2-pyhcf101f3_3
#7 74.08 Linking click-8.4.2-pyhc90fa1f_0
#7 74.08 Linking loguru-0.7.3-pyh707e725_0
#7 74.08 Linking fsspec-2026.7.0-pyhd8ed1ab_0
#7 74.09 Linking typing_extensions-4.16.0-pyhcf101f3_0
#7 74.10 Linking networkx-3.4.2-pyh267e887_2
#7 74.13 Linking filelock-3.32.5-pyhd8ed1ab_0
#7 74.13 Linking cached-property-2.0.1-pyhcf101f3_0
#7 74.13 Linking h2-4.4.1-pyhcf101f3_0
#7 74.15 Linking python-dateutil-2.9.0.post0-pyhe01879c_2
#7 74.15 Linking intervaltree-3.1.0-pyhd8ed1ab_1
#7 74.15 Linking mmseqs2-18.8cc5c-hd6d6fdc_0
#7 74.15 Linking htslib-1.24-ha79157c_0
#7 74.17 Linking pyspoa-0.3.2-py310h5850263_1
#7 74.17 Linking pysam-0.24.1-py310h4a09ff2_0
#7 74.19 Linking python-edlib-1.3.9.post1-py310h1153794_3
#7 74.19 Linking pyabpoa-1.5.7-py310hfe4f656_0
#7 74.19 Linking mappy-2.31-py310hfe4f656_0
#7 74.19 Linking porechop-0.2.4-py310h184ae93_9
#7 74.20 Linking racon-1.5.0-h077b44d_8
#7 74.20 Linking flye-2.9.6-py310h5850263_1
#7 74.20 Linking kmc-3.2.4-h5ca1c30_4
#7 74.20 Linking pyrodigal-3.7.1-py310h7c10099_1
#7 74.21 Linking bcftools-1.24-h118bc1c_2
#7 74.21 Linking samtools-1.24-h9dcdb79_1
#7 74.21 Linking brotli-python-1.2.0-py310h25d4438_3
#7 74.22 Linking backports.zstd-1.7.0-py310hff74037_0
#7 74.22 Linking markupsafe-3.0.3-py310h3406613_1
#7 74.22 Linking gmpy2-2.3.1-py310haf1ad51_0
#7 74.22 Linking grpcio-1.62.2-py310h1b8f574_0
#7 74.23 Linking pyyaml-6.0.3-py310h3406613_1
#7 74.23 Linking numpy-1.26.4-py310hb13e2d6_0
#7 74.29 Linking cffi-2.1.1-py310hd4ea0ea_2
#7 74.29 Linking h5py-3.16.0-nompi_py310h9313953_104
#7 74.30 Linking pandas-2.3.3-py310h0158d43_2
#7 74.43 Linking biopython-1.88-py310h7c4b9e2_0
#7 74.47 Linking pilon-1.24-hdfd78af_0
#7 74.47 Linking assembly-scan-1.0.0-pyhdfd78af_0
#7 74.47 Linking ont-fast5-api-4.1.3-pyhdfd78af_0
#7 74.47 Linking dnaapler-1.4.0-pyhdfd78af_0
#7 74.48 Linking urllib3-2.7.0-pyhd8ed1ab_0
#7 74.49 Linking jinja2-3.1.6-pyhcf101f3_1
#7 74.50 Linking sympy-1.14.0-pyh2585a3b_106
#7 74.59 Linking requests-2.34.2-pyhcf101f3_0
#7 74.60 Linking parasail-python-1.3.4-py310hfc0ef84_6
#7 74.61 Linking pytorch-2.3.1-cpu_generic_py310ha4c588e_0
#7 75.17 Linking medaka-2.1.1-py310h5713b5a_1
#7 75.18 Linking dragonflye-1.2.1-hdfd78af_0
#7 75.21 
#7 75.21 Transaction finished
#7 75.21 
#7 75.21 
#7 75.21 To activate this environment, use:
#7 75.21 
#7 75.21     mamba activate dragonflye
#7 75.21 
#7 75.21 Or to execute a single command in this environment, use:
#7 75.21 
#7 75.21     mamba run -n dragonflye mycommand
#7 75.21 
#7 76.10 There are no unused tarball(s) to remove.
#7 76.10 Will remove 1 index cache(s).
#7 76.10 There are no unused package(s) to remove.
#7 76.10 There are no tempfile(s) to remove.
#7 76.10 There are no logfile(s) to remove.
#7 DONE 84.9s

#8 exporting to image
#8 exporting layers
#8 exporting layers 35.1s done
#8 writing image sha256:f3580e90d755af5829f31e40b71113dc29e0a4c59cfc188f0c9c5a27961f1d27 0.0s done
#8 naming to ghcr.io/bdrd-genomics/allinone-dragonflye:1.0.0 0.0s done
#8 naming to ghcr.io/bdrd-genomics/allinone-dragonflye:latest 0.0s done
#8 DONE 35.3s
SUCCESS: ghcr.io/bdrd-genomics/allinone-dragonflye

==================================================
Building: ghcr.io/bdrd-genomics/allinone-fastp_long:1.0.0
Dockerfile: Dockerfile.fastp_long
==================================================
#0 building with "default" instance using docker driver

#1 [internal] load build definition from Dockerfile.fastp_long
#1 transferring dockerfile: 1.04kB done
#1 DONE 0.1s

#2 [internal] load metadata for ghcr.io/bdrd-genomics/allinone-conda-base:1.0.1
#2 DONE 0.0s

#3 [internal] load .dockerignore
#3 transferring context: 2B done
#3 DONE 0.0s

#4 [1/5] FROM ghcr.io/bdrd-genomics/allinone-conda-base:1.0.1
#4 CACHED

#5 [internal] load build context
#5 transferring context: 2B done
#5 DONE 0.1s

#6 [2/5] COPY environment.yml /tmp/environment.yml
#6 ERROR: failed to calculate checksum of ref f9230d27-738a-4571-adac-aa37bc44adee::kp56lnonyvgpckwnj7hban2b5: "/environment.yml": not found
------
 > [2/5] COPY environment.yml /tmp/environment.yml:
------
Dockerfile.fastp_long:9
--------------------
   7 |     # Avoid dnf package conflicts from curl-minimal/coreutils-single in Alma/RHEL-based images.
   8 |     # fastp and fastplong are installed entirely through conda.
   9 | >>> COPY environment.yml /tmp/environment.yml
  10 |     
  11 |     RUN conda config --system --set channel_priority flexible && \
--------------------
ERROR: failed to build: failed to solve: failed to compute cache key: failed to calculate checksum of ref f9230d27-738a-4571-adac-aa37bc44adee::kp56lnonyvgpckwnj7hban2b5: "/environment.yml": not found
FAILED: ghcr.io/bdrd-genomics/allinone-fastp_long

==================================================
Building: ghcr.io/bdrd-genomics/allinone-fastqc:1.0.0
Dockerfile: Dockerfile.fastqc
==================================================
#0 building with "default" instance using docker driver

#1 [internal] load build definition from Dockerfile.fastqc
#1 transferring dockerfile: 672B done
#1 DONE 0.0s

#2 [internal] load metadata for ghcr.io/bdrd-genomics/allinone-conda-base:1.0.1
#2 DONE 0.0s

#3 [internal] load .dockerignore
#3 transferring context: 2B done
#3 DONE 0.0s

#4 [1/4] FROM ghcr.io/bdrd-genomics/allinone-conda-base:1.0.1
#4 CACHED

#5 [2/4] RUN dnf install -y         procps-ng         findutils         which         gzip         tar         bzip2         xz         ca-certificates         fontconfig     && dnf clean all     && rm -rf /var/cache/dnf
#5 2.197 AlmaLinux 9 - AppStream                          16 MB/s |  26 MB     00:01    
#5 7.207 AlmaLinux 9 - BaseOS                             23 MB/s |  37 MB     00:01    
#5 10.84 AlmaLinux 9 - Extras                             23 kB/s |  22 kB     00:00    
#5 11.60 Package findutils-1:4.8.0-7.el9.x86_64 is already installed.
#5 11.60 Package which-2.21-30.el9_6.x86_64 is already installed.
#5 11.60 Package gzip-1.12-2.el9_8.x86_64 is already installed.
#5 11.60 Package tar-2:1.34-13.el9_8.x86_64 is already installed.
#5 11.60 Package bzip2-1.0.8-11.el9.x86_64 is already installed.
#5 11.60 Package xz-5.2.5-8.el9_0.x86_64 is already installed.
#5 11.60 Package ca-certificates-2025.2.80_v9.0.305-91.el9.noarch is already installed.
#5 11.62 Dependencies resolved.
#5 11.62 ================================================================================
#5 11.62  Package                   Arch      Version                 Repository    Size
#5 11.62 ================================================================================
#5 11.62 Installing:
#5 11.62  fontconfig                x86_64    2.14.0-2.el9_1          appstream    274 k
#5 11.62  procps-ng                 x86_64    3.3.17-14.el9           baseos       332 k
#5 11.62 Installing dependencies:
#5 11.62  dejavu-sans-fonts         noarch    2.37-18.el9             baseos       1.3 M
#5 11.62  fonts-filesystem          noarch    1:2.0.5-7.el9.1         baseos       9.0 k
#5 11.62  freetype                  x86_64    2.10.4-10.el9_5         baseos       385 k
#5 11.62  graphite2                 x86_64    1.3.14-9.el9            baseos        94 k
#5 11.62  harfbuzz                  x86_64    2.7.4-10.el9            baseos       623 k
#5 11.62  langpacks-core-font-en    noarch    3.0-16.el9              appstream    9.4 k
#5 11.62  libbrotli                 x86_64    1.0.9-9.el9_7           baseos       311 k
#5 11.62  libpng                    x86_64    2:1.6.37-15.el9_8.2     baseos       116 k
#5 11.62  xml-common                noarch    0.6.3-58.el9            appstream     31 k
#5 11.62 
#5 11.62 Transaction Summary
#5 11.62 ================================================================================
#5 11.62 Install  11 Packages
#5 11.62 
#5 11.62 Total download size: 3.4 M
#5 11.62 Installed size: 11 M
#5 11.62 Downloading Packages:
#5 12.50 (1/11): langpacks-core-font-en-3.0-16.el9.noarc  27 kB/s | 9.4 kB     00:00    
#5 12.55 (2/11): xml-common-0.6.3-58.el9.noarch.rpm       78 kB/s |  31 kB     00:00    
#5 12.65 (3/11): fonts-filesystem-2.0.5-7.el9.1.noarch.r  93 kB/s | 9.0 kB     00:00    
#5 12.66 (4/11): fontconfig-2.14.0-2.el9_1.x86_64.rpm    540 kB/s | 274 kB     00:00    
#5 12.78 (5/11): dejavu-sans-fonts-2.37-18.el9.noarch.rp 4.6 MB/s | 1.3 MB     00:00    
#5 12.80 (6/11): freetype-2.10.4-10.el9_5.x86_64.rpm     2.6 MB/s | 385 kB     00:00    
#5 12.85 (7/11): graphite2-1.3.14-9.el9.x86_64.rpm       509 kB/s |  94 kB     00:00    
#5 12.91 (8/11): libbrotli-1.0.9-9.el9_7.x86_64.rpm      2.8 MB/s | 311 kB     00:00    
#5 12.93 (9/11): harfbuzz-2.7.4-10.el9.x86_64.rpm        4.2 MB/s | 623 kB     00:00    
#5 12.98 (10/11): libpng-1.6.37-15.el9_8.2.x86_64.rpm    890 kB/s | 116 kB     00:00    
#5 13.01 (11/11): procps-ng-3.3.17-14.el9.x86_64.rpm     3.2 MB/s | 332 kB     00:00    
#5 13.01 --------------------------------------------------------------------------------
#5 13.01 Total                                           2.5 MB/s | 3.4 MB     00:01     
#5 13.22 Running transaction check
#5 13.24 Transaction check succeeded.
#5 13.24 Running transaction test
#5 13.28 Transaction test succeeded.
#5 13.28 Running transaction
#5 13.68   Preparing        :                                                        1/1 
#5 13.71   Installing       : fonts-filesystem-1:2.0.5-7.el9.1.noarch               1/11 
#5 13.76   Installing       : dejavu-sans-fonts-2.37-18.el9.noarch                  2/11 
#5 13.77   Installing       : langpacks-core-font-en-3.0-16.el9.noarch              3/11 
#5 13.78   Installing       : libpng-2:1.6.37-15.el9_8.2.x86_64                     4/11 
#5 13.80   Installing       : libbrotli-1.0.9-9.el9_7.x86_64                        5/11 
#5 13.81   Installing       : graphite2-1.3.14-9.el9.x86_64                         6/11 
#5 13.84   Installing       : harfbuzz-2.7.4-10.el9.x86_64                          7/11 
#5 13.85   Installing       : freetype-2.10.4-10.el9_5.x86_64                       8/11 
#5 13.86   Running scriptlet: xml-common-0.6.3-58.el9.noarch                        9/11 
#5 13.88   Installing       : xml-common-0.6.3-58.el9.noarch                        9/11 
#5 13.90   Installing       : fontconfig-2.14.0-2.el9_1.x86_64                     10/11 
#5 13.92   Running scriptlet: fontconfig-2.14.0-2.el9_1.x86_64                     10/11 
#5 14.97   Installing       : procps-ng-3.3.17-14.el9.x86_64                       11/11 
#5 14.98   Running scriptlet: fontconfig-2.14.0-2.el9_1.x86_64                     11/11 
#5 15.01   Running scriptlet: procps-ng-3.3.17-14.el9.x86_64                       11/11 
#5 15.14   Verifying        : fontconfig-2.14.0-2.el9_1.x86_64                      1/11 
#5 15.14   Verifying        : langpacks-core-font-en-3.0-16.el9.noarch              2/11 
#5 15.14   Verifying        : xml-common-0.6.3-58.el9.noarch                        3/11 
#5 15.14   Verifying        : dejavu-sans-fonts-2.37-18.el9.noarch                  4/11 
#5 15.14   Verifying        : fonts-filesystem-1:2.0.5-7.el9.1.noarch               5/11 
#5 15.14   Verifying        : freetype-2.10.4-10.el9_5.x86_64                       6/11 
#5 15.14   Verifying        : graphite2-1.3.14-9.el9.x86_64                         7/11 
#5 15.14   Verifying        : harfbuzz-2.7.4-10.el9.x86_64                          8/11 
#5 15.14   Verifying        : libbrotli-1.0.9-9.el9_7.x86_64                        9/11 
#5 15.14   Verifying        : libpng-2:1.6.37-15.el9_8.2.x86_64                    10/11 
#5 15.14   Verifying        : procps-ng-3.3.17-14.el9.x86_64                       11/11 
#5 15.38 
#5 15.38 Installed:
#5 15.38   dejavu-sans-fonts-2.37-18.el9.noarch       fontconfig-2.14.0-2.el9_1.x86_64  
#5 15.38   fonts-filesystem-1:2.0.5-7.el9.1.noarch    freetype-2.10.4-10.el9_5.x86_64   
#5 15.38   graphite2-1.3.14-9.el9.x86_64              harfbuzz-2.7.4-10.el9.x86_64      
#5 15.38   langpacks-core-font-en-3.0-16.el9.noarch   libbrotli-1.0.9-9.el9_7.x86_64    
#5 15.38   libpng-2:1.6.37-15.el9_8.2.x86_64          procps-ng-3.3.17-14.el9.x86_64    
#5 15.38   xml-common-0.6.3-58.el9.noarch            
#5 15.38 
#5 15.38 Complete!
#5 15.61 26 files removed
#5 DONE 15.7s

#6 [3/4] RUN mamba create -y -n fastqc         -c conda-forge         -c bioconda         fastqc     && mamba clean -a -y
#6 0.624 Fetch Shard Index for conda-forge/linux-64                                                      ⧖ Starting
#6 0.801 Fetch Shard Index for conda-forge/linux-64                                                ✔ Done (0.2 sec)
#6 0.801 Fetch Shard Index for conda-forge/noarch                                                        ⧖ Starting
#6 0.998 Fetch Shard Index for conda-forge/noarch                                                  ✔ Done (0.2 sec)
#6 0.998 Fetching and Parsing Packages' Shards                                                           ⧖ Starting
#6 0.998 Fetching and Parsing Packages' Shards                                                     ✔ Done (0.0 sec)
#6 1.695 Using Flat Repodata for conda-forge/linux-64                                                    ✔ Starting
#6 7.845 Using Flat Repodata for conda-forge/linux-64                                              ✔ Done (6.2 sec)
#6 7.851 Using Cached Shard Index for conda-forge/noarch                                                     ✔ Done
#6 7.854 Using Cached Shard Index for conda-forge/linux-64                                                   ✔ Done
#6 7.854 Fetching and Parsing Packages' Shards                                                           ⧖ Starting
#6 7.854 Fetching and Parsing Packages' Shards                                                     ✔ Done (0.0 sec)
#6 8.292 Using Flat Repodata for conda-forge/noarch                                                      ✔ Starting
#6 10.85 Using Flat Repodata for conda-forge/noarch                                                ✔ Done (2.6 sec)
#6 10.85 Fetch Shard Index for bioconda/linux-64                                                         ⧖ Starting
#6 11.00 Fetch Shard Index for bioconda/linux-64                                                   ✔ Done (0.2 sec)
#6 11.00 Fetch Shard Index for bioconda/noarch                                                           ⧖ Starting
#6 11.17 Fetch Shard Index for bioconda/noarch                                                     ✔ Done (0.2 sec)
#6 11.17 Fetching and Parsing Packages' Shards                                                           ⧖ Starting
#6 11.60 Fetching and Parsing Packages' Shards                                                     ✔ Done (0.4 sec)
#6 11.61 Using Cached Shard Index for conda-forge/linux-64                                                   ✔ Done
#6 11.62 Using Cached Shard Index for conda-forge/noarch                                                     ✔ Done
#6 11.62 Fetching and Parsing Packages' Shards                                                           ⧖ Starting
#6 14.65 Fetching and Parsing Packages' Shards                                                     ✔ Done (3.0 sec)
#6 14.75 Using Cached Shard Index for bioconda/linux-64                                                      ✔ Done
#6 14.75 Using Cached Shard Index for bioconda/noarch                                                        ✔ Done
#6 14.75 Fetching and Parsing Packages' Shards                                                           ⧖ Starting
#6 14.87 Fetching and Parsing Packages' Shards                                                     ✔ Done (0.1 sec)
#6 14.87 Parsing Packages' Records                                                                ✔ Done (13.2 sec)
#6 14.89 
#6 14.89 Resolving Environment                                                                           ⧖ Starting
#6 15.45 Resolving Environment                                                                     ✔ Done (0.6 sec)
#6 15.49 
#6 15.49 Transaction
#6 15.49 
#6 15.49   Prefix: /opt/conda/envs/fastqc
#6 15.49 
#6 15.49   Updating specs:
#6 15.49 
#6 15.49    - fastqc
#6 15.49 
#6 15.49 
#6 15.54   Package                           Version  Build             Channel           Size
#6 15.54 ───────────────────────────────────────────────────────────────────────────────────────
#6 15.54   Install:
#6 15.54 ───────────────────────────────────────────────────────────────────────────────────────
#6 15.54 
#6 15.54   + _openmp_mutex                       4.5  20_gnu            conda-forge       29kB
#6 15.54   + alsa-lib                       1.2.16.1  h7cc23a3_1        conda-forge      595kB
#6 15.54   + bzip2                             1.0.8  hda65f42_10       conda-forge     Cached
#6 15.54   + ca-certificates               2026.7.22  hbd8a1cb_0        conda-forge     Cached
#6 15.54   + cairo                            1.18.4  h3c89d7e_3        conda-forge      991kB
#6 15.54   + fastqc                           0.12.1  hdfd78af_0        bioconda          12MB
#6 15.54   + font-ttf-dejavu-sans-mono          2.37  hab24e00_0        conda-forge      397kB
#6 15.54   + font-ttf-inconsolata              3.000  h77eed37_0        conda-forge       97kB
#6 15.54   + font-ttf-source-code-pro          2.038  h77eed37_0        conda-forge      701kB
#6 15.54   + font-ttf-ubuntu                    0.83  h77eed37_3        conda-forge        2MB
#6 15.54   + fontconfig                       2.18.3  h4db4eae_1        conda-forge      296kB
#6 15.54   + fonts-conda-ecosystem                 1  0                 conda-forge        4kB
#6 15.54   + fonts-conda-forge                     1  hc364b38_1        conda-forge        4kB
#6 15.54   + giflib                            6.1.3  hebe6cf0_2        conda-forge       86kB
#6 15.54   + graphite2                        1.3.15  h54a6638_1        conda-forge      103kB
#6 15.54   + icu                                78.3  py310h44b86e0_2   conda-forge     Cached
#6 15.54   + keyutils                          1.6.3  h7cc23a3_1        conda-forge     Cached
#6 15.54   + krb5                             1.22.2  hbc21106_2        conda-forge     Cached
#6 15.54   + lcms2                            2.19.1  h9073bf1_3        conda-forge      254kB
#6 15.54   + lerc                              4.2.0  hdb68285_0        conda-forge      271kB
#6 15.54   + libcups                           2.3.3  h7a8fb5f_6        conda-forge        5MB
#6 15.54   + libdeflate                         1.25  hd45a770_1        conda-forge       74kB
#6 15.54   + libedit                    3.1.20250104  pl5321h373387f_1  conda-forge     Cached
#6 15.54   + libexpat                          2.8.1  hecca717_1        conda-forge     Cached
#6 15.54   + libffi                            3.7.0  h81df57d_1        conda-forge     Cached
#6 15.54   + libfreetype                      2.14.3  ha770c72_2        conda-forge        8kB
#6 15.54   + libfreetype6                     2.14.3  h5e6c136_2        conda-forge      388kB
#6 15.54   + libgcc                           16.2.0  ha9f2e26_5        conda-forge        1MB
#6 15.54   + libglib                          2.90.0  h569388d_0        conda-forge        5MB
#6 15.54   + libgomp                          16.2.0  he0feb66_5        conda-forge      642kB
#6 15.54   + libharfbuzz                      14.4.0  h23af247_1        conda-forge        1MB
#6 15.54   + libiconv                           1.18  h0cb94f2_3        conda-forge     Cached
#6 15.54   + libjpeg-turbo                     3.2.0  hb03c661_1        conda-forge      650kB
#6 15.54   + liblzma                           5.8.3  hb03c661_1        conda-forge     Cached
#6 15.54   + libpng                           1.6.58  h922cc85_1        conda-forge      317kB
#6 15.54   + libstdcxx                        16.2.0  h934c35e_5        conda-forge        7MB
#6 15.54   + libtiff                           4.7.2  hcc2c06a_1        conda-forge      460kB
#6 15.54   + libuuid                          2.42.3  hcfc3c73_0        conda-forge     Cached
#6 15.54   + libwebp-base                      1.6.0  hd42ef1d_1        conda-forge      428kB
#6 15.54   + libxcb                           1.17.0  hb83e432_2        conda-forge      395kB
#6 15.54   + libxcrypt                        4.4.38  h280c20c_0        conda-forge      102kB
#6 15.54   + libzlib                           1.3.2  h25fd6f3_3        conda-forge     Cached
#6 15.54   + ncurses                             6.6  hdb14827_1        conda-forge     Cached
#6 15.54   + openjdk                          25.0.2  h1602c4f_26       conda-forge      123MB
#6 15.54   + openssl                           3.6.4  h781a0a9_0        conda-forge     Cached
#6 15.54   + pcre2                             10.47  h8b3dc9c_1        conda-forge        1MB
#6 15.54   + perl                             5.32.1  9_h7cc23a3_perl5  conda-forge       13MB
#6 15.54   + pixman                           0.46.4  h54a6638_3        conda-forge      377kB
#6 15.54   + pthread-stubs                       0.4  h7cc23a3_1004     conda-forge       10kB
#6 15.54   + xorg-libice                       1.1.2  h280c20c_0        conda-forge       63kB
#6 15.54   + xorg-libsm                        1.2.6  h0d788c3_1        conda-forge       31kB
#6 15.54   + xorg-libx11                      1.8.13  he1eb515_1        conda-forge      840kB
#6 15.54   + xorg-libxau                      1.0.12  h7cc23a3_2        conda-forge       19kB
#6 15.54   + xorg-libxdmcp                     1.1.5  h7cc23a3_2        conda-forge       23kB
#6 15.54   + xorg-libxext                      1.3.7  h7cc23a3_1        conda-forge       53kB
#6 15.54   + xorg-libxfixes                    6.0.2  h7cc23a3_1        conda-forge       21kB
#6 15.54   + xorg-libxi                        1.8.3  h7cc23a3_1        conda-forge       49kB
#6 15.54   + xorg-libxrandr                    1.5.5  h7cc23a3_1        conda-forge       31kB
#6 15.54   + xorg-libxrender                  0.9.12  hb03c661_1        conda-forge       35kB
#6 15.54   + xorg-libxt                        1.3.1  h7cc23a3_1        conda-forge      384kB
#6 15.54   + xorg-libxtst                      1.2.5  h7cc23a3_4        conda-forge       35kB
#6 15.54   + zstd                              1.5.7  hb78ec9c_7        conda-forge     Cached
#6 15.54 
#6 15.54   Summary:
#6 15.54 
#6 15.54   Install: 62 packages
#6 15.54 
#6 15.54   Total download: 178MB
#6 15.54 
#6 15.54 ───────────────────────────────────────────────────────────────────────────────────────
#6 15.54 
#6 15.54 
#6 15.54 warning  libmamba Security Warning: This transaction includes executing package scripts (pre/post-link/unlink) if present. These scripts can contain arbitrary code. Please ensure you trust the package sources.
#6 15.54 
#6 15.54 Transaction starting
#6 17.98 Linking font-ttf-dejavu-sans-mono-2.37-hab24e00_0
#6 17.98 Linking font-ttf-ubuntu-0.83-h77eed37_3
#6 17.98 Linking font-ttf-inconsolata-3.000-h77eed37_0
#6 17.98 Linking font-ttf-source-code-pro-2.038-h77eed37_0
#6 17.98 Linking ca-certificates-2026.7.22-hbd8a1cb_0
#6 17.98 Linking fonts-conda-forge-1-hc364b38_1
#6 17.98 Linking fonts-conda-ecosystem-1-0
#6 17.98 Linking libzlib-1.3.2-h25fd6f3_3
#6 17.98 Linking libgomp-16.2.0-he0feb66_5
#6 17.98 Linking zstd-1.5.7-hb78ec9c_7
#6 17.99 Linking _openmp_mutex-4.5-20_gnu
#6 17.99 Linking libgcc-16.2.0-ha9f2e26_5
#6 17.99 Linking xorg-libxdmcp-1.1.5-h7cc23a3_2
#6 17.99 Linking xorg-libxau-1.0.12-h7cc23a3_2
#6 17.99 Linking xorg-libice-1.1.2-h280c20c_0
#6 17.99 Linking bzip2-1.0.8-hda65f42_10
#6 18.00 Linking ncurses-6.6-hdb14827_1
#6 19.18 Linking libiconv-1.18-h0cb94f2_3
#6 19.20 Linking libffi-3.7.0-h81df57d_1
#6 19.20 Linking openssl-3.6.4-h781a0a9_0
#6 19.23 Linking keyutils-1.6.3-h7cc23a3_1
#6 19.24 Linking libwebp-base-1.6.0-hd42ef1d_1
#6 19.24 Linking liblzma-5.8.3-hb03c661_1
#6 19.25 Linking libdeflate-1.25-hd45a770_1
#6 19.25 Linking pthread-stubs-0.4-h7cc23a3_1004
#6 19.25 Linking libstdcxx-16.2.0-h934c35e_5
#6 19.25 Linking libpng-1.6.58-h922cc85_1
#6 19.25 Linking libjpeg-turbo-3.2.0-hb03c661_1
#6 19.25 Linking giflib-6.1.3-hebe6cf0_2
#6 19.25 Linking alsa-lib-1.2.16.1-h7cc23a3_1
#6 19.26 Linking libxcrypt-4.4.38-h280c20c_0
#6 19.26 Linking libuuid-2.42.3-hcfc3c73_0
#6 19.26 Linking libexpat-2.8.1-hecca717_1
#6 19.26 Linking pcre2-10.47-h8b3dc9c_1
#6 19.27 Linking libedit-3.1.20250104-pl5321h373387f_1
#6 19.28 Linking libxcb-1.17.0-hb83e432_2
#6 19.29 Linking graphite2-1.3.15-h54a6638_1
#6 19.29 Linking icu-78.3-py310h44b86e0_2
#6 19.33 Linking pixman-0.46.4-h54a6638_3
#6 19.33 Linking lerc-4.2.0-hdb68285_0
#6 19.33 Linking libfreetype6-2.14.3-h5e6c136_2
#6 19.33 Linking perl-5.32.1-9_h7cc23a3_perl5
#6 19.47 Linking xorg-libsm-1.2.6-h0d788c3_1
#6 19.47 Linking libglib-2.90.0-h569388d_0
#6 19.50 Linking krb5-1.22.2-hbc21106_2
#6 19.52 Linking xorg-libx11-1.8.13-he1eb515_1
#6 19.54 Linking libtiff-4.7.2-hcc2c06a_1
#6 19.54 Linking libfreetype-2.14.3-ha770c72_2
#6 19.54 Linking libcups-2.3.3-h7a8fb5f_6
#6 19.54 Linking xorg-libxfixes-6.0.2-h7cc23a3_1
#6 19.54 Linking xorg-libxt-1.3.1-h7cc23a3_1
#6 19.55 Linking xorg-libxrender-0.9.12-hb03c661_1
#6 19.55 Linking xorg-libxext-1.3.7-h7cc23a3_1
#6 19.55 Linking lcms2-2.19.1-h9073bf1_3
#6 19.55 Linking fontconfig-2.18.3-h4db4eae_1
#6 19.56 Linking xorg-libxrandr-1.5.5-h7cc23a3_1
#6 19.56 Linking xorg-libxi-1.8.3-h7cc23a3_1
#6 19.56 Linking cairo-1.18.4-h3c89d7e_3
#6 19.56 Linking xorg-libxtst-1.2.5-h7cc23a3_4
#6 19.56 Linking libharfbuzz-14.4.0-h23af247_1
#6 19.56 Linking openjdk-25.0.2-h1602c4f_26
#6 19.80 Linking fastqc-0.12.1-hdfd78af_0
#6 19.81 
#6 19.81 Transaction finished
#6 19.81 
#6 19.81 
#6 19.81 To activate this environment, use:
#6 19.81 
#6 19.81     mamba activate fastqc
#6 19.81 
#6 19.81 Or to execute a single command in this environment, use:
#6 19.81 
#6 19.81     mamba run -n fastqc mycommand
#6 19.81 
#6 19.85 Collect information..
#6 19.85 Cleaning index cache..
#6 19.98 Cleaning lock files..
#6 20.06   Package file                                          Size
#6 20.06 ──────────────────────────────────────────────────────────────
#6 20.06   /opt/conda/pkgs
#6 20.06 ──────────────────────────────────────────────────────────────
#6 20.06 
#6 20.06   _openmp_mutex-4.5-20_gnu.conda                        29kB
#6 20.06   a.tar.bz2                                            123 B
#6 20.06   alsa-lib-1.2.16.1-h7cc23a3_1.conda                   595kB
#6 20.06   another_bad_package.conda                              0 B
#6 20.06   b.tar.bz2                                            125 B
#6 20.06   bad_package.tar.bz2                                   16 B
#6 20.06   cairo-1.18.4-h3c89d7e_3.conda                        991kB
#6 20.06   conda-forge-repodata-patches-20180828-0.tar.bz2       33kB
#6 20.06   conda-index-pkg-a-1.0-py27h5e241af_0.conda             9kB
#6 20.06   conda-index-pkg-a-1.0-py27h5e241af_0.tar.bz2           9kB
#6 20.06   conda-index-pkg-a-1.0-pyhed9eced_1.tar.bz2             8kB
#6 20.06   cph_test_data-0.0.1-0.tar.bz2                          3kB
#6 20.06   dummy-package-1.0-0.tar.bz2                            3kB
#6 20.06   dummy-package-2.0-0.tar.bz2                            3kB
#6 20.06   fastqc-0.12.1-hdfd78af_0.tar.bz2                      12MB
#6 20.06   flask-0.11.1-py_0.tar.bz2                              5kB
#6 20.06   fly-2.5.2-0.tar.bz2                                    6kB
#6 20.06   font-ttf-dejavu-sans-mono-2.37-hab24e00_0.tar.bz2    397kB
#6 20.06   font-ttf-inconsolata-3.000-h77eed37_0.tar.bz2         97kB
#6 20.06   font-ttf-source-code-pro-2.038-h77eed37_0.tar.bz2    701kB
#6 20.06   font-ttf-ubuntu-0.83-h77eed37_3.conda                  2MB
#6 20.06   fontconfig-2.18.3-h4db4eae_1.conda                   296kB
#6 20.06   fonts-conda-ecosystem-1-0.tar.bz2                      4kB
#6 20.06   fonts-conda-forge-1-hc364b38_1.conda                   4kB
#6 20.06   giflib-6.1.3-hebe6cf0_2.conda                         86kB
#6 20.06   graphite2-1.3.15-h54a6638_1.conda                    103kB
#6 20.06   hotfix_depends_test-1.0-dummy_0.conda                  3kB
#6 20.06   hotfix_depends_test-1.0-dummy_0.tar.bz2                2kB
#6 20.06   lcms2-2.19.1-h9073bf1_3.conda                        254kB
#6 20.06   lerc-4.2.0-hdb68285_0.conda                          271kB
#6 20.06   libcups-2.3.3-h7a8fb5f_6.conda                         5MB
#6 20.06   libdeflate-1.25-hd45a770_1.conda                      74kB
#6 20.06   libfreetype-2.14.3-ha770c72_2.conda                    8kB
#6 20.06   libfreetype6-2.14.3-h5e6c136_2.conda                 388kB
#6 20.06   libgcc-16.2.0-ha9f2e26_5.conda                         1MB
#6 20.06   libglib-2.90.0-h569388d_0.conda                        5MB
#6 20.06   libgomp-16.2.0-he0feb66_5.conda                      642kB
#6 20.06   libharfbuzz-14.4.0-h23af247_1.conda                    1MB
#6 20.06   libjpeg-turbo-3.2.0-hb03c661_1.conda                 650kB
#6 20.06   libpng-1.6.58-h922cc85_1.conda                       317kB
#6 20.06   libstdcxx-16.2.0-h934c35e_5.conda                      7MB
#6 20.06   libtiff-4.7.2-hcc2c06a_1.conda                       460kB
#6 20.06   libwebp-base-1.6.0-hd42ef1d_1.conda                  428kB
#6 20.06   libxcb-1.17.0-hb83e432_2.conda                       395kB
#6 20.06   libxcrypt-4.4.38-h280c20c_0.conda                    102kB
#6 20.06   mock-2.0.0-py37_1000.conda                           113kB
#6 20.06   mock-2.0.0-py37_1000.tar.bz2                         107kB
#6 20.06   nano-2.4.1-0.tar.bz2                                 790 B
#6 20.06   openjdk-25.0.2-h1602c4f_26.conda                     123MB
#6 20.06   pcre2-10.47-h8b3dc9c_1.conda                           1MB
#6 20.06   perl-5.32.1-9_h7cc23a3_perl5.conda                    13MB
#6 20.06   pixman-0.46.4-h54a6638_3.conda                       377kB
#6 20.06   pthread-stubs-0.4-h7cc23a3_1004.conda                 10kB
#6 20.06   remove_test-1.0-0.conda                                3kB
#6 20.06   remove_test-1.0-0.tar.bz2                              2kB
#6 20.06   revoke_test-1.0-0.conda                                3kB
#6 20.06   revoke_test-1.0-0.tar.bz2                              2kB
#6 20.06   run_exports_versions-1.0-he35c369_0.tar.bz2            3kB
#6 20.06   run_exports_versions-2.0-h39de5ba_0.tar.bz2            3kB
#6 20.06   spiffy-test-app-0.5-pyh6afbcc8_0.tar.bz2               4kB
#6 20.06   subfolder.tar.bz2                                    174 B
#6 20.06   subfolder2.tar.bz2                                   176 B
#6 20.06   test_debug_pkg-1.0-0.tar.bz2                           4kB
#6 20.06   test_index_of_removed_pkg-1.0-1.tar.bz2                2kB
#6 20.06   track_features_test-1.0-0.conda                        3kB
#6 20.06   track_features_test-1.0-0.tar.bz2                      2kB
#6 20.06   xorg-libice-1.1.2-h280c20c_0.conda                    63kB
#6 20.06   xorg-libsm-1.2.6-h0d788c3_1.conda                     31kB
#6 20.06   xorg-libx11-1.8.13-he1eb515_1.conda                  840kB
#6 20.06   xorg-libxau-1.0.12-h7cc23a3_2.conda                   19kB
#6 20.06   xorg-libxdmcp-1.1.5-h7cc23a3_2.conda                  23kB
#6 20.06   xorg-libxext-1.3.7-h7cc23a3_1.conda                   53kB
#6 20.06   xorg-libxfixes-6.0.2-h7cc23a3_1.conda                 21kB
#6 20.06   xorg-libxi-1.8.3-h7cc23a3_1.conda                     49kB
#6 20.06   xorg-libxrandr-1.5.5-h7cc23a3_1.conda                 31kB
#6 20.06   xorg-libxrender-0.9.12-hb03c661_1.conda               35kB
#6 20.06   xorg-libxt-1.3.1-h7cc23a3_1.conda                    384kB
#6 20.06   xorg-libxtst-1.2.5-h7cc23a3_4.conda                   35kB
#6 20.06 
#6 20.06   /root/.mamba/pkgs
#6 20.06 ──────────────────────────────────────────────────────────────
#6 20.06 
#6 20.06 
#6 20.06   
#6 20.06 ──────────────────────────────────────────────────────────────
#6 20.06 
#6 20.06   Total size:                                          178MB
#6 20.06 Cleaning tarballs..
#6 20.16 warning  libmamba This does not check for packages installed using
#6 20.16     symlinks back to the package cache.
#6 20.16   Package folder                  Size
#6 20.16 ────────────────────────────────────────
#6 20.16   /opt/conda/pkgs
#6 20.16 ────────────────────────────────────────
#6 20.16 
#6 20.16   conda-26.7.2-py314h9e666f3_1     6MB
#6 20.16 
#6 20.16   /root/.mamba/pkgs
#6 20.16 ────────────────────────────────────────
#6 20.16 
#6 20.16 
#6 20.16   
#6 20.16 ────────────────────────────────────────
#6 20.16 
#6 20.16   Total size:                      6MB
#6 20.16 Cleaning packages..
#6 DONE 20.6s

#7 [4/4] WORKDIR /data
#7 DONE 0.2s

#8 exporting to image
#8 exporting layers
#8 exporting layers 5.3s done
#8 writing image sha256:f8a48fd5d49131b653b07f3caa005b4ce34ba36ad23bc34cba689ea9f5e0643f 0.0s done
#8 naming to ghcr.io/bdrd-genomics/allinone-fastqc:1.0.0 0.0s done
#8 naming to ghcr.io/bdrd-genomics/allinone-fastqc:latest 0.0s done
#8 DONE 5.4s
SUCCESS: ghcr.io/bdrd-genomics/allinone-fastqc

==================================================
Building: ghcr.io/bdrd-genomics/allinone-interleave:1.0.0
Dockerfile: Dockerfile.interleave
==================================================
#0 building with "default" instance using docker driver

#1 [internal] load build definition from Dockerfile.interleave
#1 transferring dockerfile: 667B done
#1 DONE 0.1s

#2 [internal] load metadata for ghcr.io/bdrd-genomics/allinone-conda-base:1.0.1
#2 DONE 0.0s

#3 [internal] load .dockerignore
#3 transferring context: 2B done
#3 DONE 0.1s

#4 [1/4] FROM ghcr.io/bdrd-genomics/allinone-conda-base:1.0.1
#4 CACHED

#5 [2/4] RUN dnf install -y         procps-ng         findutils         which         gzip         tar         bzip2         xz         ca-certificates     && dnf clean all     && rm -rf /var/cache/dnf
#5 2.076 AlmaLinux 9 - AppStream                          17 MB/s |  26 MB     00:01    
#5 7.007 AlmaLinux 9 - BaseOS                             22 MB/s |  37 MB     00:01    
#5 10.57 AlmaLinux 9 - Extras                             25 kB/s |  22 kB     00:00    
#5 11.34 Package findutils-1:4.8.0-7.el9.x86_64 is already installed.
#5 11.34 Package which-2.21-30.el9_6.x86_64 is already installed.
#5 11.34 Package gzip-1.12-2.el9_8.x86_64 is already installed.
#5 11.34 Package tar-2:1.34-13.el9_8.x86_64 is already installed.
#5 11.34 Package bzip2-1.0.8-11.el9.x86_64 is already installed.
#5 11.34 Package xz-5.2.5-8.el9_0.x86_64 is already installed.
#5 11.34 Package ca-certificates-2025.2.80_v9.0.305-91.el9.noarch is already installed.
#5 11.36 Dependencies resolved.
#5 11.36 ================================================================================
#5 11.36  Package           Architecture   Version                  Repository      Size
#5 11.36 ================================================================================
#5 11.36 Installing:
#5 11.36  procps-ng         x86_64         3.3.17-14.el9            baseos         332 k
#5 11.36 
#5 11.36 Transaction Summary
#5 11.36 ================================================================================
#5 11.36 Install  1 Package
#5 11.36 
#5 11.36 Total download size: 332 k
#5 11.36 Installed size: 978 k
#5 11.36 Downloading Packages:
#5 11.98 procps-ng-3.3.17-14.el9.x86_64.rpm              686 kB/s | 332 kB     00:00    
#5 11.99 --------------------------------------------------------------------------------
#5 11.99 Total                                           529 kB/s | 332 kB     00:00     
#5 12.02 Running transaction check
#5 12.02 Transaction check succeeded.
#5 12.02 Running transaction test
#5 12.04 Transaction test succeeded.
#5 12.04 Running transaction
#5 12.10   Preparing        :                                                        1/1 
#5 12.14   Installing       : procps-ng-3.3.17-14.el9.x86_64                         1/1 
#5 12.18   Running scriptlet: procps-ng-3.3.17-14.el9.x86_64                         1/1 
#5 12.27   Verifying        : procps-ng-3.3.17-14.el9.x86_64                         1/1 
#5 12.39 
#5 12.39 Installed:
#5 12.39   procps-ng-3.3.17-14.el9.x86_64                                                
#5 12.39 
#5 12.39 Complete!
#5 12.61 26 files removed
#5 DONE 12.7s

#6 [3/4] RUN mamba create -y -n interleave         -c conda-forge         -c bioconda         bbmap     && mamba clean -a -y
#6 0.633 Fetch Shard Index for conda-forge/linux-64                                                      ⧖ Starting
#6 0.814 Fetch Shard Index for conda-forge/linux-64                                                ✔ Done (0.2 sec)
#6 0.814 Fetch Shard Index for conda-forge/noarch                                                        ⧖ Starting
#6 1.021 Fetch Shard Index for conda-forge/noarch                                                  ✔ Done (0.2 sec)
#6 1.021 Fetching and Parsing Packages' Shards                                                           ⧖ Starting
#6 1.021 Fetching and Parsing Packages' Shards                                                     ✔ Done (0.0 sec)
#6 1.703 Using Flat Repodata for conda-forge/linux-64                                                    ✔ Starting
#6 7.842 Using Flat Repodata for conda-forge/linux-64                                              ✔ Done (6.1 sec)
#6 7.848 Using Cached Shard Index for conda-forge/noarch                                                     ✔ Done
#6 7.851 Using Cached Shard Index for conda-forge/linux-64                                                   ✔ Done
#6 7.851 Fetching and Parsing Packages' Shards                                                           ⧖ Starting
#6 7.851 Fetching and Parsing Packages' Shards                                                     ✔ Done (0.0 sec)
#6 8.286 Using Flat Repodata for conda-forge/noarch                                                      ✔ Starting
#6 10.87 Using Flat Repodata for conda-forge/noarch                                                ✔ Done (2.6 sec)
#6 10.87 Fetch Shard Index for bioconda/linux-64                                                         ⧖ Starting
#6 11.01 Fetch Shard Index for bioconda/linux-64                                                   ✔ Done (0.1 sec)
#6 11.01 Fetch Shard Index for bioconda/noarch                                                           ⧖ Starting
#6 11.18 Fetch Shard Index for bioconda/noarch                                                     ✔ Done (0.2 sec)
#6 11.18 Fetching and Parsing Packages' Shards                                                           ⧖ Starting
#6 11.65 Fetching and Parsing Packages' Shards                                                     ✔ Done (0.5 sec)
#6 11.66 Using Cached Shard Index for conda-forge/linux-64                                                   ✔ Done
#6 11.67 Using Cached Shard Index for conda-forge/noarch                                                     ✔ Done
#6 11.67 Fetching and Parsing Packages' Shards                                                           ⧖ Starting
#6 15.67 Fetching and Parsing Packages' Shards                                                     ✔ Done (4.0 sec)
#6 15.86 Using Cached Shard Index for bioconda/linux-64                                                      ✔ Done
#6 15.86 Using Cached Shard Index for bioconda/noarch                                                        ✔ Done
#6 15.86 Fetching and Parsing Packages' Shards                                                           ⧖ Starting
#6 16.10 Fetching and Parsing Packages' Shards                                                     ✔ Done (0.2 sec)
#6 16.11 Parsing Packages' Records                                                                ✔ Done (14.4 sec)
#6 16.12 
#6 16.12 Resolving Environment                                                                           ⧖ Starting
#6 17.79 Resolving Environment                                                                     ✔ Done (1.7 sec)
#6 17.83 
#6 17.83 Transaction
#6 17.83 
#6 17.83   Prefix: /opt/conda/envs/interleave
#6 17.83 
#6 17.83   Updating specs:
#6 17.83 
#6 17.83    - bbmap
#6 17.83 
#6 17.83 
#6 17.89   Package                           Version  Build             Channel           Size
#6 17.89 ───────────────────────────────────────────────────────────────────────────────────────
#6 17.89   Install:
#6 17.89 ───────────────────────────────────────────────────────────────────────────────────────
#6 17.89 
#6 17.89   + _openmp_mutex                       4.5  20_gnu            conda-forge       29kB
#6 17.89   + alsa-lib                       1.2.16.1  h7cc23a3_1        conda-forge      595kB
#6 17.89   + bbmap                             40.02  h09cc210_0        bioconda         109MB
#6 17.89   + bzip2                             1.0.8  hda65f42_10       conda-forge     Cached
#6 17.89   + c-ares                           1.34.8  hebe6cf0_2        conda-forge     Cached
#6 17.89   + ca-certificates               2026.7.22  hbd8a1cb_0        conda-forge     Cached
#6 17.89   + cairo                            1.18.4  h3c89d7e_3        conda-forge      991kB
#6 17.89   + font-ttf-dejavu-sans-mono          2.37  hab24e00_0        conda-forge      397kB
#6 17.89   + font-ttf-inconsolata              3.000  h77eed37_0        conda-forge       97kB
#6 17.89   + font-ttf-source-code-pro          2.038  h77eed37_0        conda-forge      701kB
#6 17.89   + font-ttf-ubuntu                    0.83  h77eed37_3        conda-forge        2MB
#6 17.89   + fontconfig                       2.18.3  h4db4eae_1        conda-forge      296kB
#6 17.89   + fonts-conda-ecosystem                 1  0                 conda-forge        4kB
#6 17.89   + fonts-conda-forge                     1  hc364b38_1        conda-forge        4kB
#6 17.89   + giflib                            6.1.3  hebe6cf0_2        conda-forge       86kB
#6 17.89   + graphite2                        1.3.15  h54a6638_1        conda-forge      103kB
#6 17.89   + htslib                             1.24  ha79157c_0        bioconda           1MB
#6 17.89   + icu                                78.3  py310h44b86e0_2   conda-forge     Cached
#6 17.89   + keyutils                          1.6.3  h7cc23a3_1        conda-forge     Cached
#6 17.89   + krb5                             1.22.2  hbc21106_2        conda-forge     Cached
#6 17.89   + lcms2                            2.19.1  h9073bf1_3        conda-forge      254kB
#6 17.89   + lerc                              4.2.0  hdb68285_0        conda-forge      271kB
#6 17.89   + libcups                           2.3.3  h7a8fb5f_6        conda-forge        5MB
#6 17.89   + libcurl                          8.22.0  ha042cf0_0        conda-forge     Cached
#6 17.89   + libdeflate                         1.25  hd45a770_1        conda-forge       74kB
#6 17.89   + libedit                    3.1.20250104  pl5321h373387f_1  conda-forge     Cached
#6 17.89   + libev                              4.33  h280c20c_3        conda-forge     Cached
#6 17.89   + libexpat                          2.8.1  hecca717_1        conda-forge     Cached
#6 17.89   + libffi                            3.7.0  h81df57d_1        conda-forge     Cached
#6 17.89   + libfreetype                      2.14.3  ha770c72_2        conda-forge        8kB
#6 17.89   + libfreetype6                     2.14.3  h5e6c136_2        conda-forge      388kB
#6 17.89   + libgcc                           16.2.0  ha9f2e26_5        conda-forge        1MB
#6 17.89   + libglib                          2.90.0  h569388d_0        conda-forge        5MB
#6 17.89   + libgomp                          16.2.0  he0feb66_5        conda-forge      642kB
#6 17.89   + libharfbuzz                      14.4.0  h23af247_1        conda-forge        1MB
#6 17.89   + libiconv                           1.18  h0cb94f2_3        conda-forge     Cached
#6 17.89   + libjpeg-turbo                     3.2.0  hb03c661_1        conda-forge      650kB
#6 17.89   + liblzma                           5.8.3  hb03c661_1        conda-forge     Cached
#6 17.89   + libnghttp2                       1.68.1  h74cf4be_1        conda-forge     Cached
#6 17.89   + libpng                           1.6.58  h922cc85_1        conda-forge      317kB
#6 17.89   + libpsl                           0.23.1  hd9e3e90_1        conda-forge     Cached
#6 17.89   + libssh2                          1.11.1  h6154650_1        conda-forge     Cached
#6 17.89   + libstdcxx                        16.2.0  h934c35e_5        conda-forge        7MB
#6 17.89   + libtiff                           4.7.2  hcc2c06a_1        conda-forge      460kB
#6 17.89   + libuuid                          2.42.3  hcfc3c73_0        conda-forge     Cached
#6 17.89   + libwebp-base                      1.6.0  hd42ef1d_1        conda-forge      428kB
#6 17.89   + libxcb                           1.17.0  hb83e432_2        conda-forge      395kB
#6 17.89   + libzlib                           1.3.2  h25fd6f3_3        conda-forge     Cached
#6 17.89   + ncurses                             6.6  hdb14827_1        conda-forge     Cached
#6 17.89   + openjdk                          25.0.2  h1602c4f_26       conda-forge      123MB
#6 17.89   + openssl                           3.6.4  h781a0a9_0        conda-forge     Cached
#6 17.89   + pcre2                             10.47  h8b3dc9c_1        conda-forge        1MB
#6 17.89   + pixman                           0.46.4  h54a6638_3        conda-forge      377kB
#6 17.89   + pthread-stubs                       0.4  h7cc23a3_1004     conda-forge       10kB
#6 17.89   + samtools                           1.24  h9dcdb79_1        bioconda         504kB
#6 17.89   + xorg-libice                       1.1.2  h280c20c_0        conda-forge       63kB
#6 17.89   + xorg-libsm                        1.2.6  h0d788c3_1        conda-forge       31kB
#6 17.89   + xorg-libx11                      1.8.13  he1eb515_1        conda-forge      840kB
#6 17.89   + xorg-libxau                      1.0.12  h7cc23a3_2        conda-forge       19kB
#6 17.89   + xorg-libxdmcp                     1.1.5  h7cc23a3_2        conda-forge       23kB
#6 17.89   + xorg-libxext                      1.3.7  h7cc23a3_1        conda-forge       53kB
#6 17.89   + xorg-libxfixes                    6.0.2  h7cc23a3_1        conda-forge       21kB
#6 17.89   + xorg-libxi                        1.8.3  h7cc23a3_1        conda-forge       49kB
#6 17.89   + xorg-libxrandr                    1.5.5  h7cc23a3_1        conda-forge       31kB
#6 17.89   + xorg-libxrender                  0.9.12  hb03c661_1        conda-forge       35kB
#6 17.89   + xorg-libxt                        1.3.1  h7cc23a3_1        conda-forge      384kB
#6 17.89   + xorg-libxtst                      1.2.5  h7cc23a3_4        conda-forge       35kB
#6 17.89   + zstd                              1.5.7  hb78ec9c_7        conda-forge     Cached
#6 17.89 
#6 17.89   Summary:
#6 17.89 
#6 17.89   Install: 68 packages
#6 17.89 
#6 17.89   Total download: 264MB
#6 17.89 
#6 17.89 ───────────────────────────────────────────────────────────────────────────────────────
#6 17.89 
#6 17.89 
#6 17.89 warning  libmamba Security Warning: This transaction includes executing package scripts (pre/post-link/unlink) if present. These scripts can contain arbitrary code. Please ensure you trust the package sources.
#6 17.89 
#6 17.89 Transaction starting
#6 21.00 Linking libzlib-1.3.2-h25fd6f3_3
#6 21.00 Linking libgomp-16.2.0-he0feb66_5
#6 21.00 Linking zstd-1.5.7-hb78ec9c_7
#6 21.01 Linking _openmp_mutex-4.5-20_gnu
#6 21.01 Linking libgcc-16.2.0-ha9f2e26_5
#6 21.01 Linking xorg-libxdmcp-1.1.5-h7cc23a3_2
#6 21.01 Linking xorg-libxau-1.0.12-h7cc23a3_2
#6 21.01 Linking xorg-libice-1.1.2-h280c20c_0
#6 21.01 Linking libiconv-1.18-h0cb94f2_3
#6 21.03 Linking libffi-3.7.0-h81df57d_1
#6 21.03 Linking libev-4.33-h280c20c_3
#6 21.03 Linking c-ares-1.34.8-hebe6cf0_2
#6 21.06 Linking keyutils-1.6.3-h7cc23a3_1
#6 21.07 Linking pthread-stubs-0.4-h7cc23a3_1004
#6 21.07 Linking libpng-1.6.58-h922cc85_1
#6 21.07 Linking libwebp-base-1.6.0-hd42ef1d_1
#6 21.07 Linking libstdcxx-16.2.0-h934c35e_5
#6 21.07 Linking libdeflate-1.25-hd45a770_1
#6 21.07 Linking libjpeg-turbo-3.2.0-hb03c661_1
#6 21.08 Linking libuuid-2.42.3-hcfc3c73_0
#6 21.08 Linking libexpat-2.8.1-hecca717_1
#6 21.08 Linking ncurses-6.6-hdb14827_1
#6 22.22 Linking liblzma-5.8.3-hb03c661_1
#6 22.23 Linking giflib-6.1.3-hebe6cf0_2
#6 22.23 Linking alsa-lib-1.2.16.1-h7cc23a3_1
#6 22.23 Linking bzip2-1.0.8-hda65f42_10
#6 22.24 Linking libxcb-1.17.0-hb83e432_2
#6 22.25 Linking libfreetype6-2.14.3-h5e6c136_2
#6 22.25 Linking graphite2-1.3.15-h54a6638_1
#6 22.25 Linking icu-78.3-py310h44b86e0_2
#6 22.29 Linking pixman-0.46.4-h54a6638_3
#6 22.29 Linking lerc-4.2.0-hdb68285_0
#6 22.29 Linking xorg-libsm-1.2.6-h0d788c3_1
#6 22.29 Linking libedit-3.1.20250104-pl5321h373387f_1
#6 22.30 Linking pcre2-10.47-h8b3dc9c_1
#6 22.30 Linking xorg-libx11-1.8.13-he1eb515_1
#6 22.32 Linking libfreetype-2.14.3-ha770c72_2
#6 22.32 Linking libpsl-0.23.1-hd9e3e90_1
#6 22.32 Linking libtiff-4.7.2-hcc2c06a_1
#6 22.32 Linking libglib-2.90.0-h569388d_0
#6 22.35 Linking xorg-libxfixes-6.0.2-h7cc23a3_1
#6 22.35 Linking xorg-libxt-1.3.1-h7cc23a3_1
#6 22.35 Linking xorg-libxrender-0.9.12-hb03c661_1
#6 22.35 Linking xorg-libxext-1.3.7-h7cc23a3_1
#6 22.35 Linking fontconfig-2.18.3-h4db4eae_1
#6 22.36 Linking lcms2-2.19.1-h9073bf1_3
#6 22.36 Linking xorg-libxrandr-1.5.5-h7cc23a3_1
#6 22.36 Linking xorg-libxi-1.8.3-h7cc23a3_1
#6 22.36 Linking xorg-libxtst-1.2.5-h7cc23a3_4
#6 22.36 Linking ca-certificates-2026.7.22-hbd8a1cb_0
#6 22.36 Linking font-ttf-ubuntu-0.83-h77eed37_3
#6 22.36 Linking font-ttf-dejavu-sans-mono-2.37-hab24e00_0
#6 22.36 Linking font-ttf-inconsolata-3.000-h77eed37_0
#6 22.36 Linking font-ttf-source-code-pro-2.038-h77eed37_0
#6 22.36 Linking fonts-conda-forge-1-hc364b38_1
#6 22.36 Linking fonts-conda-ecosystem-1-0
#6 22.36 Linking openssl-3.6.4-h781a0a9_0
#6 22.40 Linking cairo-1.18.4-h3c89d7e_3
#6 22.40 Linking libssh2-1.11.1-h6154650_1
#6 22.44 Linking libnghttp2-1.68.1-h74cf4be_1
#6 22.45 Linking krb5-1.22.2-hbc21106_2
#6 22.47 Linking libharfbuzz-14.4.0-h23af247_1
#6 22.47 Linking libcurl-8.22.0-ha042cf0_0
#6 22.48 Linking libcups-2.3.3-h7a8fb5f_6
#6 22.48 Linking openjdk-25.0.2-h1602c4f_26
#6 22.72 Linking htslib-1.24-ha79157c_0
#6 22.73 Linking samtools-1.24-h9dcdb79_1
#6 22.73 Linking bbmap-40.02-h09cc210_0
#6 23.47 
#6 23.47 Transaction finished
#6 23.47 
#6 23.47 
#6 23.47 To activate this environment, use:
#6 23.47 
#6 23.47     mamba activate interleave
#6 23.47 
#6 23.47 Or to execute a single command in this environment, use:
#6 23.47 
#6 23.47     mamba run -n interleave mycommand
#6 23.47 
#6 23.50 Collect information..
#6 23.50 Cleaning index cache..
#6 23.63 Cleaning lock files..
#6 23.71   Package file                                          Size
#6 23.71 ──────────────────────────────────────────────────────────────
#6 23.71   /opt/conda/pkgs
#6 23.71 ──────────────────────────────────────────────────────────────
#6 23.71 
#6 23.71   _openmp_mutex-4.5-20_gnu.conda                        29kB
#6 23.71   a.tar.bz2                                            123 B
#6 23.71   alsa-lib-1.2.16.1-h7cc23a3_1.conda                   595kB
#6 23.71   another_bad_package.conda                              0 B
#6 23.71   b.tar.bz2                                            125 B
#6 23.71   bad_package.tar.bz2                                   16 B
#6 23.71   bbmap-40.02-h09cc210_0.conda                         109MB
#6 23.71   cairo-1.18.4-h3c89d7e_3.conda                        991kB
#6 23.71   conda-forge-repodata-patches-20180828-0.tar.bz2       33kB
#6 23.71   conda-index-pkg-a-1.0-py27h5e241af_0.conda             9kB
#6 23.71   conda-index-pkg-a-1.0-py27h5e241af_0.tar.bz2           9kB
#6 23.71   conda-index-pkg-a-1.0-pyhed9eced_1.tar.bz2             8kB
#6 23.71   cph_test_data-0.0.1-0.tar.bz2                          3kB
#6 23.71   dummy-package-1.0-0.tar.bz2                            3kB
#6 23.71   dummy-package-2.0-0.tar.bz2                            3kB
#6 23.71   flask-0.11.1-py_0.tar.bz2                              5kB
#6 23.71   fly-2.5.2-0.tar.bz2                                    6kB
#6 23.71   font-ttf-dejavu-sans-mono-2.37-hab24e00_0.tar.bz2    397kB
#6 23.71   font-ttf-inconsolata-3.000-h77eed37_0.tar.bz2         97kB
#6 23.71   font-ttf-source-code-pro-2.038-h77eed37_0.tar.bz2    701kB
#6 23.71   font-ttf-ubuntu-0.83-h77eed37_3.conda                  2MB
#6 23.71   fontconfig-2.18.3-h4db4eae_1.conda                   296kB
#6 23.71   fonts-conda-ecosystem-1-0.tar.bz2                      4kB
#6 23.71   fonts-conda-forge-1-hc364b38_1.conda                   4kB
#6 23.71   giflib-6.1.3-hebe6cf0_2.conda                         86kB
#6 23.71   graphite2-1.3.15-h54a6638_1.conda                    103kB
#6 23.71   hotfix_depends_test-1.0-dummy_0.conda                  3kB
#6 23.71   hotfix_depends_test-1.0-dummy_0.tar.bz2                2kB
#6 23.71   htslib-1.24-ha79157c_0.conda                           1MB
#6 23.71   lcms2-2.19.1-h9073bf1_3.conda                        254kB
#6 23.71   lerc-4.2.0-hdb68285_0.conda                          271kB
#6 23.71   libcups-2.3.3-h7a8fb5f_6.conda                         5MB
#6 23.71   libdeflate-1.25-hd45a770_1.conda                      74kB
#6 23.71   libfreetype-2.14.3-ha770c72_2.conda                    8kB
#6 23.71   libfreetype6-2.14.3-h5e6c136_2.conda                 388kB
#6 23.71   libgcc-16.2.0-ha9f2e26_5.conda                         1MB
#6 23.71   libglib-2.90.0-h569388d_0.conda                        5MB
#6 23.71   libgomp-16.2.0-he0feb66_5.conda                      642kB
#6 23.71   libharfbuzz-14.4.0-h23af247_1.conda                    1MB
#6 23.71   libjpeg-turbo-3.2.0-hb03c661_1.conda                 650kB
#6 23.71   libpng-1.6.58-h922cc85_1.conda                       317kB
#6 23.71   libstdcxx-16.2.0-h934c35e_5.conda                      7MB
#6 23.71   libtiff-4.7.2-hcc2c06a_1.conda                       460kB
#6 23.71   libwebp-base-1.6.0-hd42ef1d_1.conda                  428kB
#6 23.71   libxcb-1.17.0-hb83e432_2.conda                       395kB
#6 23.71   mock-2.0.0-py37_1000.conda                           113kB
#6 23.71   mock-2.0.0-py37_1000.tar.bz2                         107kB
#6 23.71   nano-2.4.1-0.tar.bz2                                 790 B
#6 23.71   openjdk-25.0.2-h1602c4f_26.conda                     123MB
#6 23.71   pcre2-10.47-h8b3dc9c_1.conda                           1MB
#6 23.71   pixman-0.46.4-h54a6638_3.conda                       377kB
#6 23.71   pthread-stubs-0.4-h7cc23a3_1004.conda                 10kB
#6 23.71   remove_test-1.0-0.conda                                3kB
#6 23.71   remove_test-1.0-0.tar.bz2                              2kB
#6 23.71   revoke_test-1.0-0.conda                                3kB
#6 23.71   revoke_test-1.0-0.tar.bz2                              2kB
#6 23.71   run_exports_versions-1.0-he35c369_0.tar.bz2            3kB
#6 23.71   run_exports_versions-2.0-h39de5ba_0.tar.bz2            3kB
#6 23.71   samtools-1.24-h9dcdb79_1.conda                       504kB
#6 23.71   spiffy-test-app-0.5-pyh6afbcc8_0.tar.bz2               4kB
#6 23.71   subfolder.tar.bz2                                    174 B
#6 23.71   subfolder2.tar.bz2                                   176 B
#6 23.71   test_debug_pkg-1.0-0.tar.bz2                           4kB
#6 23.71   test_index_of_removed_pkg-1.0-1.tar.bz2                2kB
#6 23.71   track_features_test-1.0-0.conda                        3kB
#6 23.71   track_features_test-1.0-0.tar.bz2                      2kB
#6 23.71   xorg-libice-1.1.2-h280c20c_0.conda                    63kB
#6 23.71   xorg-libsm-1.2.6-h0d788c3_1.conda                     31kB
#6 23.71   xorg-libx11-1.8.13-he1eb515_1.conda                  840kB
#6 23.71   xorg-libxau-1.0.12-h7cc23a3_2.conda                   19kB
#6 23.71   xorg-libxdmcp-1.1.5-h7cc23a3_2.conda                  23kB
#6 23.71   xorg-libxext-1.3.7-h7cc23a3_1.conda                   53kB
#6 23.71   xorg-libxfixes-6.0.2-h7cc23a3_1.conda                 21kB
#6 23.71   xorg-libxi-1.8.3-h7cc23a3_1.conda                     49kB
#6 23.71   xorg-libxrandr-1.5.5-h7cc23a3_1.conda                 31kB
#6 23.71   xorg-libxrender-0.9.12-hb03c661_1.conda               35kB
#6 23.71   xorg-libxt-1.3.1-h7cc23a3_1.conda                    384kB
#6 23.71   xorg-libxtst-1.2.5-h7cc23a3_4.conda                   35kB
#6 23.71 
#6 23.71   /root/.mamba/pkgs
#6 23.71 ──────────────────────────────────────────────────────────────
#6 23.71 
#6 23.71 
#6 23.71   
#6 23.71 ──────────────────────────────────────────────────────────────
#6 23.71 
#6 23.71   Total size:                                          264MB
#6 23.71 Cleaning tarballs..
#6 23.82   Package folder                  Size
#6 23.82 ────────────────────────────────────────
#6 23.82   /opt/conda/pkgs
#6 23.82 ────────────────────────────────────────
#6 23.82 
#6 23.82   conda-26.7.2-py314h9e666f3_1     6MB
#6 23.82 
#6 23.82   /root/.mamba/pkgs
#6 23.82 ────────────────────────────────────────
#6 23.82 
#6 23.82 
#6 23.82   
#6 23.82 ────────────────────────────────────────
#6 23.82 
#6 23.82   Total size:                      6MB
#6 23.82 Cleaning packages..
#6 23.82 warning  libmamba This does not check for packages installed using
#6 23.82     symlinks back to the package cache.
#6 DONE 24.3s

#7 [4/4] WORKDIR /data
#7 DONE 0.1s

#8 exporting to image
#8 exporting layers
#8 exporting layers 6.4s done
#8 writing image sha256:743b5ea894872c040952722a2f6f15badca5eff22d7190d8521e771c849ed9d6 0.0s done
#8 naming to ghcr.io/bdrd-genomics/allinone-interleave:1.0.0 0.0s done
#8 naming to ghcr.io/bdrd-genomics/allinone-interleave:latest 0.0s done
#8 DONE 6.6s
SUCCESS: ghcr.io/bdrd-genomics/allinone-interleave

==================================================
Building: ghcr.io/bdrd-genomics/allinone-kraken2:1.0.0
Dockerfile: Dockerfile.kraken2
==================================================
#0 building with "default" instance using docker driver

#1 [internal] load build definition from Dockerfile.kraken2
#1 transferring dockerfile: 519B done
#1 DONE 0.0s

#2 [internal] load metadata for ghcr.io/bdrd-genomics/allinone-conda-base:1.0.1
#2 DONE 0.0s

#3 [internal] load .dockerignore
#3 transferring context: 2B done
#3 DONE 0.0s

#4 [1/3] FROM ghcr.io/bdrd-genomics/allinone-conda-base:1.0.1
#4 CACHED

#5 [internal] load build context
#5 transferring context: 211B done
#5 DONE 0.1s

#6 [2/3] COPY environment.kraken2.yml /tmp/environment.yml
#6 DONE 0.1s

#7 [3/3] RUN /opt/conda/bin/mamba env create -f /tmp/environment.yml &&     /opt/conda/bin/conda clean -a -y
#7 0.444 warning  libmamba 'repo.anaconda.com', a commercial channel hosted by Anaconda.com, is used.
#7 0.444     
#7 0.444 warning  libmamba Please make sure you understand Anaconda Terms of Services.
#7 0.444     
#7 0.444 warning  libmamba See: https://legal.anaconda.com/policies/en/
#7 1.102 ⚠ Shard Index for pkgs/main/linux-64 not available, falling back to flat repodata
#7 1.102 Using Flat Repodata for pkgs/main/linux-64                                                      ✔ Starting
#7 1.689 Using Flat Repodata for pkgs/main/linux-64                                                ✔ Done (0.6 sec)
#7 1.689 ⚠ Shard Index for pkgs/main/noarch not available, falling back to flat repodata
#7 1.689 Using Flat Repodata for pkgs/main/noarch                                                        ✔ Starting
#7 1.735 Using Flat Repodata for pkgs/main/noarch                                                  ✔ Done (0.0 sec)
#7 1.735 ⚠ Shard Index for pkgs/r/linux-64 not available, falling back to flat repodata
#7 1.735 Using Flat Repodata for pkgs/r/linux-64                                                         ✔ Starting
#7 1.809 Using Flat Repodata for pkgs/r/linux-64                                                   ✔ Done (0.1 sec)
#7 1.809 ⚠ Shard Index for pkgs/r/noarch not available, falling back to flat repodata
#7 1.809 Using Flat Repodata for pkgs/r/noarch                                                           ✔ Starting
#7 1.900 Using Flat Repodata for pkgs/r/noarch                                                     ✔ Done (0.1 sec)
#7 2.244 Fetch Shard Index for conda-forge/linux-64                                                      ⧖ Starting
#7 2.424 Fetch Shard Index for conda-forge/linux-64                                                ✔ Done (0.2 sec)
#7 2.424 Fetch Shard Index for conda-forge/noarch                                                        ⧖ Starting
#7 2.605 Fetch Shard Index for conda-forge/noarch                                                  ✔ Done (0.2 sec)
#7 2.605 Fetching and Parsing Packages' Shards                                                           ⧖ Starting
#7 2.605 Fetching and Parsing Packages' Shards                                                     ✔ Done (0.0 sec)
#7 3.296 Using Flat Repodata for conda-forge/linux-64                                                    ✔ Starting
#7 9.504 Using Flat Repodata for conda-forge/linux-64                                              ✔ Done (6.2 sec)
#7 9.510 Using Cached Shard Index for conda-forge/noarch                                                     ✔ Done
#7 9.513 Using Cached Shard Index for conda-forge/linux-64                                                   ✔ Done
#7 9.513 Fetching and Parsing Packages' Shards                                                           ⧖ Starting
#7 9.513 Fetching and Parsing Packages' Shards                                                     ✔ Done (0.0 sec)
#7 9.938 Using Flat Repodata for conda-forge/noarch                                                      ✔ Starting
#7 12.55 Using Flat Repodata for conda-forge/noarch                                                ✔ Done (2.6 sec)
#7 12.55 Fetch Shard Index for bioconda/linux-64                                                         ⧖ Starting
#7 12.70 Fetch Shard Index for bioconda/linux-64                                                   ✔ Done (0.2 sec)
#7 12.70 Fetch Shard Index for bioconda/noarch                                                           ⧖ Starting
#7 12.86 Fetch Shard Index for bioconda/noarch                                                     ✔ Done (0.2 sec)
#7 12.86 Fetching and Parsing Packages' Shards                                                           ⧖ Starting
#7 15.64 Fetching and Parsing Packages' Shards                                                     ✔ Done (2.8 sec)
#7 15.65 Using Cached Shard Index for conda-forge/linux-64                                                   ✔ Done
#7 15.65 Using Cached Shard Index for conda-forge/noarch                                                     ✔ Done
#7 15.65 Fetching and Parsing Packages' Shards                                                           ⧖ Starting
#7 18.97 Fetching and Parsing Packages' Shards                                                     ✔ Done (3.3 sec)
#7 19.08 Using Cached Shard Index for bioconda/linux-64                                                      ✔ Done
#7 19.09 Using Cached Shard Index for bioconda/noarch                                                        ✔ Done
#7 19.09 Fetching and Parsing Packages' Shards                                                           ⧖ Starting
#7 20.34 Fetching and Parsing Packages' Shards                                                     ✔ Done (1.3 sec)
#7 20.36 Parsing Packages' Records                                                                ✔ Done (19.3 sec)
#7 20.37 
#7 20.37 Resolving Environment                                                                           ⧖ Starting
#7 22.48 Resolving Environment                                                                     ✔ Done (2.1 sec)
#7 22.52 
#7 22.52 Transaction
#7 22.52 
#7 22.52   Prefix: /opt/conda/envs/kraken2
#7 22.52 
#7 22.52   Updating specs:
#7 22.52 
#7 22.52    - kraken2
#7 22.52    - bracken
#7 22.52 
#7 22.52 
#7 22.61   Package                         Version  Build                 Channel           Size
#7 22.61 ─────────────────────────────────────────────────────────────────────────────────────────
#7 22.61   Install:
#7 22.61 ─────────────────────────────────────────────────────────────────────────────────────────
#7 22.61 
#7 22.61   + _openmp_mutex                     4.5  20_gnu                conda-forge       29kB
#7 22.61   + blast                          2.17.0  hb02a186_1            bioconda         160MB
#7 22.61   + bracken                           3.1  h9948957_0            bioconda         507kB
#7 22.61   + bzip2                           1.0.8  hda65f42_10           conda-forge     Cached
#7 22.61   + c-ares                         1.34.8  hebe6cf0_2            conda-forge     Cached
#7 22.61   + ca-certificates             2026.7.22  hbd8a1cb_0            conda-forge     Cached
#7 22.61   + curl                           8.22.0  ha042cf0_0            conda-forge      197kB
#7 22.61   + entrez-direct                    26.0  h1079eea_0            bioconda          16MB
#7 22.61   + gperftools                    2.18.90  hd2e8b67_0            conda-forge      660kB
#7 22.61   + icu                              78.3  py310h44b86e0_2       conda-forge     Cached
#7 22.61   + keyutils                        1.6.3  h7cc23a3_1            conda-forge     Cached
#7 22.61   + kraken2                        2.17.1  pl5321h077b44d_0      bioconda         337kB
#7 22.61   + krb5                           1.22.2  hbc21106_2            conda-forge     Cached
#7 22.61   + ld_impl_linux-64               2.46.1  default_hbd61a6d_102  conda-forge      745kB
#7 22.61   + libcurl                        8.22.0  ha042cf0_0            conda-forge     Cached
#7 22.61   + libedit                  3.1.20250104  pl5321h373387f_1      conda-forge     Cached
#7 22.61   + libev                            4.33  h280c20c_3            conda-forge     Cached
#7 22.61   + libexpat                        2.8.1  hecca717_1            conda-forge     Cached
#7 22.61   + libffi                          3.7.0  h81df57d_1            conda-forge     Cached
#7 22.61   + libgcc                         16.2.0  ha9f2e26_5            conda-forge        1MB
#7 22.61   + libgcc-ng                      16.2.0  h69a702a_5            conda-forge       29kB
#7 22.61   + libgomp                        16.2.0  he0feb66_5            conda-forge      642kB
#7 22.61   + libiconv                         1.18  h0cb94f2_3            conda-forge     Cached
#7 22.61   + libidn2                         2.3.8  hfac485b_1            conda-forge      139kB
#7 22.61   + liblzma                         5.8.3  hb03c661_1            conda-forge     Cached
#7 22.61   + libmpdec                        4.0.0  hb03c661_2            conda-forge     Cached
#7 22.61   + libnghttp2                     1.68.1  h74cf4be_1            conda-forge     Cached
#7 22.61   + libpsl                         0.23.1  hd9e3e90_1            conda-forge     Cached
#7 22.61   + libpython                      3.14.7  hdc7f604_106_cp314    conda-forge     Cached
#7 22.61   + libsqlite                      3.53.4  h13e7031_1            conda-forge     Cached
#7 22.61   + libssh2                        1.11.1  h6154650_1            conda-forge     Cached
#7 22.61   + libstdcxx                      16.2.0  h934c35e_5            conda-forge        7MB
#7 22.61   + libunistring                   0.9.10  h7f98852_0            conda-forge        1MB
#7 22.61   + libunwind                       1.8.3  h65a8314_0            conda-forge       76kB
#7 22.61   + libuuid                        2.42.3  hcfc3c73_0            conda-forge     Cached
#7 22.61   + libxcrypt                      4.4.38  h280c20c_0            conda-forge      102kB
#7 22.61   + libzlib                         1.3.2  h25fd6f3_3            conda-forge     Cached
#7 22.61   + lz4-c                          1.10.0  hee9eb32_2            conda-forge     Cached
#7 22.61   + ncbi-vdb                        3.4.1  hd63eeec_0            bioconda           9MB
#7 22.61   + ncurses                           6.6  hdb14827_1            conda-forge     Cached
#7 22.61   + openssl                         3.6.4  h781a0a9_0            conda-forge     Cached
#7 22.61   + pcre2                           10.47  h8b3dc9c_1            conda-forge        1MB
#7 22.61   + perl                           5.32.1  9_h7cc23a3_perl5      conda-forge       13MB
#7 22.61   + perl-archive-tar                 3.12  pl5321hdfd78af_0      bioconda          39kB
#7 22.61   + perl-carp                        1.50  pl5321hd8ed1ab_0      conda-forge       22kB
#7 22.61   + perl-common-sense                3.75  pl5321hd8ed1ab_0      conda-forge       20kB
#7 22.61   + perl-compress-raw-bzip2         2.214  pl5321hda65f42_0      conda-forge       56kB
#7 22.61   + perl-compress-raw-zlib          2.214  pl5321h4dac143_0      conda-forge       81kB
#7 22.61   + perl-encode                      3.24  pl5321hb03c661_0      conda-forge        2MB
#7 22.61   + perl-exporter                    5.74  pl5321hd8ed1ab_0      conda-forge       19kB
#7 22.61   + perl-exporter-tiny           1.002002  pl5321hd8ed1ab_0      conda-forge       29kB
#7 22.61   + perl-extutils-makemaker          7.70  pl5321hd8ed1ab_0      conda-forge      157kB
#7 22.61   + perl-io-compress                2.216  pl5321h503566f_0      bioconda          87kB
#7 22.61   + perl-io-zlib                     1.15  pl5321hdfd78af_1      bioconda          13kB
#7 22.61   + perl-json                        4.11  pl5321hdfd78af_0      bioconda          53kB
#7 22.61   + perl-json-xs                     4.04  pl5321h9948957_0      bioconda          71kB
#7 22.61   + perl-list-moreutils             0.430  pl5321hdfd78af_0      bioconda          32kB
#7 22.61   + perl-list-moreutils-xs          0.430  pl5321h7b50bb2_5      bioconda          52kB
#7 22.61   + perl-parent                     0.243  pl5321hd8ed1ab_0      conda-forge       14kB
#7 22.61   + perl-pathtools                   3.75  pl5321hb9d3cd8_2      conda-forge       51kB
#7 22.61   + perl-scalar-list-utils           1.70  pl5321hb03c661_0      conda-forge       52kB
#7 22.61   + perl-storable                    3.15  pl5321hb9d3cd8_2      conda-forge       71kB
#7 22.61   + perl-types-serialiser            1.01  pl5321hdfd78af_0      bioconda          13kB
#7 22.61   + popt                             1.19  hcfc3c73_2            conda-forge       76kB
#7 22.61   + python                         3.14.7  hcd007b5_106_cp314    conda-forge     Cached
#7 22.61   + python_abi                       3.14  9_cp314               conda-forge        7kB
#7 22.61   + readline                          8.3  hd6e31c0_1            conda-forge     Cached
#7 22.61   + rsync                           3.4.4  hffd6c76_1            conda-forge      378kB
#7 22.61   + tar                              1.35  h3b78370_0            conda-forge      779kB
#7 22.61   + tk                             8.6.13  noxft_h1df4ec4_4      conda-forge     Cached
#7 22.61   + tzdata                          2026c  h151e31d_0            conda-forge     Cached
#7 22.61   + wget                           1.25.0  h653f8fd_1            conda-forge      746kB
#7 22.61   + xxhash                          0.8.3  hec8ed23_1            conda-forge      109kB
#7 22.61   + zlib                            1.3.2  h25fd6f3_3            conda-forge       96kB
#7 22.61   + zstd                            1.5.7  hb78ec9c_7            conda-forge     Cached
#7 22.61 
#7 22.61   Summary:
#7 22.61 
#7 22.61   Install: 75 packages
#7 22.61 
#7 22.61   Total download: 218MB
#7 22.61 
#7 22.61 ─────────────────────────────────────────────────────────────────────────────────────────
#7 22.61 
#7 22.61 
#7 22.61 Confirm changes: [Y/n] warning  libmamba Security Warning: This transaction includes executing package scripts (pre/post-link/unlink) if present. These scripts can contain arbitrary code. Please ensure you trust the package sources.
#7 22.61 
#7 22.61 Transaction starting
#7 26.11 Linking libgomp-16.2.0-he0feb66_5
#7 26.11 Linking libzlib-1.3.2-h25fd6f3_3
#7 26.12 Linking _openmp_mutex-4.5-20_gnu
#7 26.12 Linking zstd-1.5.7-hb78ec9c_7
#7 26.13 Linking zlib-1.3.2-h25fd6f3_3
#7 26.13 Linking libgcc-16.2.0-ha9f2e26_5
#7 26.14 Linking ld_impl_linux-64-2.46.1-default_hbd61a6d_102
#7 26.14 Linking libgcc-ng-16.2.0-h69a702a_5
#7 26.14 Linking c-ares-1.34.8-hebe6cf0_2
#7 26.17 Linking libev-4.33-h280c20c_3
#7 26.17 Linking keyutils-1.6.3-h7cc23a3_1
#7 26.18 Linking libxcrypt-4.4.38-h280c20c_0
#7 26.19 Linking libuuid-2.42.3-hcfc3c73_0
#7 26.19 Linking liblzma-5.8.3-hb03c661_1
#7 26.19 Linking libffi-3.7.0-h81df57d_1
#7 26.19 Linking tk-8.6.13-noxft_h1df4ec4_4
#7 26.28 Linking ncurses-6.6-hdb14827_1
#7 27.45 Linking libmpdec-4.0.0-hb03c661_2
#7 27.45 Linking libexpat-2.8.1-hecca717_1
#7 27.45 Linking bzip2-1.0.8-hda65f42_10
#7 27.47 Linking xxhash-0.8.3-hec8ed23_1
#7 27.47 Linking libiconv-1.18-h0cb94f2_3
#7 27.48 Linking libstdcxx-16.2.0-h934c35e_5
#7 27.48 Linking libunistring-0.9.10-h7f98852_0
#7 27.49 Linking perl-5.32.1-9_h7cc23a3_perl5
#7 27.62 Linking libedit-3.1.20250104-pl5321h373387f_1
#7 27.64 Linking readline-8.3-hd6e31c0_1
#7 27.65 Linking pcre2-10.47-h8b3dc9c_1
#7 27.67 Linking popt-1.19-hcfc3c73_2
#7 27.67 Linking tar-1.35-h3b78370_0
#7 27.67 Linking icu-78.3-py310h44b86e0_2
#7 27.73 Linking libpython-3.14.7-hdc7f604_106_cp314
#7 27.78 Linking lz4-c-1.10.0-hee9eb32_2
#7 27.78 Linking libunwind-1.8.3-h65a8314_0
#7 27.79 Linking libidn2-2.3.8-hfac485b_1
#7 27.79 Linking perl-storable-3.15-pl5321hb9d3cd8_2
#7 27.79 Linking perl-scalar-list-utils-1.70-pl5321hb03c661_0
#7 27.79 Linking perl-compress-raw-zlib-2.214-pl5321h4dac143_0
#7 27.79 Linking perl-compress-raw-bzip2-2.214-pl5321hda65f42_0
#7 27.79 Linking libsqlite-3.53.4-h13e7031_1
#7 27.79 Linking libpsl-0.23.1-hd9e3e90_1
#7 27.79 Linking gperftools-2.18.90-hd2e8b67_0
#7 27.80 Linking ca-certificates-2026.7.22-hbd8a1cb_0
#7 27.80 Linking python_abi-3.14-9_cp314
#7 27.80 Linking tzdata-2026c-h151e31d_0
#7 27.91 Linking perl-extutils-makemaker-7.70-pl5321hd8ed1ab_0
#7 27.91 Linking perl-parent-0.243-pl5321hd8ed1ab_0
#7 27.91 Linking perl-exporter-5.74-pl5321hd8ed1ab_0
#7 27.91 Linking perl-common-sense-3.75-pl5321hd8ed1ab_0
#7 27.91 Linking perl-exporter-tiny-1.002002-pl5321hd8ed1ab_0
#7 27.91 Linking perl-carp-1.50-pl5321hd8ed1ab_0
#7 27.91 Linking ncbi-vdb-3.4.1-hd63eeec_0
#7 27.98 Linking perl-list-moreutils-xs-0.430-pl5321h7b50bb2_5
#7 27.98 Linking perl-io-zlib-1.15-pl5321hdfd78af_1
#7 27.98 Linking perl-types-serialiser-1.01-pl5321hdfd78af_0
#7 27.98 Linking perl-list-moreutils-0.430-pl5321hdfd78af_0
#7 27.98 Linking openssl-3.6.4-h781a0a9_0
#7 28.03 Linking perl-encode-3.24-pl5321hb03c661_0
#7 28.04 Linking perl-pathtools-3.75-pl5321hb9d3cd8_2
#7 28.05 Linking libnghttp2-1.68.1-h74cf4be_1
#7 28.05 Linking libssh2-1.11.1-h6154650_1
#7 28.08 Linking krb5-1.22.2-hbc21106_2
#7 28.13 Linking wget-1.25.0-h653f8fd_1
#7 28.14 Linking rsync-3.4.4-hffd6c76_1
#7 28.14 Linking python-3.14.7-hcd007b5_106_cp314
#7 28.59 Linking libcurl-8.22.0-ha042cf0_0
#7 28.60 Linking curl-8.22.0-ha042cf0_0
#7 28.60 Linking perl-json-xs-4.04-pl5321h9948957_0
#7 28.60 Linking perl-io-compress-2.216-pl5321h503566f_0
#7 28.60 Linking entrez-direct-26.0-h1079eea_0
#7 28.61 Linking perl-json-4.11-pl5321hdfd78af_0
#7 28.61 Linking perl-archive-tar-3.12-pl5321hdfd78af_0
#7 28.61 Linking blast-2.17.0-hb02a186_1
#7 28.63 Linking kraken2-2.17.1-pl5321h077b44d_0
#7 28.64 Linking bracken-3.1-h9948957_0
#7 28.64 
#7 28.64 Transaction finished
#7 28.64 
#7 28.64 
#7 28.64 To activate this environment, use:
#7 28.64 
#7 28.64     mamba activate kraken2
#7 28.64 
#7 28.64 Or to execute a single command in this environment, use:
#7 28.64 
#7 28.64     mamba run -n kraken2 mycommand
#7 28.64 
#7 29.32 There are no unused tarball(s) to remove.
#7 29.32 Will remove 1 index cache(s).
#7 29.32 There are no unused package(s) to remove.
#7 29.32 There are no tempfile(s) to remove.
#7 29.32 There are no logfile(s) to remove.
#7 DONE 35.5s

#8 exporting to image
#8 exporting layers
#8 exporting layers 8.1s done
#8 writing image sha256:c4837a6242b3d4997ef81bf2144546f581bcbcf53486d2426b06337c204c2082 0.0s done
#8 naming to ghcr.io/bdrd-genomics/allinone-kraken2:1.0.0 0.0s done
#8 naming to ghcr.io/bdrd-genomics/allinone-kraken2:latest 0.0s done
#8 DONE 8.2s
SUCCESS: ghcr.io/bdrd-genomics/allinone-kraken2

==================================================
Building: ghcr.io/bdrd-genomics/allinone-krona:1.0.0
Dockerfile: Dockerfile.krona
==================================================
#0 building with "default" instance using docker driver

#1 [internal] load build definition from Dockerfile.krona
#1 transferring dockerfile: 473B done
#1 DONE 0.0s

#2 [internal] load metadata for ghcr.io/bdrd-genomics/allinone-conda-base:1.0.1
#2 DONE 0.0s

#3 [internal] load .dockerignore
#3 transferring context: 2B done
#3 DONE 0.1s

#4 [1/3] FROM ghcr.io/bdrd-genomics/allinone-conda-base:1.0.1
#4 CACHED

#5 [internal] load build context
#5 transferring context: 283B done
#5 DONE 0.1s

#6 [2/3] COPY environment.krona.yml /tmp/environment.yml
#6 DONE 0.2s

#7 [3/3] RUN /opt/conda/bin/mamba env create -f /tmp/environment.yml &&     /opt/conda/bin/conda clean -a -y
#7 1.104 ⚠ Shard Index for compbiocore/linux-64 not available, falling back to flat repodata
#7 1.104 Using Flat Repodata for compbiocore/linux-64                                                    ✔ Starting
#7 1.108 Using Flat Repodata for compbiocore/linux-64                                              ✔ Done (0.0 sec)
#7 1.108 ⚠ Shard Index for compbiocore/noarch not available, falling back to flat repodata
#7 1.108 Using Flat Repodata for compbiocore/noarch                                                      ✔ Starting
#7 1.109 Using Flat Repodata for compbiocore/noarch                                                ✔ Done (0.0 sec)
#7 1.109 ⚠ Shard Index for nanoporetech/linux-64 not available, falling back to flat repodata
#7 1.109 Using Flat Repodata for nanoporetech/linux-64                                                   ✔ Starting
#7 1.112 Using Flat Repodata for nanoporetech/linux-64                                             ✔ Done (0.0 sec)
#7 1.112 ⚠ Shard Index for nanoporetech/noarch not available, falling back to flat repodata
#7 1.112 Using Flat Repodata for nanoporetech/noarch                                                     ✔ Starting
#7 1.114 Using Flat Repodata for nanoporetech/noarch                                               ✔ Done (0.0 sec)
#7 1.114 ⚠ Shard Index for gurobi/linux-64 not available, falling back to flat repodata
#7 1.114 Using Flat Repodata for gurobi/linux-64                                                         ✔ Starting
#7 1.115 Using Flat Repodata for gurobi/linux-64                                                   ✔ Done (0.0 sec)
#7 1.115 ⚠ Shard Index for gurobi/noarch not available, falling back to flat repodata
#7 1.115 Using Flat Repodata for gurobi/noarch                                                           ✔ Starting
#7 1.115 Using Flat Repodata for gurobi/noarch                                                     ✔ Done (0.0 sec)
#7 1.118 Fetch Shard Index for conda-forge/linux-64                                                      ⧖ Starting
#7 1.296 Fetch Shard Index for conda-forge/linux-64                                                ✔ Done (0.2 sec)
#7 1.296 Fetch Shard Index for conda-forge/noarch                                                        ⧖ Starting
#7 1.485 Fetch Shard Index for conda-forge/noarch                                                  ✔ Done (0.2 sec)
#7 1.485 Fetching and Parsing Packages' Shards                                                           ⧖ Starting
#7 1.485 Fetching and Parsing Packages' Shards                                                     ✔ Done (0.0 sec)
#7 2.193 Using Flat Repodata for conda-forge/linux-64                                                    ✔ Starting
#7 8.355 Using Flat Repodata for conda-forge/linux-64                                              ✔ Done (6.2 sec)
#7 8.361 Using Cached Shard Index for conda-forge/noarch                                                     ✔ Done
#7 8.365 Using Cached Shard Index for conda-forge/linux-64                                                   ✔ Done
#7 8.365 Fetching and Parsing Packages' Shards                                                           ⧖ Starting
#7 8.365 Fetching and Parsing Packages' Shards                                                     ✔ Done (0.0 sec)
#7 8.817 Using Flat Repodata for conda-forge/noarch                                                      ✔ Starting
#7 11.37 Using Flat Repodata for conda-forge/noarch                                                ✔ Done (2.6 sec)
#7 11.37 Fetch Shard Index for bioconda/linux-64                                                         ⧖ Starting
#7 11.52 Fetch Shard Index for bioconda/linux-64                                                   ✔ Done (0.1 sec)
#7 11.52 Fetch Shard Index for bioconda/noarch                                                           ⧖ Starting
#7 11.68 Fetch Shard Index for bioconda/noarch                                                     ✔ Done (0.2 sec)
#7 11.68 Fetching and Parsing Packages' Shards                                                           ⧖ Starting
#7 12.11 Fetching and Parsing Packages' Shards                                                     ✔ Done (0.4 sec)
#7 12.11 Fetch Shard Index for anaconda/linux-64                                                         ⧖ Starting
#7 12.24 Fetch Shard Index for anaconda/linux-64                                                   ✔ Done (0.1 sec)
#7 12.24 Fetch Shard Index for anaconda/noarch                                                           ⧖ Starting
#7 12.36 Fetch Shard Index for anaconda/noarch                                                     ✔ Done (0.1 sec)
#7 12.36 Fetching and Parsing Packages' Shards                                                           ⧖ Starting
#7 13.62 Fetching and Parsing Packages' Shards                                                     ✔ Done (1.3 sec)
#7 13.64 Fetch Shard Index for r/linux-64                                                                ⧖ Starting
#7 13.76 Fetch Shard Index for r/linux-64                                                          ✔ Done (0.1 sec)
#7 13.76 Fetch Shard Index for r/noarch                                                                  ⧖ Starting
#7 13.90 Fetch Shard Index for r/noarch                                                            ✔ Done (0.1 sec)
#7 13.90 Fetching and Parsing Packages' Shards                                                           ⧖ Starting
#7 13.90 Fetching and Parsing Packages' Shards                                                     ✔ Done (0.0 sec)
#7 14.09 Using Flat Repodata for r/linux-64                                                              ✔ Starting
#7 14.23 Using Flat Repodata for r/linux-64                                                        ✔ Done (0.1 sec)
#7 14.23 Using Cached Shard Index for r/noarch                                                               ✔ Done
#7 14.23 Using Cached Shard Index for r/linux-64                                                             ✔ Done
#7 14.23 Fetching and Parsing Packages' Shards                                                           ⧖ Starting
#7 14.23 Fetching and Parsing Packages' Shards                                                     ✔ Done (0.0 sec)
#7 14.43 Using Flat Repodata for r/noarch                                                                ✔ Starting
#7 14.59 Using Flat Repodata for r/noarch                                                          ✔ Done (0.2 sec)
#7 14.59 Using Cached Shard Index for conda-forge/linux-64                                                   ✔ Done
#7 14.60 Using Cached Shard Index for conda-forge/noarch                                                     ✔ Done
#7 14.60 Fetching and Parsing Packages' Shards                                                           ⧖ Starting
#7 16.91 Fetching and Parsing Packages' Shards                                                     ✔ Done (2.3 sec)
#7 16.99 Using Cached Shard Index for bioconda/linux-64                                                      ✔ Done
#7 16.99 Using Cached Shard Index for bioconda/noarch                                                        ✔ Done
#7 16.99 Fetching and Parsing Packages' Shards                                                           ⧖ Starting
#7 17.10 Fetching and Parsing Packages' Shards                                                     ✔ Done (0.1 sec)
#7 17.10 Using Cached Shard Index for anaconda/linux-64                                                      ✔ Done
#7 17.10 Using Cached Shard Index for anaconda/noarch                                                        ✔ Done
#7 17.10 Fetching and Parsing Packages' Shards                                                           ⧖ Starting
#7 18.00 Fetching and Parsing Packages' Shards                                                     ✔ Done (0.9 sec)
#7 18.03 Using Cached Shard Index for r/linux-64                                                             ✔ Done
#7 18.04 Using Cached Shard Index for r/noarch                                                               ✔ Done
#7 18.04 Fetching and Parsing Packages' Shards                                                           ⧖ Starting
#7 18.04 Fetching and Parsing Packages' Shards                                                     ✔ Done (0.0 sec)
#7 18.04 Using Flat Repodata for r/linux-64                                                              ✔ Starting
#7 18.18 Using Flat Repodata for r/linux-64                                                        ✔ Done (0.1 sec)
#7 18.18 Using Cached Shard Index for r/noarch                                                               ✔ Done
#7 18.18 Using Cached Shard Index for r/linux-64                                                             ✔ Done
#7 18.18 Fetching and Parsing Packages' Shards                                                           ⧖ Starting
#7 18.18 Fetching and Parsing Packages' Shards                                                     ✔ Done (0.0 sec)
#7 18.19 Using Flat Repodata for r/noarch                                                                ✔ Starting
#7 18.35 Using Flat Repodata for r/noarch                                                          ✔ Done (0.2 sec)
#7 18.35 Parsing Packages' Records                                                                ✔ Done (17.2 sec)
#7 18.36 
#7 18.36 Resolving Environment                                                                           ⧖ Starting
#7 19.08 Resolving Environment                                                                     ✔ Done (0.7 sec)
#7 19.11 
#7 19.11 Transaction
#7 19.11 
#7 19.11   Prefix: /opt/conda/envs/krona
#7 19.11 
#7 19.11   Updating specs:
#7 19.11 
#7 19.11    - krona
#7 19.11 
#7 19.11 
#7 19.15 warning  libmamba Security Warning: This transaction includes executing package scripts (pre/post-link/unlink) if present. These scripts can contain arbitrary code. Please ensure you trust the package sources.
#7 19.15   Package                 Version  Build             Channel           Size
#7 19.15 ─────────────────────────────────────────────────────────────────────────────
#7 19.15   Install:
#7 19.15 ─────────────────────────────────────────────────────────────────────────────
#7 19.15 
#7 19.15   + _openmp_mutex             4.5  20_gnu            conda-forge       29kB
#7 19.15   + c-ares                 1.34.8  hebe6cf0_2        conda-forge     Cached
#7 19.15   + ca-certificates     2026.7.22  hbd8a1cb_0        conda-forge     Cached
#7 19.15   + curl                   8.22.0  ha042cf0_0        conda-forge      197kB
#7 19.15   + icu                      78.3  py310h44b86e0_2   conda-forge     Cached
#7 19.15   + keyutils                1.6.3  h7cc23a3_1        conda-forge     Cached
#7 19.15   + krb5                   1.22.2  hbc21106_2        conda-forge     Cached
#7 19.15   + krona                   2.8.1  pl5321hdfd78af_1  bioconda         158kB
#7 19.15   + libcurl                8.22.0  ha042cf0_0        conda-forge     Cached
#7 19.15   + libedit          3.1.20250104  pl5321h373387f_1  conda-forge     Cached
#7 19.15   + libev                    4.33  h280c20c_3        conda-forge     Cached
#7 19.15   + libgcc                 16.2.0  ha9f2e26_5        conda-forge        1MB
#7 19.15   + libgomp                16.2.0  he0feb66_5        conda-forge      642kB
#7 19.15   + libnghttp2             1.68.1  h74cf4be_1        conda-forge     Cached
#7 19.15   + libpsl                 0.23.1  hd9e3e90_1        conda-forge     Cached
#7 19.15   + libssh2                1.11.1  h6154650_1        conda-forge     Cached
#7 19.15   + libstdcxx              16.2.0  h934c35e_5        conda-forge        7MB
#7 19.15   + libxcrypt              4.4.38  h280c20c_0        conda-forge      102kB
#7 19.15   + libzlib                 1.3.2  h25fd6f3_3        conda-forge     Cached
#7 19.15   + ncurses                   6.6  hdb14827_1        conda-forge     Cached
#7 19.15   + openssl                 3.6.4  h781a0a9_0        conda-forge     Cached
#7 19.15   + perl                   5.32.1  9_h7cc23a3_perl5  conda-forge       13MB
#7 19.15   + zstd                    1.5.7  hb78ec9c_7        conda-forge     Cached
#7 19.15 
#7 19.15   Summary:
#7 19.15 
#7 19.15   Install: 23 packages
#7 19.15 
#7 19.15   Total download: 22MB
#7 19.15 
#7 19.15 ─────────────────────────────────────────────────────────────────────────────
#7 19.15 
#7 19.15 
#7 19.15 Confirm changes: [Y/n] 
#7 19.15 Transaction starting
#7 21.33 Linking libzlib-1.3.2-h25fd6f3_3
#7 21.34 Linking libgomp-16.2.0-he0feb66_5
#7 21.34 Linking zstd-1.5.7-hb78ec9c_7
#7 21.34 Linking _openmp_mutex-4.5-20_gnu
#7 21.35 Linking libgcc-16.2.0-ha9f2e26_5
#7 21.35 Linking ncurses-6.6-hdb14827_1
#7 22.53 Linking libev-4.33-h280c20c_3
#7 22.53 Linking c-ares-1.34.8-hebe6cf0_2
#7 22.56 Linking keyutils-1.6.3-h7cc23a3_1
#7 22.57 Linking libstdcxx-16.2.0-h934c35e_5
#7 22.58 Linking libxcrypt-4.4.38-h280c20c_0
#7 22.58 Linking libedit-3.1.20250104-pl5321h373387f_1
#7 22.58 Linking icu-78.3-py310h44b86e0_2
#7 22.63 Linking perl-5.32.1-9_h7cc23a3_perl5
#7 22.78 Linking libpsl-0.23.1-hd9e3e90_1
#7 22.78 Linking ca-certificates-2026.7.22-hbd8a1cb_0
#7 22.78 Linking openssl-3.6.4-h781a0a9_0
#7 22.82 Linking libnghttp2-1.68.1-h74cf4be_1
#7 22.82 Linking libssh2-1.11.1-h6154650_1
#7 22.86 Linking krb5-1.22.2-hbc21106_2
#7 22.89 Linking libcurl-8.22.0-ha042cf0_0
#7 22.89 Linking curl-8.22.0-ha042cf0_0
#7 22.89 Linking krona-2.8.1-pl5321hdfd78af_1
#7 22.90 warning  libmamba Executing post-link script for package 'krona'.
#7 22.93 
#7 22.93 Krona installed.  You still need to manually update the taxonomy
#7 22.93 databases before Krona can generate taxonomic reports.  The update
#7 22.93 script is ktUpdateTaxonomy.sh.  The default location for storing
#7 22.93 taxonomic databases is /opt/conda/envs/krona/opt/krona/taxonomy
#7 22.93 
#7 22.93 If you would like the taxonomic data stored elsewhere, simply replace
#7 22.93 this directory with a symlink.  For example:
#7 22.93 
#7 22.93 rm -rf /opt/conda/envs/krona/opt/krona/taxonomy
#7 22.93 mkdir /path/on/big/disk/taxonomy
#7 22.93 ln -s /path/on/big/disk/taxonomy /opt/conda/envs/krona/opt/krona/taxonomy
#7 22.93 ktUpdateTaxonomy.sh
#7 22.93 
#7 22.93 
#7 22.93 
#7 22.93 Transaction finished
#7 22.93 
#7 22.93 
#7 22.93 To activate this environment, use:
#7 22.93 
#7 22.93     mamba activate krona
#7 22.93 
#7 22.93 Or to execute a single command in this environment, use:
#7 22.93 
#7 22.93     mamba run -n krona mycommand
#7 22.93 
#7 23.55 There are no unused tarball(s) to remove.
#7 23.55 Will remove 1 index cache(s).
#7 23.55 There are no unused package(s) to remove.
#7 23.55 There are no tempfile(s) to remove.
#7 23.55 There are no logfile(s) to remove.
#7 DONE 25.2s

#8 exporting to image
#8 exporting layers
#8 exporting layers 3.4s done
#8 writing image sha256:c04a5cd608b0841db96944446f4c981a6fa6bbca290fdbda10edc9d15f2f0f53 0.0s done
#8 naming to ghcr.io/bdrd-genomics/allinone-krona:1.0.0 0.0s done
#8 naming to ghcr.io/bdrd-genomics/allinone-krona:latest 0.0s done
#8 DONE 3.6s
SUCCESS: ghcr.io/bdrd-genomics/allinone-krona

==================================================
Building: ghcr.io/bdrd-genomics/allinone-md:1.0.0
Dockerfile: Dockerfile.md
==================================================
#0 building with "default" instance using docker driver

#1 [1/3] FROM ghcr.io/bdrd-genomics/allinone-conda-base:1.0.1
#1 CACHED

#2 [internal] load build definition from Dockerfile.md
#2 transferring dockerfile: 458B done
#2 DONE 0.0s

#3 [internal] load metadata for ghcr.io/bdrd-genomics/allinone-conda-base:1.0.1
#3 DONE 0.0s

#4 [internal] load .dockerignore
#4 transferring context: 2B done
#4 DONE 0.0s

#5 [internal] load build context
#5 transferring context: 8.28kB done
#5 DONE 0.0s

#6 [2/3] COPY environment.md.yml /tmp/environment.yml
#6 DONE 0.2s

#7 [3/3] RUN /opt/conda/bin/mamba env create -f /tmp/environment.yml &&     /opt/conda/bin/conda clean -a -y
#7 0.991 ⚠ Shard Index for compbiocore/linux-64 not available, falling back to flat repodata
#7 0.991 Using Flat Repodata for compbiocore/linux-64                                                    ✔ Starting
#7 0.993 Using Flat Repodata for compbiocore/linux-64                                              ✔ Done (0.0 sec)
#7 0.993 ⚠ Shard Index for compbiocore/noarch not available, falling back to flat repodata
#7 0.993 Using Flat Repodata for compbiocore/noarch                                                      ✔ Starting
#7 0.993 Using Flat Repodata for compbiocore/noarch                                                ✔ Done (0.0 sec)
#7 0.993 ⚠ Shard Index for nanoporetech/linux-64 not available, falling back to flat repodata
#7 0.993 Using Flat Repodata for nanoporetech/linux-64                                                   ✔ Starting
#7 0.995 Using Flat Repodata for nanoporetech/linux-64                                             ✔ Done (0.0 sec)
#7 0.995 ⚠ Shard Index for nanoporetech/noarch not available, falling back to flat repodata
#7 0.995 Using Flat Repodata for nanoporetech/noarch                                                     ✔ Starting
#7 0.996 Using Flat Repodata for nanoporetech/noarch                                               ✔ Done (0.0 sec)
#7 0.996 ⚠ Shard Index for gurobi/linux-64 not available, falling back to flat repodata
#7 0.996 Using Flat Repodata for gurobi/linux-64                                                         ✔ Starting
#7 0.997 Using Flat Repodata for gurobi/linux-64                                                   ✔ Done (0.0 sec)
#7 0.997 ⚠ Shard Index for gurobi/noarch not available, falling back to flat repodata
#7 0.997 Using Flat Repodata for gurobi/noarch                                                           ✔ Starting
#7 0.997 Using Flat Repodata for gurobi/noarch                                                     ✔ Done (0.0 sec)
#7 0.999 Fetch Shard Index for conda-forge/linux-64                                                      ⧖ Starting
#7 1.163 Fetch Shard Index for conda-forge/linux-64                                                ✔ Done (0.2 sec)
#7 1.163 Fetch Shard Index for conda-forge/noarch                                                        ⧖ Starting
#7 1.338 Fetch Shard Index for conda-forge/noarch                                                  ✔ Done (0.2 sec)
#7 1.338 Fetching and Parsing Packages' Shards                                                           ⧖ Starting
#7 4.426 Fetching and Parsing Packages' Shards                                                     ✔ Done (3.1 sec)
#7 4.567 Fetch Shard Index for bioconda/linux-64                                                         ⧖ Starting
#7 4.706 Fetch Shard Index for bioconda/linux-64                                                   ✔ Done (0.1 sec)
#7 4.706 Fetch Shard Index for bioconda/noarch                                                           ⧖ Starting
#7 4.853 Fetch Shard Index for bioconda/noarch                                                     ✔ Done (0.1 sec)
#7 4.853 Fetching and Parsing Packages' Shards                                                           ⧖ Starting
#7 7.338 Fetching and Parsing Packages' Shards                                                     ✔ Done (2.5 sec)
#7 7.354 Fetch Shard Index for anaconda/linux-64                                                         ⧖ Starting
#7 7.488 Fetch Shard Index for anaconda/linux-64                                                   ✔ Done (0.1 sec)
#7 7.488 Fetch Shard Index for anaconda/noarch                                                           ⧖ Starting
#7 7.602 Fetch Shard Index for anaconda/noarch                                                     ✔ Done (0.1 sec)
#7 7.602 Fetching and Parsing Packages' Shards                                                           ⧖ Starting
#7 14.74 Fetching and Parsing Packages' Shards                                                     ✔ Done (7.1 sec)
#7 14.82 Fetch Shard Index for r/linux-64                                                                ⧖ Starting
#7 14.95 Fetch Shard Index for r/linux-64                                                          ✔ Done (0.1 sec)
#7 14.95 Fetch Shard Index for r/noarch                                                                  ⧖ Starting
#7 15.08 Fetch Shard Index for r/noarch                                                            ✔ Done (0.1 sec)
#7 15.08 Fetching and Parsing Packages' Shards                                                           ⧖ Starting
#7 15.19 Fetching and Parsing Packages' Shards                                                     ✔ Done (0.1 sec)
#7 15.34 Using Flat Repodata for r/linux-64                                                              ✔ Starting
#7 15.40 Using Flat Repodata for r/linux-64                                                        ✔ Done (0.1 sec)
#7 15.40 Using Cached Shard Index for r/noarch                                                               ✔ Done
#7 15.41 Using Cached Shard Index for r/linux-64                                                             ✔ Done
#7 15.41 Fetching and Parsing Packages' Shards                                                           ⧖ Starting
#7 15.41 Fetching and Parsing Packages' Shards                                                     ✔ Done (0.0 sec)
#7 15.59 Using Flat Repodata for r/noarch                                                                ✔ Starting
#7 15.67 Using Flat Repodata for r/noarch                                                          ✔ Done (0.1 sec)
#7 15.67 Using Cached Shard Index for conda-forge/linux-64                                                   ✔ Done
#7 15.68 Using Cached Shard Index for conda-forge/noarch                                                     ✔ Done
#7 15.68 Fetching and Parsing Packages' Shards                                                           ⧖ Starting
#7 20.15 Fetching and Parsing Packages' Shards                                                     ✔ Done (4.5 sec)
#7 20.44 Using Cached Shard Index for bioconda/linux-64                                                      ✔ Done
#7 20.45 Using Cached Shard Index for bioconda/noarch                                                        ✔ Done
#7 20.45 Fetching and Parsing Packages' Shards                                                           ⧖ Starting
#7 20.77 Fetching and Parsing Packages' Shards                                                     ✔ Done (0.3 sec)
#7 20.79 Using Cached Shard Index for anaconda/linux-64                                                      ✔ Done
#7 20.79 Using Cached Shard Index for anaconda/noarch                                                        ✔ Done
#7 20.79 Fetching and Parsing Packages' Shards                                                           ⧖ Starting
#7 25.17 Fetching and Parsing Packages' Shards                                                     ✔ Done (4.4 sec)
#7 25.29 Using Cached Shard Index for r/linux-64                                                             ✔ Done
#7 25.29 Using Cached Shard Index for r/noarch                                                               ✔ Done
#7 25.29 Fetching and Parsing Packages' Shards                                                           ⧖ Starting
#7 25.29 Fetching and Parsing Packages' Shards                                                     ✔ Done (0.0 sec)
#7 25.29 Using Flat Repodata for r/linux-64                                                              ✔ Starting
#7 25.35 Using Flat Repodata for r/linux-64                                                        ✔ Done (0.1 sec)
#7 25.36 Using Cached Shard Index for r/noarch                                                               ✔ Done
#7 25.36 Using Cached Shard Index for r/linux-64                                                             ✔ Done
#7 25.36 Fetching and Parsing Packages' Shards                                                           ⧖ Starting
#7 25.36 Fetching and Parsing Packages' Shards                                                     ✔ Done (0.0 sec)
#7 25.36 Using Flat Repodata for r/noarch                                                                ✔ Starting
#7 25.44 Using Flat Repodata for r/noarch                                                          ✔ Done (0.1 sec)
#7 25.44 Parsing Packages' Records                                                                ✔ Done (24.4 sec)
#7 25.45 
#7 25.45 Resolving Environment                                                                           ⧖ Starting
#7 26.06 Resolving Environment                                                                     ✔ Done (0.6 sec)
#7 26.07 
#7 26.07 Transaction
#7 26.07 
#7 26.07   Prefix: /opt/conda/envs/md
#7 26.07 
#7 26.07   Updating specs:
#7 26.07 
#7 26.07    - _libgcc_mutex=0.1=conda_forge
#7 26.07    - _openmp_mutex=4.5=2_gnu
#7 26.07    - _sysroot_linux-64_curr_repodata_hack=3=h69a702a_13
#7 26.07    - alsa-lib=1.2.10=hd590300_0
#7 26.07    - aria2=1.37.0=h43d1f13_0
#7 26.07    - bbmap=39.6=h92535d8_0
#7 26.07    - bedtools=2.31.1=hf5e1c6e_0
#7 26.07    - blast=2.15.0=pl5321h6f7f691_1
#7 26.07    - bowtie2=2.5.2=py310ha0a81b8_0
#7 26.07    - brotli=1.1.0=hd590300_1
#7 26.07    - brotli-bin=1.1.0=hd590300_1
#7 26.07    - bwa=0.7.17=he4a0461_11
#7 26.07    - bzip2=1.0.8=hd590300_5
#7 26.07    - c-ares=1.24.0=hd590300_0
#7 26.07    - ca-certificates=2024.8.30=hbcca054_0
#7 26.07    - cairo=1.18.0=h3faef2a_0
#7 26.07    - certifi=2024.8.30=pyhd8ed1ab_0
#7 26.07    - circos=0.69.9=hdfd78af_0
#7 26.07    - contourpy=1.2.0=py310hd41b1e2_0
#7 26.07    - csvtk=0.30.0=h9ee0642_2
#7 26.07    - curl=8.5.0=hca28451_0
#7 26.07    - cycler=0.12.1=pyhd8ed1ab_0
#7 26.07    - diamond=2.1.9=h43eeafb_0
#7 26.07    - entrez-direct=16.2=he881be0_1
#7 26.07    - expat=2.5.0=hcb278e6_1
#7 26.07    - fastp=0.23.4=h125f33a_5
#7 26.07    - fastqc=0.12.1=hdfd78af_0
#7 26.07    - font-ttf-dejavu-sans-mono=2.37=hab24e00_0
#7 26.07    - font-ttf-inconsolata=3.0=h77eed37_0
#7 26.07    - font-ttf-source-code-pro=2.38=h77eed37_0
#7 26.07    - font-ttf-ubuntu=0.83=h77eed37_1
#7 26.07    - fontconfig=2.14.2=h14ed4e7_0
#7 26.07    - fonts-conda-ecosystem=1=0
#7 26.07    - fonts-conda-forge=1=0
#7 26.07    - fonttools=4.47.0=py310h2372a71_0
#7 26.07    - freetype=2.12.1=h267a509_2
#7 26.07    - gawk=5.3.1=hcd3d067_0
#7 26.07    - gettext=0.21.1=h27087fc_0
#7 26.07    - giflib=5.2.1=h0b41bf4_3
#7 26.07    - glimmerhmm=3.0.4=pl5321h87f3376_5
#7 26.07    - gmp=6.3.0=hac33072_2
#7 26.07    - graphite2=1.3.13=h58526e2_1001
#7 26.07    - harfbuzz=8.3.0=h3d44ed6_0
#7 26.07    - htslib=1.19.1=h81da01d_2
#7 26.07    - icu=73.2=h59595ed_0
#7 26.07    - isa-l=2.31.0=hd590300_1
#7 26.07    - joblib=1.3.2=pyhd8ed1ab_0
#7 26.07    - k8=0.2.5=hdcf5f25_4
#7 26.07    - kernel-headers_linux-64=3.10.0=h4a8ded7_13
#7 26.07    - keyutils=1.6.1=h166bdaf_0
#7 26.07    - kiwisolver=1.4.5=py310hd41b1e2_1
#7 26.07    - krb5=1.21.2=h659d440_0
#7 26.07    - lcms2=2.16=hb7c19ff_0
#7 26.07    - ld_impl_linux-64=2.40=h41732ed_0
#7 26.07    - lerc=4.0.0=h27087fc_0
#7 26.07    - libasprintf=0.22.5=he8f35ee_3
#7 26.07    - libblas=3.9.0=20_linux64_openblas
#7 26.07    - libbrotlicommon=1.1.0=hd590300_1
#7 26.07    - libbrotlidec=1.1.0=hd590300_1
#7 26.07    - libbrotlienc=1.1.0=hd590300_1
#7 26.07    - libcblas=3.9.0=20_linux64_openblas
#7 26.07    - libcups=2.3.3=h4637d8d_4
#7 26.07    - libcurl=8.5.0=hca28451_0
#7 26.07    - libdeflate=1.20=hd590300_0
#7 26.07    - libedit=3.1.20191231=he28a2e2_2
#7 26.07    - libev=4.33=hd590300_2
#7 26.07    - libexpat=2.5.0=hcb278e6_1
#7 26.07    - libffi=3.4.2=h7f98852_5
#7 26.07    - libgcc=14.2.0=h77fa898_1
#7 26.07    - libgcc-ng=14.2.0=h69a702a_1
#7 26.07    - libgd=2.3.3=h119a65a_9
#7 26.07    - libgettextpo=0.22.5=he02047a_3
#7 26.07    - libgfortran-ng=13.2.0=h69a702a_3
#7 26.07    - libgfortran5=13.2.0=ha4646dd_3
#7 26.07    - libglib=2.78.3=h783c2da_0
#7 26.07    - libgomp=14.2.0=h77fa898_1
#7 26.07    - libhwloc=2.9.3=default_h554bfaf_1009
#7 26.07    - libiconv=1.17=hd590300_2
#7 26.07    - libidn2=2.3.4=h166bdaf_0
#7 26.07    - libjpeg-turbo=3.0.0=hd590300_1
#7 26.07    - liblapack=3.9.0=20_linux64_openblas
#7 26.07    - libnghttp2=1.58.0=h47da74e_1
#7 26.07    - libnsl=2.0.1=hd590300_0
#7 26.07    - libopenblas=0.3.25=pthreads_h413a1c8_0
#7 26.07    - libpng=1.6.39=h753d276_0
#7 26.07    - libsqlite=3.44.2=h2797004_0
#7 26.07    - libssh2=1.11.0=h0841786_0
#7 26.07    - libstdcxx-ng=13.2.0=h7e041cc_3
#7 26.07    - libtiff=4.6.0=h1dd3fc0_3
#7 26.07    - libunistring=0.9.10=h7f98852_0
#7 26.07    - libuuid=2.38.1=h0b41bf4_0
#7 26.07    - libwebp=1.3.2=h658648e_1
#7 26.07    - libwebp-base=1.3.2=hd590300_0
#7 26.07    - libxcb=1.15=h0b41bf4_0
#7 26.07    - libxml2=2.11.6=h232c23b_0
#7 26.07    - libzlib=1.2.13=hd590300_5
#7 26.07    - llvm-openmp=8.0.1=hc9558a2_0
#7 26.07    - matplotlib-base=3.8.2=py310h62c0568_0
#7 26.07    - miniasm=0.3=he4a0461_3
#7 26.07    - minimap2=2.26=he4a0461_2
#7 26.07    - mmseqs2=15.6f452=pl5321h6a68c12_3
#7 26.07    - mpfr=4.2.1=h90cbb55_3
#7 26.07    - munkres=1.1.4=pyh9f0ad1d_0
#7 26.07    - ncbi-vdb=3.0.10=hdbdd923_0
#7 26.07    - ncurses=6.4=h59595ed_2
#7 26.07    - numpy=1.26.2=py310hb13e2d6_0
#7 26.07    - openjdk=21.0.1=haa376d0_0
#7 26.07    - openjpeg=2.5.0=h488ebb8_3
#7 26.07    - openmp=8.0.1=0
#7 26.07    - openssl=3.3.2=hb9d3cd8_0
#7 26.07    - ossuuid=1.6.2=hf484d3e_1000
#7 26.07    - packaging=23.2=pyhd8ed1ab_0
#7 26.07    - pbzip2=1.1.13=h1fcc475_2
#7 26.07    - pcre=8.45=h9c3ff4c_0
#7 26.07    - pcre2=10.42=hcad00b1_0
#7 26.07    - perl=5.32.1=4_hd590300_perl5
#7 26.07    - perl-archive-tar=2.40=pl5321hdfd78af_0
#7 26.07    - perl-b-cow=0.7=pl5321h166bdaf_0
#7 26.07    - perl-base=2.23=pl5321hd8ed1ab_0
#7 26.07    - perl-business-isbn=3.7=pl5321hd8ed1ab_0
#7 26.07    - perl-business-isbn-data=20210112.6=pl5321hd8ed1ab_0
#7 26.07    - perl-carp=1.50=pl5321hd8ed1ab_0
#7 26.07    - perl-clone=0.46=pl5321h166bdaf_0
#7 26.07    - perl-common-sense=3.75=pl5321hd8ed1ab_0
#7 26.07    - perl-compress-raw-bzip2=2.201=pl5321h166bdaf_0
#7 26.07    - perl-compress-raw-zlib=2.202=pl5321h166bdaf_0
#7 26.07    - perl-config-general=2.65=pl5321hdfd78af_0
#7 26.07    - perl-constant=1.33=pl5321hd8ed1ab_0
#7 26.07    - perl-digest-perl-md5=1.9=pl5321hdfd78af_2
#7 26.07    - perl-encode=3.19=pl5321h166bdaf_0
#7 26.07    - perl-exporter=5.74=pl5321hd8ed1ab_0
#7 26.07    - perl-exporter-tiny=1.2002=pl5321hd8ed1ab_0
#7 26.07    - perl-extutils-config=0.8=pl5321ha770c72_0
#7 26.07    - perl-extutils-helpers=0.26=pl5321ha770c72_0
#7 26.07    - perl-extutils-installpaths=0.12=pl5321ha770c72_0
#7 26.07    - perl-extutils-makemaker=7.70=pl5321hd8ed1ab_0
#7 26.07    - perl-extutils-pl2bat=0.5=pl5321ha770c72_0
#7 26.07    - perl-file-path=2.18=pl5321hd8ed1ab_0
#7 26.07    - perl-file-temp=0.2304=pl5321hd8ed1ab_0
#7 26.07    - perl-font-ttf=1.6=pl5321hdfd78af_1
#7 26.07    - perl-gd=2.76=pl5321h5b5514e_1
#7 26.07    - perl-inc-latest=0.500=pl5321ha770c72_0
#7 26.07    - perl-io-compress=2.201=pl5321hdbdd923_2
#7 26.07    - perl-io-string=1.8=pl5321hdfd78af_4
#7 26.07    - perl-io-zlib=1.14=pl5321hdfd78af_0
#7 26.07    - perl-json=4.10=pl5321hdfd78af_0
#7 26.07    - perl-json-xs=2.34=pl5321h4ac6f70_6
#7 26.07    - perl-list-moreutils=0.430=pl5321hdfd78af_0
#7 26.07    - perl-list-moreutils-xs=0.430=pl5321h031d066_2
#7 26.07    - perl-math-bezier=0.1=pl5321hdfd78af_2
#7 26.07    - perl-math-round=0.7=pl5321ha770c72_0
#7 26.07    - perl-math-vecstat=0.8=pl5321hdfd78af_2
#7 26.07    - perl-module-build=0.4232=pl5321ha770c72_0
#7 26.07    - perl-module-build-tiny=0.39=pl5321h166bdaf_0
#7 26.07    - perl-module-implementation=0.9=pl5321ha770c72_0
#7 26.07    - perl-module-runtime=0.16=pl5321ha770c72_0
#7 26.07    - perl-number-format=1.76=pl5321hdfd78af_0
#7 26.07    - perl-params-validate=1.31=pl5321hec16e2b_0
#7 26.07    - perl-parent=0.241=pl5321hd8ed1ab_0
#7 26.07    - perl-pathtools=3.75=pl5321h166bdaf_0
#7 26.07    - perl-readonly=2.5=pl5321ha770c72_0
#7 26.07    - perl-regexp-common=2017060201=pl5321hd8ed1ab_0
#7 26.07    - perl-scalar-list-utils=1.63=pl5321h166bdaf_0
#7 26.07    - perl-set-intspan=1.19=pl5321hdfd78af_2
#7 26.07    - perl-statistics-basic=1.6611=pl5321hdfd78af_3
#7 26.07    - perl-storable=3.15=pl5321h166bdaf_0
#7 26.07    - perl-svg=2.87=pl5321hd8ed1ab_0
#7 26.07    - perl-test-fatal=0.16=pl5321ha770c72_0
#7 26.07    - perl-test-warnings=0.31=pl5321ha770c72_0
#7 26.07    - perl-text-format=0.62=pl5321hdfd78af_0
#7 26.07    - perl-time-hires=1.9764=pl5321h031d066_4
#7 26.07    - perl-try-tiny=0.31=pl5321ha770c72_0
#7 26.07    - perl-types-serialiser=1.1=pl5321hdfd78af_0
#7 26.07    - perl-uri=5.17=pl5321ha770c72_0
#7 26.07    - perl-xml-libxml=2.132=pl526_1
#7 26.07    - perl-xml-namespacesupport=1.12=pl5321hd8ed1ab_0
#7 26.07    - perl-xml-parser=2.44.1=pl5321hc3e0081_1003
#7 26.07    - perl-xml-sax=1.2=pl5321hd8ed1ab_0
#7 26.07    - perl-xml-sax-base=1.9=pl5321hd8ed1ab_0
#7 26.07    - pillow=10.1.0=py310h01dd4db_0
#7 26.07    - pip=23.3.2=pyhd8ed1ab_0
#7 26.07    - pixman=0.42.2=h59595ed_0
#7 26.07    - pthread-stubs=0.4=h36c2ea0_1001
#7 26.07    - pyparsing=3.1.1=pyhd8ed1ab_0
#7 26.07    - python=3.10.13=hd12c33a_0_cpython
#7 26.07    - python-dateutil=2.8.2=pyhd8ed1ab_0
#7 26.07    - python_abi=3.10=4_cp310
#7 26.07    - quast=5.2.0=py310pl5321h6cc9453_3
#7 26.07    - racon=1.5.0=hdcf5f25_4
#7 26.07    - readline=8.2=h8228510_1
#7 26.07    - samtools=1.19.2=h50ea8bc_1
#7 26.07    - seqkit=2.6.1=h9ee0642_0
#7 26.07    - seqtk=1.4=he4a0461_1
#7 26.07    - setuptools=68.2.2=pyhd8ed1ab_0
#7 26.07    - simplejson=3.19.2=py310h2372a71_0
#7 26.07    - six=1.16.0=pyh6c4a22f_0
#7 26.07    - spades=4.0.0=h6dccd9a_3
#7 26.07    - sysroot_linux-64=2.17=h4a8ded7_13
#7 26.07    - tbb=2021.11.0=h00ab1b0_0
#7 26.07    - tk=8.6.13=noxft_h4845f30_101
#7 26.07    - tzdata=2023c=h71feb2d_0
#7 26.07    - unicodedata2=15.1.0=py310h2372a71_0
#7 26.07    - unicycler=0.5.1=py310hdf79db3_2
#7 26.07    - wget=1.20.3=ha35d2d1_1
#7 26.07    - wheel=0.42.0=pyhd8ed1ab_0
#7 26.07    - xorg-fixesproto=5.0=h7f98852_1002
#7 26.07    - xorg-inputproto=2.3.2=h7f98852_1002
#7 26.07    - xorg-kbproto=1.0.7=h7f98852_1002
#7 26.07    - xorg-libice=1.1.1=hd590300_0
#7 26.07    - xorg-libsm=1.2.4=h7391055_0
#7 26.07    - xorg-libx11=1.8.7=h8ee46fc_0
#7 26.07    - xorg-libxau=1.0.11=hd590300_0
#7 26.07    - xorg-libxdmcp=1.1.3=h7f98852_0
#7 26.07    - xorg-libxext=1.3.4=h0b41bf4_2
#7 26.07    - xorg-libxfixes=5.0.3=h7f98852_1004
#7 26.07    - xorg-libxi=1.7.10=h7f98852_0
#7 26.07    - xorg-libxrender=0.9.11=hd590300_0
#7 26.07    - xorg-libxt=1.3.0=hd590300_1
#7 26.07    - xorg-libxtst=1.2.3=h7f98852_1002
#7 26.07    - xorg-recordproto=1.14.2=h7f98852_1002
#7 26.07    - xorg-renderproto=0.11.1=h7f98852_1002
#7 26.07    - xorg-xextproto=7.3.0=h0b41bf4_1003
#7 26.07    - xorg-xproto=7.0.31=h7f98852_1007
#7 26.07    - xz=5.2.6=h166bdaf_0
#7 26.07    - zlib=1.2.13=hd590300_5
#7 26.07    - zstd=1.5.5=hfc55251_0
#7 26.07 
#7 26.07 
#7 26.18   Package                                      Version  Build                  Channel          Size
#7 26.18 ──────────────────────────────────────────────────────────────────────────────────────────────────────
#7 26.18   Install:
#7 26.18 ──────────────────────────────────────────────────────────────────────────────────────────────────────
#7 26.18 
#7 26.18   + _libgcc_mutex                                  0.1  conda_forge            conda-forge       3kB
#7 26.18   + _openmp_mutex                                  4.5  2_gnu                  conda-forge      24kB
#7 26.18   + _sysroot_linux-64_curr_repodata_hack             3  h69a702a_13            conda-forge      21kB
#7 26.18   + alsa-lib                                    1.2.10  hd590300_0             conda-forge     555kB
#7 26.18   + aria2                                       1.37.0  h43d1f13_0             conda-forge       2MB
#7 26.18   + bbmap                                        39.06  h92535d8_0             bioconda         13MB
#7 26.18   + bedtools                                    2.31.1  hf5e1c6e_0             bioconda          2MB
#7 26.18   + blast                                       2.15.0  pl5321h6f7f691_1       bioconda        153MB
#7 26.18   + bowtie2                                      2.5.2  py310ha0a81b8_0        bioconda         15MB
#7 26.18   + brotli                                       1.1.0  hd590300_1             conda-forge      19kB
#7 26.18   + brotli-bin                                   1.1.0  hd590300_1             conda-forge      19kB
#7 26.18   + bwa                                         0.7.17  he4a0461_11            bioconda        196kB
#7 26.18   + bzip2                                        1.0.8  hd590300_5             conda-forge     254kB
#7 26.18   + c-ares                                      1.24.0  hd590300_0             conda-forge     156kB
#7 26.18   + ca-certificates                          2024.8.30  hbcca054_0             conda-forge     159kB
#7 26.18   + cairo                                       1.18.0  h3faef2a_0             conda-forge     982kB
#7 26.18   + certifi                                  2024.8.30  pyhd8ed1ab_0           conda-forge     164kB
#7 26.18   + circos                                      0.69.9  hdfd78af_0             bioconda         28MB
#7 26.18   + contourpy                                    1.2.0  py310hd41b1e2_0        conda-forge     239kB
#7 26.18   + csvtk                                       0.30.0  h9ee0642_2             bioconda          9MB
#7 26.18   + curl                                         8.5.0  hca28451_0             conda-forge      95kB
#7 26.18   + cycler                                      0.12.1  pyhd8ed1ab_0           conda-forge      13kB
#7 26.18   + diamond                                      2.1.9  h43eeafb_0             bioconda          4MB
#7 26.18   + entrez-direct                                 16.2  he881be0_1             bioconda          8MB
#7 26.18   + expat                                        2.5.0  hcb278e6_1             conda-forge     137kB
#7 26.18   + fastp                                       0.23.4  h125f33a_5             bioconda          3MB
#7 26.18   + fastqc                                      0.12.1  hdfd78af_0             bioconda         12MB
#7 26.18   + font-ttf-dejavu-sans-mono                     2.37  hab24e00_0             conda-forge     397kB
#7 26.18   + font-ttf-inconsolata                         3.000  h77eed37_0             conda-forge      97kB
#7 26.18   + font-ttf-source-code-pro                     2.038  h77eed37_0             conda-forge     701kB
#7 26.18   + font-ttf-ubuntu                               0.83  h77eed37_1             conda-forge       2MB
#7 26.18   + fontconfig                                  2.14.2  h14ed4e7_0             conda-forge     272kB
#7 26.18   + fonts-conda-ecosystem                            1  0                      conda-forge       4kB
#7 26.18   + fonts-conda-forge                                1  0                      conda-forge       4kB
#7 26.18   + fonttools                                   4.47.0  py310h2372a71_0        conda-forge       2MB
#7 26.18   + freetype                                    2.12.1  h267a509_2             conda-forge     635kB
#7 26.18   + gawk                                         5.3.1  hcd3d067_0             conda-forge       1MB
#7 26.18   + gettext                                     0.21.1  h27087fc_0             conda-forge       4MB
#7 26.18   + giflib                                       5.2.1  h0b41bf4_3             conda-forge      77kB
#7 26.18   + glimmerhmm                                   3.0.4  pl5321h87f3376_5       bioconda         43MB
#7 26.18   + gmp                                          6.3.0  hac33072_2             conda-forge     460kB
#7 26.18   + graphite2                                   1.3.13  h58526e2_1001          conda-forge     105kB
#7 26.18   + harfbuzz                                     8.3.0  h3d44ed6_0             conda-forge       2MB
#7 26.18   + htslib                                      1.19.1  h81da01d_2             bioconda          3MB
#7 26.18   + icu                                           73.2  h59595ed_0             conda-forge      12MB
#7 26.18   + isa-l                                       2.31.0  hd590300_1             conda-forge     201kB
#7 26.18   + joblib                                       1.3.2  pyhd8ed1ab_0           conda-forge     221kB
#7 26.18   + k8                                           0.2.5  hdcf5f25_4             bioconda          2MB
#7 26.18   + kernel-headers_linux-64                     3.10.0  h4a8ded7_13            conda-forge     976kB
#7 26.18   + keyutils                                     1.6.1  h166bdaf_0             conda-forge     118kB
#7 26.18   + kiwisolver                                   1.4.5  py310hd41b1e2_1        conda-forge      73kB
#7 26.18   + krb5                                        1.21.2  h659d440_0             conda-forge       1MB
#7 26.18   + lcms2                                         2.16  hb7c19ff_0             conda-forge     245kB
#7 26.18   + ld_impl_linux-64                              2.40  h41732ed_0             conda-forge     705kB
#7 26.18   + lerc                                         4.0.0  h27087fc_0             conda-forge     282kB
#7 26.18   + libasprintf                                 0.22.5  he8f35ee_3             conda-forge      43kB
#7 26.18   + libblas                                      3.9.0  20_linux64_openblas    conda-forge      14kB
#7 26.18   + libbrotlicommon                              1.1.0  hd590300_1             conda-forge      69kB
#7 26.18   + libbrotlidec                                 1.1.0  hd590300_1             conda-forge      33kB
#7 26.18   + libbrotlienc                                 1.1.0  hd590300_1             conda-forge     283kB
#7 26.18   + libcblas                                     3.9.0  20_linux64_openblas    conda-forge      14kB
#7 26.18   + libcups                                      2.3.3  h4637d8d_4             conda-forge       5MB
#7 26.18   + libcurl                                      8.5.0  hca28451_0             conda-forge     389kB
#7 26.18   + libdeflate                                    1.20  hd590300_0             conda-forge      72kB
#7 26.18   + libedit                               3.1.20191231  he28a2e2_2             conda-forge     124kB
#7 26.18   + libev                                         4.33  hd590300_2             conda-forge     113kB
#7 26.18   + libexpat                                     2.5.0  hcb278e6_1             conda-forge      78kB
#7 26.18   + libffi                                       3.4.2  h7f98852_5             conda-forge      58kB
#7 26.18   + libgcc                                      14.2.0  h77fa898_1             conda-forge     849kB
#7 26.18   + libgcc-ng                                   14.2.0  h69a702a_1             conda-forge      54kB
#7 26.18   + libgd                                        2.3.3  h119a65a_9             conda-forge     224kB
#7 26.18   + libgettextpo                                0.22.5  he02047a_3             conda-forge     171kB
#7 26.18   + libgfortran-ng                              13.2.0  h69a702a_3             conda-forge      24kB
#7 26.18   + libgfortran5                                13.2.0  ha4646dd_3             conda-forge       1MB
#7 26.18   + libglib                                     2.78.3  h783c2da_0             conda-forge       3MB
#7 26.18   + libgomp                                     14.2.0  h77fa898_1             conda-forge     461kB
#7 26.18   + libhwloc                                     2.9.3  default_h554bfaf_1009  conda-forge       3MB
#7 26.18   + libiconv                                      1.17  hd590300_2             conda-forge     706kB
#7 26.18   + libidn2                                      2.3.4  h166bdaf_0             conda-forge     160kB
#7 26.18   + libjpeg-turbo                                3.0.0  hd590300_1             conda-forge     619kB
#7 26.18   + liblapack                                    3.9.0  20_linux64_openblas    conda-forge      14kB
#7 26.18   + libnghttp2                                  1.58.0  h47da74e_1             conda-forge     632kB
#7 26.18   + libnsl                                       2.0.1  hd590300_0             conda-forge      33kB
#7 26.18   + libopenblas                                 0.3.25  pthreads_h413a1c8_0    conda-forge       6MB
#7 26.18   + libpng                                      1.6.39  h753d276_0             conda-forge     283kB
#7 26.18   + libsqlite                                   3.44.2  h2797004_0             conda-forge     846kB
#7 26.18   + libssh2                                     1.11.0  h0841786_0             conda-forge     271kB
#7 26.18   + libstdcxx-ng                                13.2.0  h7e041cc_3             conda-forge       4MB
#7 26.18   + libtiff                                      4.6.0  h1dd3fc0_3             conda-forge     283kB
#7 26.18   + libunistring                                0.9.10  h7f98852_0             conda-forge       1MB
#7 26.18   + libuuid                                     2.38.1  h0b41bf4_0             conda-forge      34kB
#7 26.18   + libwebp                                      1.3.2  h658648e_1             conda-forge      85kB
#7 26.18   + libwebp-base                                 1.3.2  hd590300_0             conda-forge     402kB
#7 26.18   + libxcb                                        1.15  h0b41bf4_0             conda-forge     384kB
#7 26.18   + libxml2                                     2.11.6  h232c23b_0             conda-forge     706kB
#7 26.18   + libzlib                                     1.2.13  hd590300_5             conda-forge      62kB
#7 26.18   + llvm-openmp                                  8.0.1  hc9558a2_0             conda-forge     449kB
#7 26.18   + matplotlib-base                              3.8.2  py310h62c0568_0        conda-forge       7MB
#7 26.18   + miniasm                                        0.3  he4a0461_3             bioconda        130kB
#7 26.18   + minimap2                                      2.26  he4a0461_2             bioconda          1MB
#7 26.18   + mmseqs2                                   15.6f452  pl5321h6a68c12_3       bioconda          4MB
#7 26.18   + mpfr                                         4.2.1  h90cbb55_3             conda-forge     635kB
#7 26.18   + munkres                                      1.1.4  pyh9f0ad1d_0           conda-forge      12kB
#7 26.18   + ncbi-vdb                                    3.0.10  hdbdd923_0             bioconda         11MB
#7 26.18   + ncurses                                        6.4  h59595ed_2             conda-forge     884kB
#7 26.18   + numpy                                       1.26.2  py310hb13e2d6_0        conda-forge       7MB
#7 26.18   + openjdk                                     21.0.1  haa376d0_0             conda-forge     181MB
#7 26.18   + openjpeg                                     2.5.0  h488ebb8_3             conda-forge     357kB
#7 26.18   + openmp                                       8.0.1  0                      conda-forge       8kB
#7 26.18   + openssl                                      3.3.2  hb9d3cd8_0             conda-forge       3MB
#7 26.18   + ossuuid                                      1.6.2  hf484d3e_1000          conda-forge      57kB
#7 26.18   + packaging                                     23.2  pyhd8ed1ab_0           conda-forge      49kB
#7 26.18   + pbzip2                                      1.1.13  h1fcc475_2             conda-forge      42kB
#7 26.18   + pcre                                          8.45  h9c3ff4c_0             conda-forge     259kB
#7 26.18   + pcre2                                        10.42  hcad00b1_0             conda-forge       1MB
#7 26.18   + perl                                        5.32.1  4_hd590300_perl5       conda-forge      13MB
#7 26.18   + perl-archive-tar                              2.40  pl5321hdfd78af_0       bioconda         34kB
#7 26.18   + perl-b-cow                                   0.007  pl5321h166bdaf_0       conda-forge      20kB
#7 26.18   + perl-base                                     2.23  pl5321hd8ed1ab_0       conda-forge      20kB
#7 26.18   + perl-business-isbn                           3.007  pl5321hd8ed1ab_0       conda-forge      18kB
#7 26.18   + perl-business-isbn-data               20210112.006  pl5321hd8ed1ab_0       conda-forge      22kB
#7 26.18   + perl-carp                                     1.50  pl5321hd8ed1ab_0       conda-forge      22kB
#7 26.18   + perl-clone                                    0.46  pl5321h166bdaf_0       conda-forge      21kB
#7 26.18   + perl-common-sense                             3.75  pl5321hd8ed1ab_0       conda-forge      20kB
#7 26.18   + perl-compress-raw-bzip2                      2.201  pl5321h166bdaf_0       conda-forge      55kB
#7 26.18   + perl-compress-raw-zlib                       2.202  pl5321h166bdaf_0       conda-forge      85kB
#7 26.18   + perl-config-general                           2.65  pl5321hdfd78af_0       bioconda         45kB
#7 26.18   + perl-constant                                 1.33  pl5321hd8ed1ab_0       conda-forge      16kB
#7 26.18   + perl-digest-perl-md5                           1.9  pl5321hdfd78af_2       bioconda         14kB
#7 26.18   + perl-encode                                   3.19  pl5321h166bdaf_0       conda-forge       2MB
#7 26.18   + perl-exporter                                 5.74  pl5321hd8ed1ab_0       conda-forge      19kB
#7 26.18   + perl-exporter-tiny                        1.002002  pl5321hd8ed1ab_0       conda-forge      29kB
#7 26.18   + perl-extutils-config                         0.008  pl5321ha770c72_0       conda-forge      16kB
#7 26.18   + perl-extutils-helpers                        0.026  pl5321ha770c72_0       conda-forge      19kB
#7 26.18   + perl-extutils-installpaths                   0.012  pl5321ha770c72_0       conda-forge      22kB
#7 26.18   + perl-extutils-makemaker                       7.70  pl5321hd8ed1ab_0       conda-forge     157kB
#7 26.18   + perl-extutils-pl2bat                         0.005  pl5321ha770c72_0       conda-forge      23kB
#7 26.18   + perl-file-path                                2.18  pl5321hd8ed1ab_0       conda-forge      22kB
#7 26.18   + perl-file-temp                              0.2304  pl5321hd8ed1ab_0       conda-forge      32kB
#7 26.18   + perl-font-ttf                                 1.06  pl5321hdfd78af_1       bioconda        206kB
#7 26.18   + perl-gd                                       2.76  pl5321h5b5514e_1       bioconda        121kB
#7 26.18   + perl-inc-latest                              0.500  pl5321ha770c72_0       conda-forge      16kB
#7 26.18   + perl-io-compress                             2.201  pl5321hdbdd923_2       bioconda         87kB
#7 26.18   + perl-io-string                                1.08  pl5321hdfd78af_4       bioconda         12kB
#7 26.18   + perl-io-zlib                                  1.14  pl5321hdfd78af_0       bioconda         12kB
#7 26.18   + perl-json                                     4.10  pl5321hdfd78af_0       bioconda         57kB
#7 26.18   + perl-json-xs                                  2.34  pl5321h4ac6f70_6       bioconda         67kB
#7 26.18   + perl-list-moreutils                          0.430  pl5321hdfd78af_0       bioconda         32kB
#7 26.18   + perl-list-moreutils-xs                       0.430  pl5321h031d066_2       bioconda         51kB
#7 26.18   + perl-math-bezier                              0.01  pl5321hdfd78af_2       bioconda         10kB
#7 26.18   + perl-math-round                               0.07  pl5321ha770c72_0       conda-forge      18kB
#7 26.18   + perl-math-vecstat                             0.08  pl5321hdfd78af_2       bioconda         12kB
#7 26.18   + perl-module-build                           0.4232  pl5321ha770c72_0       conda-forge     136kB
#7 26.18   + perl-module-build-tiny                       0.039  pl5321h166bdaf_0       conda-forge      19kB
#7 26.18   + perl-module-implementation                    0.09  pl5321ha770c72_0       conda-forge      14kB
#7 26.18   + perl-module-runtime                          0.016  pl5321ha770c72_0       conda-forge      23kB
#7 26.18   + perl-number-format                            1.76  pl5321hdfd78af_0       bioconda         25kB
#7 26.18   + perl-params-validate                          1.31  pl5321hec16e2b_0       bioconda         50kB
#7 26.18   + perl-parent                                  0.241  pl5321hd8ed1ab_0       conda-forge      14kB
#7 26.18   + perl-pathtools                                3.75  pl5321h166bdaf_0       conda-forge      50kB
#7 26.18   + perl-readonly                                 2.05  pl5321ha770c72_0       conda-forge      25kB
#7 26.18   + perl-regexp-common                      2017060201  pl5321hd8ed1ab_0       conda-forge     100kB
#7 26.18   + perl-scalar-list-utils                        1.63  pl5321h166bdaf_0       conda-forge      51kB
#7 26.18   + perl-set-intspan                              1.19  pl5321hdfd78af_2       bioconda         25kB
#7 26.18   + perl-statistics-basic                       1.6611  pl5321hdfd78af_3       bioconda         35kB
#7 26.18   + perl-storable                                 3.15  pl5321h166bdaf_0       conda-forge      72kB
#7 26.18   + perl-svg                                      2.87  pl5321hd8ed1ab_0       conda-forge      45kB
#7 26.18   + perl-test-fatal                              0.016  pl5321ha770c72_0       conda-forge      20kB
#7 26.18   + perl-test-warnings                           0.031  pl5321ha770c72_0       conda-forge      22kB
#7 26.18   + perl-text-format                              0.62  pl5321hdfd78af_0       bioconda         19kB
#7 26.18   + perl-time-hires                             1.9764  pl5321h031d066_4       bioconda         28kB
#7 26.18   + perl-try-tiny                                 0.31  pl5321ha770c72_0       conda-forge      18kB
#7 26.18   + perl-types-serialiser                         1.01  pl5321hdfd78af_0       bioconda         13kB
#7 26.18   + perl-uri                                      5.17  pl5321ha770c72_0       conda-forge      68kB
#7 26.18   + perl-xml-libxml                             2.0132  pl526_1                compbiocore     263kB
#7 26.18   + perl-xml-namespacesupport                     1.12  pl5321hd8ed1ab_0       conda-forge      23kB
#7 26.18   + perl-xml-parser                            2.44_01  pl5321hc3e0081_1003    conda-forge     168kB
#7 26.18   + perl-xml-sax                                  1.02  pl5321hd8ed1ab_0       conda-forge      44kB
#7 26.18   + perl-xml-sax-base                             1.09  pl5321hd8ed1ab_0       conda-forge      28kB
#7 26.18   + pillow                                      10.1.0  py310h01dd4db_0        conda-forge      47MB
#7 26.18   + pip                                         23.3.2  pyhd8ed1ab_0           conda-forge       1MB
#7 26.18   + pixman                                      0.42.2  h59595ed_0             conda-forge     385kB
#7 26.18   + pthread-stubs                                  0.4  h36c2ea0_1001          conda-forge       6kB
#7 26.18   + pyparsing                                    3.1.1  pyhd8ed1ab_0           conda-forge      90kB
#7 26.18   + python                                     3.10.13  hd12c33a_0_cpython     conda-forge      25MB
#7 26.18   + python-dateutil                              2.8.2  pyhd8ed1ab_0           conda-forge     246kB
#7 26.18   + python_abi                                    3.10  4_cp310                conda-forge       6kB
#7 26.18   + quast                                        5.2.0  py310pl5321h6cc9453_3  bioconda         15MB
#7 26.18   + racon                                        1.5.0  hdcf5f25_4             bioconda        167kB
#7 26.18   + readline                                       8.2  h8228510_1             conda-forge     281kB
#7 26.18   + samtools                                    1.19.2  h50ea8bc_1             bioconda        463kB
#7 26.18   + seqkit                                       2.6.1  h9ee0642_0             bioconda          7MB
#7 26.18   + seqtk                                          1.4  he4a0461_1             bioconda         44kB
#7 26.18   + setuptools                                  68.2.2  pyhd8ed1ab_0           conda-forge     464kB
#7 26.18   + simplejson                                  3.19.2  py310h2372a71_0        conda-forge     109kB
#7 26.18   + six                                         1.16.0  pyh6c4a22f_0           conda-forge      14kB
#7 26.18   + spades                                       4.0.0  h6dccd9a_3             bioconda         11MB
#7 26.18   + sysroot_linux-64                              2.17  h4a8ded7_13            conda-forge      36MB
#7 26.18   + tbb                                      2021.11.0  h00ab1b0_0             conda-forge     194kB
#7 26.18   + tk                                          8.6.13  noxft_h4845f30_101     conda-forge       3MB
#7 26.18   + tzdata                                       2023c  h71feb2d_0             conda-forge     118kB
#7 26.18   + unicodedata2                                15.1.0  py310h2372a71_0        conda-forge     374kB
#7 26.18   + unicycler                                    0.5.1  py310hdf79db3_2        bioconda          1MB
#7 26.18   + wget                                        1.20.3  ha35d2d1_1             conda-forge     835kB
#7 26.18   + wheel                                       0.42.0  pyhd8ed1ab_0           conda-forge      58kB
#7 26.18   + xorg-fixesproto                                5.0  h7f98852_1002          conda-forge       9kB
#7 26.18   + xorg-inputproto                              2.3.2  h7f98852_1002          conda-forge      20kB
#7 26.18   + xorg-kbproto                                 1.0.7  h7f98852_1002          conda-forge      27kB
#7 26.18   + xorg-libice                                  1.1.1  hd590300_0             conda-forge      58kB
#7 26.18   + xorg-libsm                                   1.2.4  h7391055_0             conda-forge      27kB
#7 26.18   + xorg-libx11                                  1.8.7  h8ee46fc_0             conda-forge     829kB
#7 26.18   + xorg-libxau                                 1.0.11  hd590300_0             conda-forge      14kB
#7 26.18   + xorg-libxdmcp                                1.1.3  h7f98852_0             conda-forge      19kB
#7 26.18   + xorg-libxext                                 1.3.4  h0b41bf4_2             conda-forge      50kB
#7 26.18   + xorg-libxfixes                               5.0.3  h7f98852_1004          conda-forge      18kB
#7 26.18   + xorg-libxi                                  1.7.10  h7f98852_0             conda-forge      47kB
#7 26.18   + xorg-libxrender                             0.9.11  hd590300_0             conda-forge      38kB
#7 26.18   + xorg-libxt                                   1.3.0  hd590300_1             conda-forge     379kB
#7 26.18   + xorg-libxtst                                 1.2.3  h7f98852_1002          conda-forge      32kB
#7 26.18   + xorg-recordproto                            1.14.2  h7f98852_1002          conda-forge       8kB
#7 26.18   + xorg-renderproto                            0.11.1  h7f98852_1002          conda-forge      10kB
#7 26.18   + xorg-xextproto                               7.3.0  h0b41bf4_1003          conda-forge      30kB
#7 26.18   + xorg-xproto                                 7.0.31  h7f98852_1007          conda-forge      75kB
#7 26.18   + xz                                           5.2.6  h166bdaf_0             conda-forge     418kB
#7 26.18   + zlib                                        1.2.13  hd590300_5             conda-forge      93kB
#7 26.18   + zstd                                         1.5.5  hfc55251_0             conda-forge     545kB
#7 26.18 
#7 26.18   Summary:
#7 26.18 
#7 26.18   Install: 226 packages
#7 26.18 
#7 26.18   Total download: 749MB
#7 26.18 
#7 26.18 ──────────────────────────────────────────────────────────────────────────────────────────────────────
#7 26.18 
#7 26.18 
#7 26.18 Confirm changes: [Y/n] warning  libmamba Security Warning: This transaction includes executing package scripts (pre/post-link/unlink) if present. These scripts can contain arbitrary code. Please ensure you trust the package sources.
#7 26.18 
#7 26.18 Transaction starting
#7 42.84 Linking _libgcc_mutex-0.1-conda_forge
#7 42.84 Linking ca-certificates-2024.8.30-hbcca054_0
#7 42.84 Linking ld_impl_linux-64-2.40-h41732ed_0
#7 42.84 Linking libstdcxx-ng-13.2.0-h7e041cc_3
#7 42.84 Linking python_abi-3.10-4_cp310
#7 42.84 Linking libgomp-14.2.0-h77fa898_1
#7 42.84 Linking _openmp_mutex-4.5-2_gnu
#7 42.85 Linking libgcc-14.2.0-h77fa898_1
#7 42.85 Linking openssl-3.3.2-hb9d3cd8_0
#7 42.86 Linking libgcc-ng-14.2.0-h69a702a_1
#7 42.86 Linking xz-5.2.6-h166bdaf_0
#7 42.87 Linking xorg-xproto-7.0.31-h7f98852_1007
#7 42.87 Linking xorg-xextproto-7.3.0-h0b41bf4_1003
#7 42.87 Linking xorg-renderproto-0.11.1-h7f98852_1002
#7 42.87 Linking xorg-recordproto-1.14.2-h7f98852_1002
#7 42.87 Linking xorg-libxdmcp-1.1.3-h7f98852_0
#7 42.88 Linking xorg-libxau-1.0.11-hd590300_0
#7 42.88 Linking xorg-libice-1.1.1-hd590300_0
#7 42.88 Linking xorg-kbproto-1.0.7-h7f98852_1002
#7 42.88 Linking xorg-inputproto-2.3.2-h7f98852_1002
#7 42.88 Linking pthread-stubs-0.4-h36c2ea0_1001
#7 42.88 Linking pixman-0.42.2-h59595ed_0
#7 42.88 Linking pcre-8.45-h9c3ff4c_0
#7 42.88 Linking ossuuid-1.6.2-hf484d3e_1000
#7 42.88 Linking ncurses-6.4-h59595ed_2
#7 43.79 Linking llvm-openmp-8.0.1-hc9558a2_0
#7 43.79 Linking libzlib-1.2.13-hd590300_5
#7 43.79 Linking libwebp-base-1.3.2-hd590300_0
#7 43.79 Linking libuuid-2.38.1-h0b41bf4_0
#7 43.79 warning  libmamba [libuuid-2.38.1-h0b41bf4_0] The following files were already present in the environment:
#7 43.79     - lib/libuuid.a
#7 43.79     - lib/libuuid.so
#7 43.79     - lib/pkgconfig/uuid.pc
#7 43.79 Linking libunistring-0.9.10-h7f98852_0
#7 43.80 Linking libnsl-2.0.1-hd590300_0
#7 43.80 Linking libjpeg-turbo-3.0.0-hd590300_1
#7 43.80 Linking libiconv-1.17-hd590300_2
#7 43.81 Linking libgfortran5-13.2.0-ha4646dd_3
#7 43.81 Linking libgettextpo-0.22.5-he02047a_3
#7 43.81 Linking libffi-3.4.2-h7f98852_5
#7 43.81 Linking libexpat-2.5.0-hcb278e6_1
#7 43.81 Linking libev-4.33-hd590300_2
#7 43.81 Linking libdeflate-1.20-hd590300_0
#7 43.81 Linking libbrotlicommon-1.1.0-hd590300_1
#7 43.81 Linking libasprintf-0.22.5-he8f35ee_3
#7 43.81 Linking lerc-4.0.0-h27087fc_0
#7 43.81 Linking keyutils-1.6.1-h166bdaf_0
#7 43.81 Linking isa-l-2.31.0-hd590300_1
#7 43.81 Linking icu-73.2-h59595ed_0
#7 43.83 Linking graphite2-1.3.13-h58526e2_1001
#7 43.83 Linking gmp-6.3.0-hac33072_2
#7 43.83 Linking giflib-5.2.1-h0b41bf4_3
#7 43.83 Linking gettext-0.21.1-h27087fc_0
#7 43.91 warning  libmamba [gettext-0.21.1-h27087fc_0] The following files were already present in the environment:
#7 43.91     - lib/libasprintf.so.0
#7 43.91     - lib/libasprintf.so.0.0.0
#7 43.91     - lib/libgettextpo.so.0
#7 43.91 Linking c-ares-1.24.0-hd590300_0
#7 43.92 Linking bzip2-1.0.8-hd590300_5
#7 43.92 Linking alsa-lib-1.2.10-hd590300_0
#7 43.93 Linking xorg-fixesproto-5.0-h7f98852_1002
#7 43.93 Linking libxcb-1.15-h0b41bf4_0
#7 43.93 Linking readline-8.2-h8228510_1
#7 43.94 Linking libedit-3.1.20191231-he28a2e2_2
#7 43.94 Linking openmp-8.0.1-0
#7 43.94 Linking zstd-1.5.5-hfc55251_0
#7 43.94 Linking zlib-1.2.13-hd590300_5
#7 43.94 Linking tk-8.6.13-noxft_h4845f30_101
#7 43.96 Linking libssh2-1.11.0-h0841786_0
#7 43.97 Linking libsqlite-3.44.2-h2797004_0
#7 43.97 Linking libpng-1.6.39-h753d276_0
#7 43.97 Linking xorg-libsm-1.2.4-h7391055_0
#7 43.97 Linking perl-5.32.1-4_hd590300_perl5
#7 44.11 Linking libgfortran-ng-13.2.0-h69a702a_3
#7 44.11 Linking expat-2.5.0-hcb278e6_1
#7 44.11 Linking libbrotlienc-1.1.0-hd590300_1
#7 44.11 Linking libbrotlidec-1.1.0-hd590300_1
#7 44.11 Linking libxml2-2.11.6-h232c23b_0
#7 44.12 Linking mpfr-4.2.1-h90cbb55_3
#7 44.12 Linking libidn2-2.3.4-h166bdaf_0
#7 44.12 Linking libnghttp2-1.58.0-h47da74e_1
#7 44.12 Linking pcre2-10.42-hcad00b1_0
#7 44.13 Linking pbzip2-1.1.13-h1fcc475_2
#7 44.13 Linking xorg-libx11-1.8.7-h8ee46fc_0
#7 44.14 Linking krb5-1.21.2-h659d440_0
#7 44.15 Linking libtiff-4.6.0-h1dd3fc0_3
#7 44.15 Linking freetype-2.12.1-h267a509_2
#7 44.16 Linking perl-try-tiny-0.31-pl5321ha770c72_0
#7 44.16 Linking perl-test-warnings-0.031-pl5321ha770c72_0
#7 44.16 Linking perl-storable-3.15-pl5321h166bdaf_0
#7 44.16 Linking perl-scalar-list-utils-1.63-pl5321h166bdaf_0
#7 44.16 Linking perl-math-round-0.07-pl5321ha770c72_0
#7 44.16 Linking perl-inc-latest-0.500-pl5321ha770c72_0
#7 44.16 Linking perl-extutils-pl2bat-0.005-pl5321ha770c72_0
#7 44.16 Linking perl-extutils-config-0.008-pl5321ha770c72_0
#7 44.16 Linking perl-compress-raw-zlib-2.202-pl5321h166bdaf_0
#7 44.16 Linking perl-compress-raw-bzip2-2.201-pl5321h166bdaf_0
#7 44.16 Linking perl-b-cow-0.007-pl5321h166bdaf_0
#7 44.16 Linking libopenblas-0.3.25-pthreads_h413a1c8_0
#7 44.16 Linking perl-xml-parser-2.44_01-pl5321hc3e0081_1003
#7 44.17 Linking brotli-bin-1.1.0-hd590300_1
#7 44.17 Linking libhwloc-2.9.3-default_h554bfaf_1009
#7 44.19 Linking aria2-1.37.0-h43d1f13_0
#7 44.20 Linking gawk-5.3.1-hcd3d067_0
#7 44.21 Linking wget-1.20.3-ha35d2d1_1
#7 44.21 Linking libglib-2.78.3-h783c2da_0
#7 44.22 Linking xorg-libxt-1.3.0-hd590300_1
#7 44.23 Linking xorg-libxrender-0.9.11-hd590300_0
#7 44.23 Linking xorg-libxfixes-5.0.3-h7f98852_1004
#7 44.23 Linking xorg-libxext-1.3.4-h0b41bf4_2
#7 44.23 Linking libcurl-8.5.0-hca28451_0
#7 44.23 Linking libcups-2.3.3-h4637d8d_4
#7 44.24 Linking openjpeg-2.5.0-h488ebb8_3
#7 44.24 Linking libwebp-1.3.2-h658648e_1
#7 44.24 Linking lcms2-2.16-hb7c19ff_0
#7 44.24 Linking fontconfig-2.14.2-h14ed4e7_0
#7 44.24 Linking perl-test-fatal-0.016-pl5321ha770c72_0
#7 44.24 Linking perl-module-build-0.4232-pl5321ha770c72_0
#7 44.25 Linking perl-extutils-helpers-0.026-pl5321ha770c72_0
#7 44.25 Linking perl-extutils-installpaths-0.012-pl5321ha770c72_0
#7 44.25 Linking perl-clone-0.46-pl5321h166bdaf_0
#7 44.25 Linking libblas-3.9.0-20_linux64_openblas
#7 44.30 Linking brotli-1.1.0-hd590300_1
#7 44.30 Linking tbb-2021.11.0-h00ab1b0_0
#7 44.30 Linking xorg-libxi-1.7.10-h7f98852_0
#7 44.30 Linking curl-8.5.0-hca28451_0
#7 44.30 Linking perl-module-runtime-0.016-pl5321ha770c72_0
#7 44.30 Linking perl-module-build-tiny-0.039-pl5321h166bdaf_0
#7 44.30 Linking liblapack-3.9.0-20_linux64_openblas
#7 44.35 Linking libcblas-3.9.0-20_linux64_openblas
#7 44.39 Linking xorg-libxtst-1.2.3-h7f98852_1002
#7 44.39 Linking perl-module-implementation-0.09-pl5321ha770c72_0
#7 44.39 Linking perl-readonly-2.05-pl5321ha770c72_0
#7 44.39 Linking _sysroot_linux-64_curr_repodata_hack-3-h69a702a_13
#7 44.39 Linking font-ttf-dejavu-sans-mono-2.37-hab24e00_0
#7 44.39 Linking font-ttf-inconsolata-3.000-h77eed37_0
#7 44.39 Linking font-ttf-source-code-pro-2.038-h77eed37_0
#7 44.40 Linking font-ttf-ubuntu-0.83-h77eed37_1
#7 44.40 Linking tzdata-2023c-h71feb2d_0
#7 44.42 Linking perl-xml-sax-base-1.09-pl5321hd8ed1ab_0
#7 44.42 Linking perl-svg-2.87-pl5321hd8ed1ab_0
#7 44.42 Linking perl-regexp-common-2017060201-pl5321hd8ed1ab_0
#7 44.42 Linking perl-parent-0.241-pl5321hd8ed1ab_0
#7 44.42 Linking perl-extutils-makemaker-7.70-pl5321hd8ed1ab_0
#7 44.42 Linking perl-exporter-tiny-1.002002-pl5321hd8ed1ab_0
#7 44.42 Linking perl-exporter-5.74-pl5321hd8ed1ab_0
#7 44.42 Linking perl-constant-1.33-pl5321hd8ed1ab_0
#7 44.43 Linking perl-common-sense-3.75-pl5321hd8ed1ab_0
#7 44.43 Linking perl-base-2.23-pl5321hd8ed1ab_0
#7 44.43 Linking kernel-headers_linux-64-3.10.0-h4a8ded7_13
#7 44.46 Linking fonts-conda-forge-1-0
#7 44.46 Linking perl-file-path-2.18-pl5321hd8ed1ab_0
#7 44.46 Linking perl-carp-1.50-pl5321hd8ed1ab_0
#7 44.46 Linking perl-xml-namespacesupport-1.12-pl5321hd8ed1ab_0
#7 44.46 Linking sysroot_linux-64-2.17-h4a8ded7_13
#7 44.59 Linking fonts-conda-ecosystem-1-0
#7 44.59 Linking perl-file-temp-0.2304-pl5321hd8ed1ab_0
#7 44.59 Linking perl-business-isbn-data-20210112.006-pl5321hd8ed1ab_0
#7 44.59 Linking perl-xml-sax-1.02-pl5321hd8ed1ab_0
#7 44.60 Linking perl-business-isbn-3.007-pl5321hd8ed1ab_0
#7 44.60 Linking csvtk-0.30.0-h9ee0642_2
#7 44.60 Linking seqkit-2.6.1-h9ee0642_0
#7 44.60 Linking fastp-0.23.4-h125f33a_5
#7 44.60 Linking bedtools-2.31.1-hf5e1c6e_0
#7 44.60 Linking seqtk-1.4-he4a0461_1
#7 44.60 Linking miniasm-0.3-he4a0461_3
#7 44.60 Linking k8-0.2.5-hdcf5f25_4
#7 44.60 Linking perl-list-moreutils-xs-0.430-pl5321h031d066_2
#7 44.61 Linking glimmerhmm-3.0.4-pl5321h87f3376_5
#7 44.62 Linking bwa-0.7.17-he4a0461_11
#7 44.62 Linking mmseqs2-15.6f452-pl5321h6a68c12_3
#7 44.62 Linking entrez-direct-16.2-he881be0_1
#7 44.63 Linking htslib-1.19.1-h81da01d_2
#7 44.64 Linking perl-time-hires-1.9764-pl5321h031d066_4
#7 44.64 Linking perl-params-validate-1.31-pl5321hec16e2b_0
#7 44.64 Linking minimap2-2.26-he4a0461_2
#7 44.64 Linking samtools-1.19.2-h50ea8bc_1
#7 44.64 Linking perl-text-format-0.62-pl5321hdfd78af_0
#7 44.65 Linking perl-set-intspan-1.19-pl5321hdfd78af_2
#7 44.65 Linking perl-math-vecstat-0.08-pl5321hdfd78af_2
#7 44.65 Linking perl-math-bezier-0.01-pl5321hdfd78af_2
#7 44.65 Linking perl-io-zlib-1.14-pl5321hdfd78af_0
#7 44.65 Linking perl-io-string-1.08-pl5321hdfd78af_4
#7 44.65 Linking perl-digest-perl-md5-1.9-pl5321hdfd78af_2
#7 44.65 Linking perl-types-serialiser-1.01-pl5321hdfd78af_0
#7 44.65 Linking perl-number-format-1.76-pl5321hdfd78af_0
#7 44.65 Linking perl-list-moreutils-0.430-pl5321hdfd78af_0
#7 44.65 Linking perl-font-ttf-1.06-pl5321hdfd78af_1
#7 44.66 Linking perl-statistics-basic-1.6611-pl5321hdfd78af_3
#7 44.66 Linking python-3.10.13-hd12c33a_0_cpython
#7 44.78 Linking perl-encode-3.19-pl5321h166bdaf_0
#7 44.79 Linking perl-pathtools-3.75-pl5321h166bdaf_0
#7 44.80 Linking libgd-2.3.3-h119a65a_9
#7 44.80 Linking cairo-1.18.0-h3faef2a_0
#7 44.80 Linking perl-uri-5.17-pl5321ha770c72_0
#7 44.80 Linking unicodedata2-15.1.0-py310h2372a71_0
#7 44.80 Linking simplejson-3.19.2-py310h2372a71_0
#7 44.81 Linking pillow-10.1.0-py310h01dd4db_0
#7 44.82 Linking numpy-1.26.2-py310hb13e2d6_0
#7 44.87 Linking kiwisolver-1.4.5-py310hd41b1e2_1
#7 44.88 Linking harfbuzz-8.3.0-h3d44ed6_0
#7 44.88 Linking contourpy-1.2.0-py310hd41b1e2_0
#7 44.88 Linking openjdk-21.0.1-haa376d0_0
#7 45.13 Linking perl-xml-libxml-2.0132-pl526_1
#7 45.14 Linking perl-json-xs-2.34-pl5321h4ac6f70_6
#7 45.14 Linking spades-4.0.0-h6dccd9a_3
#7 45.14 warning  libmamba Executing post-link script for package 'spades'.
#7 45.18 
#7 45.18 Linking racon-1.5.0-hdcf5f25_4
#7 45.18 Linking bowtie2-2.5.2-py310ha0a81b8_0
#7 45.23 Linking perl-io-compress-2.201-pl5321hdbdd923_2
#7 45.23 Linking perl-gd-2.76-pl5321h5b5514e_1
#7 45.23 Linking bbmap-39.06-h92535d8_0
#7 45.55 warning  libmamba [bbmap-39.06-h92535d8_0] The following files were already present in the environment:
#7 45.55     - bin/build_env_setup.sh
#7 45.55     - bin/conda_build.sh
#7 45.56 Linking ncbi-vdb-3.0.10-hdbdd923_0
#7 45.61 Linking wheel-0.42.0-pyhd8ed1ab_0
#7 45.62 Linking six-1.16.0-pyh6c4a22f_0
#7 45.62 Linking setuptools-68.2.2-pyhd8ed1ab_0
#7 45.64 Linking pyparsing-3.1.1-pyhd8ed1ab_0
#7 45.64 Linking packaging-23.2-pyhd8ed1ab_0
#7 45.64 Linking munkres-1.1.4-pyh9f0ad1d_0
#7 45.64 Linking cycler-0.12.1-pyhd8ed1ab_0
#7 45.64 Linking certifi-2024.8.30-pyhd8ed1ab_0
#7 45.64 Linking python-dateutil-2.8.2-pyhd8ed1ab_0
#7 45.64 Linking pip-23.3.2-pyhd8ed1ab_0
#7 45.67 Linking joblib-1.3.2-pyhd8ed1ab_0
#7 45.67 Linking perl-config-general-2.65-pl5321hdfd78af_0
#7 45.67 Linking fastqc-0.12.1-hdfd78af_0
#7 45.69 Linking perl-json-4.10-pl5321hdfd78af_0
#7 45.69 Linking perl-archive-tar-2.40-pl5321hdfd78af_0
#7 45.69 Linking circos-0.69.9-hdfd78af_0
#7 45.70 Linking fonttools-4.47.0-py310h2372a71_0
#7 45.73 Linking matplotlib-base-3.8.2-py310h62c0568_0
#7 45.79 Linking blast-2.15.0-pl5321h6f7f691_1
#7 45.82 Linking unicycler-0.5.1-py310hdf79db3_2
#7 45.82 Linking quast-5.2.0-py310pl5321h6cc9453_3
#7 45.86 warning  libmamba Executing post-link script for package 'quast'.
#7 45.91 The default QUAST package does not include:
#7 45.91 * GRIDSS (needed for structural variants detection)
#7 45.91 * SILVA 16S rRNA database (needed for reference genome detection in metagenomic datasets)
#7 45.91 * BUSCO tools and databases (needed for searching BUSCO genes) -- works in Linux only!
#7 45.91 
#7 45.91 To be able to use those, please run
#7 45.91     quast-download-gridss
#7 45.91     quast-download-silva
#7 45.91     quast-download-busco
#7 45.91 
#7 45.91 Linking diamond-2.1.9-h43eeafb_0
#7 45.93 
#7 45.93 Transaction finished
#7 45.93 
#7 45.93 
#7 45.93 To activate this environment, use:
#7 45.93 
#7 45.93     mamba activate md
#7 45.93 
#7 45.93 Or to execute a single command in this environment, use:
#7 45.93 
#7 45.93     mamba run -n md mycommand
#7 45.93 
#7 46.54 There are no unused tarball(s) to remove.
#7 46.54 Will remove 1 index cache(s).
#7 46.54 There are no unused package(s) to remove.
#7 46.54 There are no tempfile(s) to remove.
#7 46.54 There are no logfile(s) to remove.
#7 DONE 48.5s

#8 exporting to image
#8 exporting layers
#8 exporting layers 22.3s done
#8 writing image sha256:f203c8daac9b28da5bee1cffe1a5b80937c1056110c3f9ca6da5723aef4bdcdb
#8 writing image sha256:f203c8daac9b28da5bee1cffe1a5b80937c1056110c3f9ca6da5723aef4bdcdb 0.0s done
#8 naming to ghcr.io/bdrd-genomics/allinone-md:1.0.0 0.0s done
#8 naming to ghcr.io/bdrd-genomics/allinone-md:latest 0.0s done
#8 DONE 22.4s
SUCCESS: ghcr.io/bdrd-genomics/allinone-md

==================================================
Building: ghcr.io/bdrd-genomics/allinone-mmseqs2:1.0.0
Dockerfile: Dockerfile.mmseqs2
==================================================
#0 building with "default" instance using docker driver

#1 [internal] load build definition from Dockerfile.mmseqs2
#1 transferring dockerfile: 483B done
#1 DONE 0.0s

#2 [internal] load metadata for ghcr.io/bdrd-genomics/allinone-conda-base:1.0.1
#2 DONE 0.0s

#3 [internal] load .dockerignore
#3 transferring context: 2B done
#3 DONE 0.1s

#4 [1/3] FROM ghcr.io/bdrd-genomics/allinone-conda-base:1.0.1
#4 CACHED

#5 [internal] load build context
#5 transferring context: 1.42kB done
#5 DONE 0.0s

#6 [2/3] COPY environment.mmseqs2.yml /tmp/environment.yml
#6 DONE 0.1s

#7 [3/3] RUN /opt/conda/bin/mamba env create -f /tmp/environment.yml &&     /opt/conda/bin/conda clean -a -y
#7 1.263 ⚠ Shard Index for compbiocore/linux-64 not available, falling back to flat repodata
#7 1.263 Using Flat Repodata for compbiocore/linux-64                                                    ✔ Starting
#7 1.270 Using Flat Repodata for compbiocore/linux-64                                              ✔ Done (0.0 sec)
#7 1.270 ⚠ Shard Index for compbiocore/noarch not available, falling back to flat repodata
#7 1.270 Using Flat Repodata for compbiocore/noarch                                                      ✔ Starting
#7 1.270 Using Flat Repodata for compbiocore/noarch                                                ✔ Done (0.0 sec)
#7 1.270 ⚠ Shard Index for nanoporetech/linux-64 not available, falling back to flat repodata
#7 1.270 Using Flat Repodata for nanoporetech/linux-64                                                   ✔ Starting
#7 1.275 Using Flat Repodata for nanoporetech/linux-64                                             ✔ Done (0.0 sec)
#7 1.275 ⚠ Shard Index for nanoporetech/noarch not available, falling back to flat repodata
#7 1.275 Using Flat Repodata for nanoporetech/noarch                                                     ✔ Starting
#7 1.277 Using Flat Repodata for nanoporetech/noarch                                               ✔ Done (0.0 sec)
#7 1.277 ⚠ Shard Index for gurobi/linux-64 not available, falling back to flat repodata
#7 1.277 Using Flat Repodata for gurobi/linux-64                                                         ✔ Starting
#7 1.278 Using Flat Repodata for gurobi/linux-64                                                   ✔ Done (0.0 sec)
#7 1.278 ⚠ Shard Index for gurobi/noarch not available, falling back to flat repodata
#7 1.278 Using Flat Repodata for gurobi/noarch                                                           ✔ Starting
#7 1.279 Using Flat Repodata for gurobi/noarch                                                     ✔ Done (0.0 sec)
#7 1.281 Fetch Shard Index for conda-forge/linux-64                                                      ⧖ Starting
#7 1.460 Fetch Shard Index for conda-forge/linux-64                                                ✔ Done (0.2 sec)
#7 1.460 Fetch Shard Index for conda-forge/noarch                                                        ⧖ Starting
#7 1.645 Fetch Shard Index for conda-forge/noarch                                                  ✔ Done (0.2 sec)
#7 1.645 Fetching and Parsing Packages' Shards                                                           ⧖ Starting
#7 4.345 Fetching and Parsing Packages' Shards                                                     ✔ Done (2.7 sec)
#7 4.444 Fetch Shard Index for bioconda/linux-64                                                         ⧖ Starting
#7 4.607 Fetch Shard Index for bioconda/linux-64                                                   ✔ Done (0.2 sec)
#7 4.607 Fetch Shard Index for bioconda/noarch                                                           ⧖ Starting
#7 4.756 Fetch Shard Index for bioconda/noarch                                                     ✔ Done (0.1 sec)
#7 4.756 Fetching and Parsing Packages' Shards                                                           ⧖ Starting
#7 4.880 Fetching and Parsing Packages' Shards                                                     ✔ Done (0.1 sec)
#7 4.888 Using Cached Shard Index for bioconda/noarch                                                        ✔ Done
#7 4.891 Using Cached Shard Index for bioconda/linux-64                                                      ✔ Done
#7 4.891 Fetching and Parsing Packages' Shards                                                           ⧖ Starting
#7 4.892 Fetching and Parsing Packages' Shards                                                     ✔ Done (0.0 sec)
#7 5.132 Using Flat Repodata for bioconda/noarch                                                         ✔ Starting
#7 5.606 Using Flat Repodata for bioconda/noarch                                                   ✔ Done (0.5 sec)
#7 5.606 Fetch Shard Index for anaconda/linux-64                                                         ⧖ Starting
#7 5.734 Fetch Shard Index for anaconda/linux-64                                                   ✔ Done (0.1 sec)
#7 5.734 Fetch Shard Index for anaconda/noarch                                                           ⧖ Starting
#7 5.853 Fetch Shard Index for anaconda/noarch                                                     ✔ Done (0.1 sec)
#7 5.853 Fetching and Parsing Packages' Shards                                                           ⧖ Starting
#7 7.079 Fetching and Parsing Packages' Shards                                                     ✔ Done (1.2 sec)
#7 7.112 Fetch Shard Index for r/linux-64                                                                ⧖ Starting
#7 7.243 Fetch Shard Index for r/linux-64                                                          ✔ Done (0.1 sec)
#7 7.243 Fetch Shard Index for r/noarch                                                                  ⧖ Starting
#7 7.385 Fetch Shard Index for r/noarch                                                            ✔ Done (0.1 sec)
#7 7.385 Fetching and Parsing Packages' Shards                                                           ⧖ Starting
#7 7.385 Fetching and Parsing Packages' Shards                                                     ✔ Done (0.0 sec)
#7 7.545 Using Flat Repodata for r/linux-64                                                              ✔ Starting
#7 7.631 Using Flat Repodata for r/linux-64                                                        ✔ Done (0.1 sec)
#7 7.633 Using Cached Shard Index for r/noarch                                                               ✔ Done
#7 7.634 Using Cached Shard Index for r/linux-64                                                             ✔ Done
#7 7.634 Fetching and Parsing Packages' Shards                                                           ⧖ Starting
#7 7.634 Fetching and Parsing Packages' Shards                                                     ✔ Done (0.0 sec)
#7 7.813 Using Flat Repodata for r/noarch                                                                ✔ Starting
#7 7.900 Using Flat Repodata for r/noarch                                                          ✔ Done (0.1 sec)
#7 7.903 Using Cached Shard Index for conda-forge/linux-64                                                   ✔ Done
#7 7.910 Using Cached Shard Index for conda-forge/noarch                                                     ✔ Done
#7 7.910 Fetching and Parsing Packages' Shards                                                           ⧖ Starting
#7 8.224 Fetching and Parsing Packages' Shards                                                     ✔ Done (0.3 sec)
#7 8.308 Using Cached Shard Index for bioconda/linux-64                                                      ✔ Done
#7 8.311 Using Cached Shard Index for bioconda/noarch                                                        ✔ Done
#7 8.311 Fetching and Parsing Packages' Shards                                                           ⧖ Starting
#7 8.311 Fetching and Parsing Packages' Shards                                                     ✔ Done (0.0 sec)
#7 8.315 Using Cached Shard Index for bioconda/noarch                                                        ✔ Done
#7 8.316 Using Cached Shard Index for bioconda/linux-64                                                      ✔ Done
#7 8.316 Fetching and Parsing Packages' Shards                                                           ⧖ Starting
#7 8.317 Fetching and Parsing Packages' Shards                                                     ✔ Done (0.0 sec)
#7 8.318 Using Flat Repodata for bioconda/noarch                                                         ✔ Starting
#7 8.734 Using Flat Repodata for bioconda/noarch                                                   ✔ Done (0.4 sec)
#7 8.735 Using Cached Shard Index for anaconda/linux-64                                                      ✔ Done
#7 8.735 Using Cached Shard Index for anaconda/noarch                                                        ✔ Done
#7 8.735 Fetching and Parsing Packages' Shards                                                           ⧖ Starting
#7 8.770 Fetching and Parsing Packages' Shards                                                     ✔ Done (0.0 sec)
#7 8.793 Using Cached Shard Index for r/linux-64                                                             ✔ Done
#7 8.795 Using Cached Shard Index for r/noarch                                                               ✔ Done
#7 8.795 Fetching and Parsing Packages' Shards                                                           ⧖ Starting
#7 8.795 Fetching and Parsing Packages' Shards                                                     ✔ Done (0.0 sec)
#7 8.795 Using Flat Repodata for r/linux-64                                                              ✔ Starting
#7 8.861 Using Flat Repodata for r/linux-64                                                        ✔ Done (0.1 sec)
#7 8.863 Using Cached Shard Index for r/noarch                                                               ✔ Done
#7 8.864 Using Cached Shard Index for r/linux-64                                                             ✔ Done
#7 8.864 Fetching and Parsing Packages' Shards                                                           ⧖ Starting
#7 8.864 Fetching and Parsing Packages' Shards                                                     ✔ Done (0.0 sec)
#7 8.864 Using Flat Repodata for r/noarch                                                                ✔ Starting
#7 8.946 Using Flat Repodata for r/noarch                                                          ✔ Done (0.1 sec)
#7 8.946 Parsing Packages' Records                                                                 ✔ Done (7.7 sec)
#7 8.950 
#7 8.950 Resolving Environment                                                                           ⧖ Starting
#7 9.025 Resolving Environment                                                                     ✔ Done (0.1 sec)
#7 9.036 
#7 9.036 Transaction
#7 9.036 
#7 9.036   Prefix: /opt/conda/envs/mmseqs2
#7 9.036 
#7 9.036   Updating specs:
#7 9.036 
#7 9.036    - _libgcc_mutex=0.1=conda_forge
#7 9.036    - _openmp_mutex=4.5=2_gnu
#7 9.036    - aria2=1.37.0=hbc8128a_2
#7 9.036    - bzip2=1.0.8=h4bc722e_7
#7 9.036    - c-ares=1.34.5=hb9d3cd8_0
#7 9.036    - ca-certificates=2025.7.14=hbd8a1cb_0
#7 9.036    - gawk=5.3.0=ha916aea_0
#7 9.036    - gettext=0.22.5=h59595ed_2
#7 9.036    - gettext-tools=0.22.5=h59595ed_2
#7 9.036    - gmp=6.3.0=hac33072_2
#7 9.036    - icu=75.1=he02047a_0
#7 9.036    - libasprintf=0.22.5=h661eb56_2
#7 9.036    - libasprintf-devel=0.22.5=h661eb56_2
#7 9.036    - libgcc=15.1.0=h767d61c_2
#7 9.036    - libgcc-ng=15.1.0=h69a702a_2
#7 9.036    - libgettextpo=0.22.5=h59595ed_2
#7 9.036    - libgettextpo-devel=0.22.5=h59595ed_2
#7 9.036    - libgomp=15.1.0=h767d61c_2
#7 9.036    - libiconv=1.18=h4ce23a2_1
#7 9.036    - libidn2=2.3.7=hd590300_0
#7 9.036    - liblzma=5.8.1=hb9d3cd8_1
#7 9.036    - libsqlite=3.50.0=hee588c1_0
#7 9.036    - libssh2=1.11.1=hcf80075_0
#7 9.036    - libstdcxx=15.1.0=h8f9b012_2
#7 9.036    - libstdcxx-ng=15.1.0=h4852527_2
#7 9.036    - libunistring=0.9.10=h7f98852_0
#7 9.036    - libxcrypt=4.4.36=hd590300_1
#7 9.036    - libxml2=2.13.8=h4bc477f_0
#7 9.036    - libzlib=1.3.1=hb9d3cd8_2
#7 9.036    - mmseqs2=18.8cc5c=hd6d6fdc_0
#7 9.036    - mpfr=4.2.1=h9458935_1
#7 9.036    - ncurses=6.5=h59595ed_0
#7 9.036    - openssl=3.5.1=h7b32b05_0
#7 9.036    - perl=5.32.1=7_hd590300_perl5
#7 9.036    - readline=8.2=h8228510_1
#7 9.036    - wget=1.21.4=hda4d442_0
#7 9.036    - zlib=1.3.1=hb9d3cd8_2
#7 9.036 
#7 9.036 
#7 9.053 warning  libmamba Security Warning: This transaction includes executing package scripts (pre/post-link/unlink) if present. These scripts can contain arbitrary code. Please ensure you trust the package sources.
#7 9.053   Package                 Version  Build             Channel          Size
#7 9.053 ────────────────────────────────────────────────────────────────────────────
#7 9.053   Install:
#7 9.053 ────────────────────────────────────────────────────────────────────────────
#7 9.053 
#7 9.053   + _libgcc_mutex             0.1  conda_forge       conda-forge       3kB
#7 9.053   + _openmp_mutex             4.5  2_gnu             conda-forge      24kB
#7 9.053   + aria2                  1.37.0  hbc8128a_2        conda-forge       2MB
#7 9.053   + bzip2                   1.0.8  h4bc722e_7        conda-forge     253kB
#7 9.053   + c-ares                 1.34.5  hb9d3cd8_0        conda-forge     207kB
#7 9.053   + ca-certificates     2025.7.14  hbd8a1cb_0        conda-forge     156kB
#7 9.053   + gawk                    5.3.0  ha916aea_0        conda-forge       1MB
#7 9.053   + gettext                0.22.5  h59595ed_2        conda-forge     475kB
#7 9.053   + gettext-tools          0.22.5  h59595ed_2        conda-forge       3MB
#7 9.053   + gmp                     6.3.0  hac33072_2        conda-forge     460kB
#7 9.053   + icu                      75.1  he02047a_0        conda-forge      12MB
#7 9.053   + libasprintf            0.22.5  h661eb56_2        conda-forge      43kB
#7 9.053   + libasprintf-devel      0.22.5  h661eb56_2        conda-forge      34kB
#7 9.053   + libgcc                 15.1.0  h767d61c_2        conda-forge     829kB
#7 9.053   + libgcc-ng              15.1.0  h69a702a_2        conda-forge      35kB
#7 9.053   + libgettextpo           0.22.5  h59595ed_2        conda-forge     171kB
#7 9.053   + libgettextpo-devel     0.22.5  h59595ed_2        conda-forge      37kB
#7 9.053   + libgomp                15.1.0  h767d61c_2        conda-forge     453kB
#7 9.053   + libiconv                 1.18  h4ce23a2_1        conda-forge     713kB
#7 9.053   + libidn2                 2.3.7  hd590300_0        conda-forge     127kB
#7 9.053   + liblzma                 5.8.1  hb9d3cd8_1        conda-forge     113kB
#7 9.053   + libsqlite              3.50.0  hee588c1_0        conda-forge     919kB
#7 9.053   + libssh2                1.11.1  hcf80075_0        conda-forge     305kB
#7 9.053   + libstdcxx              15.1.0  h8f9b012_2        conda-forge       4MB
#7 9.053   + libstdcxx-ng           15.1.0  h4852527_2        conda-forge      35kB
#7 9.053   + libunistring           0.9.10  h7f98852_0        conda-forge       1MB
#7 9.053   + libxcrypt              4.4.36  hd590300_1        conda-forge     100kB
#7 9.053   + libxml2                2.13.8  h4bc477f_0        conda-forge     691kB
#7 9.053   + libzlib                 1.3.1  hb9d3cd8_2        conda-forge      61kB
#7 9.053   + mmseqs2              18.8cc5c  hd6d6fdc_0        bioconda        133MB
#7 9.053   + mpfr                    4.2.1  h9458935_1        conda-forge     643kB
#7 9.053   + ncurses                   6.5  h59595ed_0        conda-forge     887kB
#7 9.053   + openssl                 3.5.1  h7b32b05_0        conda-forge       3MB
#7 9.053   + perl                   5.32.1  7_hd590300_perl5  conda-forge      13MB
#7 9.053   + readline                  8.2  h8228510_1        conda-forge     281kB
#7 9.053   + wget                   1.21.4  hda4d442_0        conda-forge     770kB
#7 9.053   + zlib                    1.3.1  hb9d3cd8_2        conda-forge      92kB
#7 9.053 
#7 9.053   Summary:
#7 9.053 
#7 9.053   Install: 37 packages
#7 9.053 
#7 9.053   Total download: 181MB
#7 9.053 
#7 9.053 ────────────────────────────────────────────────────────────────────────────
#7 9.053 
#7 9.053 
#7 9.053 Confirm changes: [Y/n] 
#7 9.054 Transaction starting
#7 19.94 Linking _libgcc_mutex-0.1-conda_forge
#7 19.94 Linking libgomp-15.1.0-h767d61c_2
#7 19.94 Linking _openmp_mutex-4.5-2_gnu
#7 19.94 Linking libgcc-15.1.0-h767d61c_2
#7 19.94 Linking libzlib-1.3.1-hb9d3cd8_2
#7 19.94 Linking libstdcxx-15.1.0-h8f9b012_2
#7 19.94 Linking liblzma-5.8.1-hb9d3cd8_1
#7 19.94 Linking libiconv-1.18-h4ce23a2_1
#7 19.94 Linking libgcc-ng-15.1.0-h69a702a_2
#7 19.94 Linking c-ares-1.34.5-hb9d3cd8_0
#7 19.95 Linking zlib-1.3.1-hb9d3cd8_2
#7 19.95 Linking libsqlite-3.50.0-hee588c1_0
#7 19.95 Linking libstdcxx-ng-15.1.0-h4852527_2
#7 19.95 Linking ncurses-6.5-h59595ed_0
#7 20.93 Linking libxcrypt-4.4.36-hd590300_1
#7 20.93 Linking libunistring-0.9.10-h7f98852_0
#7 20.94 Linking libgettextpo-0.22.5-h59595ed_2
#7 20.94 Linking gettext-tools-0.22.5-h59595ed_2
#7 20.95 Linking bzip2-1.0.8-h4bc722e_7
#7 20.95 Linking libasprintf-0.22.5-h661eb56_2
#7 20.96 Linking icu-75.1-he02047a_0
#7 20.97 Linking gmp-6.3.0-hac33072_2
#7 20.97 Linking readline-8.2-h8228510_1
#7 20.97 Linking perl-5.32.1-7_hd590300_perl5
#7 21.11 Linking libgettextpo-devel-0.22.5-h59595ed_2
#7 21.11 Linking libasprintf-devel-0.22.5-h661eb56_2
#7 21.11 Linking libxml2-2.13.8-h4bc477f_0
#7 21.12 Linking mpfr-4.2.1-h9458935_1
#7 21.12 Linking gettext-0.22.5-h59595ed_2
#7 21.19 Linking libidn2-2.3.7-hd590300_0
#7 21.19 Linking gawk-5.3.0-ha916aea_0
#7 21.19 Linking ca-certificates-2025.7.14-hbd8a1cb_0
#7 21.19 Linking openssl-3.5.1-h7b32b05_0
#7 21.21 Linking wget-1.21.4-hda4d442_0
#7 21.21 Linking libssh2-1.11.1-hcf80075_0
#7 21.22 Linking aria2-1.37.0-hbc8128a_2
#7 21.23 Linking mmseqs2-18.8cc5c-hd6d6fdc_0
#7 21.23 
#7 21.23 Transaction finished
#7 21.23 
#7 21.23 
#7 21.23 To activate this environment, use:
#7 21.23 
#7 21.23     mamba activate mmseqs2
#7 21.23 
#7 21.23 Or to execute a single command in this environment, use:
#7 21.23 
#7 21.23     mamba run -n mmseqs2 mycommand
#7 21.23 
#7 21.74 There are no unused tarball(s) to remove.
#7 21.74 Will remove 1 index cache(s).
#7 21.74 There are no unused package(s) to remove.
#7 21.74 There are no tempfile(s) to remove.
#7 21.74 There are no logfile(s) to remove.
#7 DONE 22.2s

#8 exporting to image
#8 exporting layers
#8 exporting layers 5.7s done
#8 writing image sha256:5effbe115da27b64c913ad3cbd88a4512a337ed399bad8c168bfd318c1591181 0.0s done
#8 naming to ghcr.io/bdrd-genomics/allinone-mmseqs2:1.0.0 0.0s done
#8 naming to ghcr.io/bdrd-genomics/allinone-mmseqs2:latest 0.0s done
#8 DONE 5.8s
SUCCESS: ghcr.io/bdrd-genomics/allinone-mmseqs2

==================================================
Building: ghcr.io/bdrd-genomics/allinone-multiqc:1.0.0
Dockerfile: Dockerfile.multiqc
==================================================
#0 building with "default" instance using docker driver

#1 [internal] load build definition from Dockerfile.multiqc
#1 transferring dockerfile: 483B done
#1 DONE 0.0s

#2 [internal] load metadata for ghcr.io/bdrd-genomics/allinone-conda-base:1.0.1
#2 DONE 0.0s

#3 [internal] load .dockerignore
#3 transferring context: 2B done
#3 DONE 0.1s

#4 [1/3] FROM ghcr.io/bdrd-genomics/allinone-conda-base:1.0.1
#4 CACHED

#5 [internal] load build context
#5 transferring context: 3.57kB done
#5 DONE 0.1s

#6 [2/3] COPY environment.multiqc.yml /tmp/environment.yml
#6 DONE 0.1s

#7 [3/3] RUN /opt/conda/bin/mamba env create -f /tmp/environment.yml &&     /opt/conda/bin/conda clean -a -y
#7 1.346 ⚠ Shard Index for compbiocore/linux-64 not available, falling back to flat repodata
#7 1.346 Using Flat Repodata for compbiocore/linux-64                                                    ✔ Starting
#7 1.353 Using Flat Repodata for compbiocore/linux-64                                              ✔ Done (0.0 sec)
#7 1.353 ⚠ Shard Index for compbiocore/noarch not available, falling back to flat repodata
#7 1.353 Using Flat Repodata for compbiocore/noarch                                                      ✔ Starting
#7 1.354 Using Flat Repodata for compbiocore/noarch                                                ✔ Done (0.0 sec)
#7 1.354 ⚠ Shard Index for nanoporetech/linux-64 not available, falling back to flat repodata
#7 1.354 Using Flat Repodata for nanoporetech/linux-64                                                   ✔ Starting
#7 1.359 Using Flat Repodata for nanoporetech/linux-64                                             ✔ Done (0.0 sec)
#7 1.359 ⚠ Shard Index for nanoporetech/noarch not available, falling back to flat repodata
#7 1.359 Using Flat Repodata for nanoporetech/noarch                                                     ✔ Starting
#7 1.362 Using Flat Repodata for nanoporetech/noarch                                               ✔ Done (0.0 sec)
#7 1.362 ⚠ Shard Index for gurobi/linux-64 not available, falling back to flat repodata
#7 1.362 Using Flat Repodata for gurobi/linux-64                                                         ✔ Starting
#7 1.363 Using Flat Repodata for gurobi/linux-64                                                   ✔ Done (0.0 sec)
#7 1.363 ⚠ Shard Index for gurobi/noarch not available, falling back to flat repodata
#7 1.363 Using Flat Repodata for gurobi/noarch                                                           ✔ Starting
#7 1.364 Using Flat Repodata for gurobi/noarch                                                     ✔ Done (0.0 sec)
#7 1.367 Fetch Shard Index for conda-forge/linux-64                                                      ⧖ Starting
#7 1.546 Fetch Shard Index for conda-forge/linux-64                                                ✔ Done (0.2 sec)
#7 1.546 Fetch Shard Index for conda-forge/noarch                                                        ⧖ Starting
#7 1.735 Fetch Shard Index for conda-forge/noarch                                                  ✔ Done (0.2 sec)
#7 1.735 Fetching and Parsing Packages' Shards                                                           ⧖ Starting
#7 12.04 Fetching and Parsing Packages' Shards                                                    ✔ Done (10.3 sec)
#7 12.68 Fetch Shard Index for bioconda/linux-64                                                         ⧖ Starting
#7 12.84 Fetch Shard Index for bioconda/linux-64                                                   ✔ Done (0.2 sec)
#7 12.84 Fetch Shard Index for bioconda/noarch                                                           ⧖ Starting
#7 12.98 Fetch Shard Index for bioconda/noarch                                                     ✔ Done (0.1 sec)
#7 12.98 Fetching and Parsing Packages' Shards                                                           ⧖ Starting
#7 13.62 Fetching and Parsing Packages' Shards                                                     ✔ Done (0.6 sec)
#7 13.63 Fetch Shard Index for anaconda/linux-64                                                         ⧖ Starting
#7 13.76 Fetch Shard Index for anaconda/linux-64                                                   ✔ Done (0.1 sec)
#7 13.76 Fetch Shard Index for anaconda/noarch                                                           ⧖ Starting
#7 13.89 Fetch Shard Index for anaconda/noarch                                                     ✔ Done (0.1 sec)
#7 13.89 Fetching and Parsing Packages' Shards                                                           ⧖ Starting
#7 23.01 Fetching and Parsing Packages' Shards                                                     ✔ Done (9.1 sec)
#7 23.19 Fetch Shard Index for r/linux-64                                                                ⧖ Starting
#7 23.32 Fetch Shard Index for r/linux-64                                                          ✔ Done (0.1 sec)
#7 23.32 Fetch Shard Index for r/noarch                                                                  ⧖ Starting
#7 23.47 Fetch Shard Index for r/noarch                                                            ✔ Done (0.2 sec)
#7 23.47 Fetching and Parsing Packages' Shards                                                           ⧖ Starting
#7 23.60 Fetching and Parsing Packages' Shards                                                     ✔ Done (0.1 sec)
#7 23.77 Using Flat Repodata for r/linux-64                                                              ✔ Starting
#7 23.85 Using Flat Repodata for r/linux-64                                                        ✔ Done (0.1 sec)
#7 23.85 Using Cached Shard Index for r/noarch                                                               ✔ Done
#7 23.85 Using Cached Shard Index for r/linux-64                                                             ✔ Done
#7 23.85 Fetching and Parsing Packages' Shards                                                           ⧖ Starting
#7 23.85 Fetching and Parsing Packages' Shards                                                     ✔ Done (0.0 sec)
#7 24.03 Using Flat Repodata for r/noarch                                                                ✔ Starting
#7 24.13 Using Flat Repodata for r/noarch                                                          ✔ Done (0.1 sec)
#7 24.14 Using Cached Shard Index for conda-forge/linux-64                                                   ✔ Done
#7 24.14 Using Cached Shard Index for conda-forge/noarch                                                     ✔ Done
#7 24.14 Fetching and Parsing Packages' Shards                                                           ⧖ Starting
#7 30.91 Fetching and Parsing Packages' Shards                                                     ✔ Done (6.8 sec)
#7 31.80 Using Cached Shard Index for bioconda/linux-64                                                      ✔ Done
#7 31.81 Using Cached Shard Index for bioconda/noarch                                                        ✔ Done
#7 31.81 Fetching and Parsing Packages' Shards                                                           ⧖ Starting
#7 32.11 Fetching and Parsing Packages' Shards                                                     ✔ Done (0.3 sec)
#7 32.12 Using Cached Shard Index for anaconda/linux-64                                                      ✔ Done
#7 32.12 Using Cached Shard Index for anaconda/noarch                                                        ✔ Done
#7 32.12 Fetching and Parsing Packages' Shards                                                           ⧖ Starting
#7 34.81 Fetching and Parsing Packages' Shards                                                     ✔ Done (2.7 sec)
#7 35.02 Using Cached Shard Index for r/linux-64                                                             ✔ Done
#7 35.02 Using Cached Shard Index for r/noarch                                                               ✔ Done
#7 35.02 Fetching and Parsing Packages' Shards                                                           ⧖ Starting
#7 35.02 Fetching and Parsing Packages' Shards                                                     ✔ Done (0.0 sec)
#7 35.02 Using Flat Repodata for r/linux-64                                                              ✔ Starting
#7 35.10 Using Flat Repodata for r/linux-64                                                        ✔ Done (0.1 sec)
#7 35.11 Using Cached Shard Index for r/noarch                                                               ✔ Done
#7 35.11 Using Cached Shard Index for r/linux-64                                                             ✔ Done
#7 35.11 Fetching and Parsing Packages' Shards                                                           ⧖ Starting
#7 35.11 Fetching and Parsing Packages' Shards                                                     ✔ Done (0.0 sec)
#7 35.11 Using Flat Repodata for r/noarch                                                                ✔ Starting
#7 35.20 Using Flat Repodata for r/noarch                                                          ✔ Done (0.1 sec)
#7 35.20 Parsing Packages' Records                                                                ✔ Done (33.9 sec)
#7 35.21 
#7 35.21 Resolving Environment                                                                           ⧖ Starting
#7 36.01 Resolving Environment                                                                     ✔ Done (0.8 sec)
#7 36.01 
#7 36.01 Transaction
#7 36.01 
#7 36.01   Prefix: /opt/conda/envs/multiqc
#7 36.01 
#7 36.01   Updating specs:
#7 36.01 
#7 36.01    - _libgcc_mutex=0.1=conda_forge
#7 36.01    - _openmp_mutex=4.5=2_gnu
#7 36.01    - annotated-types=0.7.0=pyhd8ed1ab_0
#7 36.01    - brotli-python=1.1.0=py311hb755f60_1
#7 36.01    - bzip2=1.0.8=hd590300_5
#7 36.01    - ca-certificates=2024.7.4=hbcca054_0
#7 36.01    - certifi=2024.7.4=pyhd8ed1ab_0
#7 36.01    - charset-normalizer=3.3.2=pyhd8ed1ab_0
#7 36.01    - click=8.1.7=unix_pyh707e725_0
#7 36.01    - colorama=0.4.6=pyhd8ed1ab_0
#7 36.01    - coloredlogs=15.0.1=pyhd8ed1ab_3
#7 36.01    - colormath=3.0.0=py_2
#7 36.01    - expat=2.6.2=h59595ed_0
#7 36.01    - font-ttf-dejavu-sans-mono=2.37=hab24e00_0
#7 36.01    - font-ttf-inconsolata=3.0=h77eed37_0
#7 36.01    - font-ttf-source-code-pro=2.38=h77eed37_0
#7 36.01    - font-ttf-ubuntu=0.83=h77eed37_2
#7 36.01    - fontconfig=2.14.2=h14ed4e7_0
#7 36.01    - fonts-conda-forge=1=0
#7 36.01    - freetype=2.12.1=h267a509_2
#7 36.01    - humanfriendly=10.0=pyhd8ed1ab_6
#7 36.01    - humanize=4.9.0=pyhd8ed1ab_0
#7 36.01    - idna=3.7=pyhd8ed1ab_0
#7 36.01    - importlib-metadata=7.1.0=pyha770c72_0
#7 36.01    - importlib_metadata=7.1.0=hd8ed1ab_0
#7 36.01    - jinja2=3.1.4=pyhd8ed1ab_0
#7 36.01    - kaleido-core=0.2.1=h3644ca4_0
#7 36.01    - lcms2=2.16=hb7c19ff_0
#7 36.01    - ld_impl_linux-64=2.40=hf3520f5_3
#7 36.01    - lerc=4.0.0=h27087fc_0
#7 36.01    - libblas=3.9.0=22_linux64_openblas
#7 36.01    - libcblas=3.9.0=22_linux64_openblas
#7 36.01    - libdeflate=1.20=hd590300_0
#7 36.01    - libexpat=2.6.2=h59595ed_0
#7 36.01    - libffi=3.4.2=h7f98852_5
#7 36.01    - libgcc-ng=13.2.0=h77fa898_7
#7 36.01    - libgfortran-ng=13.2.0=h69a702a_7
#7 36.01    - libgfortran5=13.2.0=hca663fb_7
#7 36.01    - libgomp=13.2.0=h77fa898_7
#7 36.01    - libjpeg-turbo=3.0.0=hd590300_1
#7 36.01    - liblapack=3.9.0=22_linux64_openblas
#7 36.01    - libnsl=2.0.1=hd590300_0
#7 36.01    - libopenblas=0.3.27=pthreads_h413a1c8_0
#7 36.01    - libpng=1.6.43=h2797004_0
#7 36.01    - libsqlite=3.46.0=hde9e2c9_0
#7 36.01    - libstdcxx-ng=13.2.0=hc0a3c3a_7
#7 36.01    - libtiff=4.6.0=h1dd3fc0_3
#7 36.01    - libuuid=2.38.1=h0b41bf4_0
#7 36.01    - libwebp-base=1.4.0=hd590300_0
#7 36.01    - libxcb=1.15=h0b41bf4_0
#7 36.01    - libxcrypt=4.4.36=hd590300_1
#7 36.01    - libzlib=1.3.1=h4ab18f5_1
#7 36.01    - markdown=3.6=pyhd8ed1ab_0
#7 36.01    - markdown-it-py=3.0.0=pyhd8ed1ab_0
#7 36.01    - markupsafe=2.1.5=py311h459d7ec_0
#7 36.01    - mathjax=2.7.7=ha770c72_3
#7 36.01    - mdurl=0.1.2=pyhd8ed1ab_0
#7 36.01    - multiqc=1.23=pyhdfd78af_0
#7 36.01    - ncurses=6.5=h59595ed_0
#7 36.01    - networkx=3.3=pyhd8ed1ab_1
#7 36.01    - nspr=4.35=h27087fc_0
#7 36.01    - nss=3.100=hca3bf56_0
#7 36.01    - numpy=1.26.4=py311h64a7726_0
#7 36.01    - openjpeg=2.5.2=h488ebb8_0
#7 36.01    - openssl=3.3.1=h4bc722e_2
#7 36.01    - packaging=24.0=pyhd8ed1ab_0
#7 36.01    - pillow=10.3.0=py311h18e6fac_0
#7 36.01    - pip=24.0=pyhd8ed1ab_0
#7 36.01    - plotly=5.22.0=pyhd8ed1ab_0
#7 36.01    - pthread-stubs=0.4=h36c2ea0_1001
#7 36.01    - pyaml-env=1.1.0=pyhd8ed1ab_0
#7 36.01    - pydantic=2.7.3=pyhd8ed1ab_0
#7 36.01    - pydantic-core=2.18.4=py311h5ecf98a_0
#7 36.01    - pygments=2.18.0=pyhd8ed1ab_0
#7 36.01    - pysocks=1.7.1=pyha2e5f31_6
#7 36.01    - python=3.11.9=hb806964_0_cpython
#7 36.01    - python-kaleido=0.2.1=pyhd8ed1ab_0
#7 36.01    - python_abi=3.11=4_cp311
#7 36.01    - pyyaml=5.4.1=py311hd4cff14_4
#7 36.01    - readline=8.2=h8228510_1
#7 36.01    - requests=2.32.3=pyhd8ed1ab_0
#7 36.01    - rich=13.7.1=pyhd8ed1ab_0
#7 36.01    - rich-click=1.8.3=pyhd8ed1ab_0
#7 36.01    - setuptools=70.0.0=pyhd8ed1ab_0
#7 36.01    - spectra=0.0.11=py_1
#7 36.01    - sqlite=3.46.0=h6d4b2fc_0
#7 36.01    - tenacity=8.3.0=pyhd8ed1ab_0
#7 36.01    - tk=8.6.13=noxft_h4845f30_101
#7 36.01    - tqdm=4.66.4=pyhd8ed1ab_0
#7 36.01    - typeguard=4.3.0=pyhd8ed1ab_0
#7 36.01    - typing-extensions=4.12.2=hd8ed1ab_0
#7 36.01    - typing_extensions=4.12.2=pyha770c72_0
#7 36.01    - tzdata=2024a=h0c530f3_0
#7 36.01    - urllib3=2.2.1=pyhd8ed1ab_0
#7 36.01    - wheel=0.43.0=pyhd8ed1ab_1
#7 36.01    - xorg-libxau=1.0.11=hd590300_0
#7 36.01    - xorg-libxdmcp=1.1.3=h7f98852_0
#7 36.01    - xz=5.2.6=h166bdaf_0
#7 36.01    - yaml=0.2.5=h7f98852_2
#7 36.01    - zipp=3.19.2=pyhd8ed1ab_0
#7 36.01    - zstd=1.5.6=ha6fb4c9_0
#7 36.01 
#7 36.01 
#7 36.05 warning  libmamba Security Warning: This transaction includes executing package scripts (pre/post-link/unlink) if present. These scripts can contain arbitrary code. Please ensure you trust the package sources.
#7 36.05   Package                       Version  Build                Channel          Size
#7 36.05 ─────────────────────────────────────────────────────────────────────────────────────
#7 36.05   Install:
#7 36.05 ─────────────────────────────────────────────────────────────────────────────────────
#7 36.05 
#7 36.05   + _libgcc_mutex                   0.1  conda_forge          conda-forge       3kB
#7 36.05   + _openmp_mutex                   4.5  2_gnu                conda-forge      24kB
#7 36.05   + annotated-types               0.7.0  pyhd8ed1ab_0         conda-forge      18kB
#7 36.05   + brotli-python                 1.1.0  py311hb755f60_1      conda-forge     351kB
#7 36.05   + bzip2                         1.0.8  hd590300_5           conda-forge     254kB
#7 36.05   + ca-certificates            2024.7.4  hbcca054_0           conda-forge     155kB
#7 36.05   + certifi                    2024.7.4  pyhd8ed1ab_0         conda-forge     159kB
#7 36.05   + charset-normalizer            3.3.2  pyhd8ed1ab_0         conda-forge      47kB
#7 36.05   + click                         8.1.7  unix_pyh707e725_0    conda-forge      84kB
#7 36.05   + colorama                      0.4.6  pyhd8ed1ab_0         conda-forge      25kB
#7 36.05   + coloredlogs                  15.0.1  pyhd8ed1ab_3         conda-forge      41kB
#7 36.05   + colormath                     3.0.0  py_2                 conda-forge      35kB
#7 36.05   + expat                         2.6.2  h59595ed_0           conda-forge     138kB
#7 36.05   + font-ttf-dejavu-sans-mono      2.37  hab24e00_0           conda-forge     397kB
#7 36.05   + font-ttf-inconsolata          3.000  h77eed37_0           conda-forge      97kB
#7 36.05   + font-ttf-source-code-pro      2.038  h77eed37_0           conda-forge     701kB
#7 36.05   + font-ttf-ubuntu                0.83  h77eed37_2           conda-forge       2MB
#7 36.05   + fontconfig                   2.14.2  h14ed4e7_0           conda-forge     272kB
#7 36.05   + fonts-conda-forge                 1  0                    conda-forge       4kB
#7 36.05   + freetype                     2.12.1  h267a509_2           conda-forge     635kB
#7 36.05   + humanfriendly                  10.0  pyhd8ed1ab_6         conda-forge      73kB
#7 36.05   + humanize                      4.9.0  pyhd8ed1ab_0         conda-forge      65kB
#7 36.05   + idna                            3.7  pyhd8ed1ab_0         conda-forge      53kB
#7 36.05   + importlib-metadata            7.1.0  pyha770c72_0         conda-forge      27kB
#7 36.05   + importlib_metadata            7.1.0  hd8ed1ab_0           conda-forge       9kB
#7 36.05   + jinja2                        3.1.4  pyhd8ed1ab_0         conda-forge     112kB
#7 36.05   + kaleido-core                  0.2.1  h3644ca4_0           conda-forge      62MB
#7 36.05   + lcms2                          2.16  hb7c19ff_0           conda-forge     245kB
#7 36.05   + ld_impl_linux-64               2.40  hf3520f5_3           conda-forge     714kB
#7 36.05   + lerc                          4.0.0  h27087fc_0           conda-forge     282kB
#7 36.05   + libblas                       3.9.0  22_linux64_openblas  conda-forge      15kB
#7 36.05   + libcblas                      3.9.0  22_linux64_openblas  conda-forge      14kB
#7 36.05   + libdeflate                     1.20  hd590300_0           conda-forge      72kB
#7 36.05   + libexpat                      2.6.2  h59595ed_0           conda-forge      74kB
#7 36.05   + libffi                        3.4.2  h7f98852_5           conda-forge      58kB
#7 36.05   + libgcc-ng                    13.2.0  h77fa898_7           conda-forge     776kB
#7 36.05   + libgfortran-ng               13.2.0  h69a702a_7           conda-forge      24kB
#7 36.05   + libgfortran5                 13.2.0  hca663fb_7           conda-forge       1MB
#7 36.05   + libgomp                      13.2.0  h77fa898_7           conda-forge     422kB
#7 36.05   + libjpeg-turbo                 3.0.0  hd590300_1           conda-forge     619kB
#7 36.05   + liblapack                     3.9.0  22_linux64_openblas  conda-forge      14kB
#7 36.05   + libnsl                        2.0.1  hd590300_0           conda-forge      33kB
#7 36.05   + libopenblas                  0.3.27  pthreads_h413a1c8_0  conda-forge       6MB
#7 36.05   + libpng                       1.6.43  h2797004_0           conda-forge     288kB
#7 36.05   + libsqlite                    3.46.0  hde9e2c9_0           conda-forge     865kB
#7 36.05   + libstdcxx-ng                 13.2.0  hc0a3c3a_7           conda-forge       4MB
#7 36.05   + libtiff                       4.6.0  h1dd3fc0_3           conda-forge     283kB
#7 36.05   + libuuid                      2.38.1  h0b41bf4_0           conda-forge      34kB
#7 36.05   + libwebp-base                  1.4.0  hd590300_0           conda-forge     439kB
#7 36.05   + libxcb                         1.15  h0b41bf4_0           conda-forge     384kB
#7 36.05   + libxcrypt                    4.4.36  hd590300_1           conda-forge     100kB
#7 36.05   + libzlib                       1.3.1  h4ab18f5_1           conda-forge      62kB
#7 36.05   + markdown                        3.6  pyhd8ed1ab_0         conda-forge      78kB
#7 36.05   + markdown-it-py                3.0.0  pyhd8ed1ab_0         conda-forge      64kB
#7 36.05   + markupsafe                    2.1.5  py311h459d7ec_0      conda-forge      28kB
#7 36.05   + mathjax                       2.7.7  ha770c72_3           conda-forge      22MB
#7 36.05   + mdurl                         0.1.2  pyhd8ed1ab_0         conda-forge      15kB
#7 36.05   + multiqc                        1.23  pyhdfd78af_0         bioconda          4MB
#7 36.05   + ncurses                         6.5  h59595ed_0           conda-forge     887kB
#7 36.05   + networkx                        3.3  pyhd8ed1ab_1         conda-forge       1MB
#7 36.05   + nspr                           4.35  h27087fc_0           conda-forge     227kB
#7 36.05   + nss                           3.100  hca3bf56_0           conda-forge       2MB
#7 36.05   + numpy                        1.26.4  py311h64a7726_0      conda-forge       8MB
#7 36.05   + openjpeg                      2.5.2  h488ebb8_0           conda-forge     342kB
#7 36.05   + openssl                       3.3.1  h4bc722e_2           conda-forge       3MB
#7 36.05   + packaging                      24.0  pyhd8ed1ab_0         conda-forge      50kB
#7 36.05   + pillow                       10.3.0  py311h18e6fac_0      conda-forge      43MB
#7 36.05   + pip                            24.0  pyhd8ed1ab_0         conda-forge       1MB
#7 36.05   + plotly                       5.22.0  pyhd8ed1ab_0         conda-forge       5MB
#7 36.05   + pthread-stubs                   0.4  h36c2ea0_1001        conda-forge       6kB
#7 36.05   + pyaml-env                     1.1.0  pyhd8ed1ab_0         conda-forge      11kB
#7 36.05   + pydantic                      2.7.3  pyhd8ed1ab_0         conda-forge     283kB
#7 36.05   + pydantic-core                2.18.4  py311h5ecf98a_0      conda-forge       2MB
#7 36.05   + pygments                     2.18.0  pyhd8ed1ab_0         conda-forge     879kB
#7 36.05   + pysocks                       1.7.1  pyha2e5f31_6         conda-forge      19kB
#7 36.05   + python                       3.11.9  hb806964_0_cpython   conda-forge      31MB
#7 36.05   + python-kaleido                0.2.1  pyhd8ed1ab_0         conda-forge      18kB
#7 36.05   + python_abi                     3.11  4_cp311              conda-forge       6kB
#7 36.05   + pyyaml                        5.4.1  py311hd4cff14_4      conda-forge     212kB
#7 36.05   + readline                        8.2  h8228510_1           conda-forge     281kB
#7 36.05   + requests                     2.32.3  pyhd8ed1ab_0         conda-forge      59kB
#7 36.05   + rich                         13.7.1  pyhd8ed1ab_0         conda-forge     184kB
#7 36.05   + rich-click                    1.8.3  pyhd8ed1ab_0         conda-forge      34kB
#7 36.05   + setuptools                   70.0.0  pyhd8ed1ab_0         conda-forge     483kB
#7 36.05   + spectra                      0.0.11  py_1                 conda-forge      19kB
#7 36.05   + sqlite                       3.46.0  h6d4b2fc_0           conda-forge     860kB
#7 36.05   + tenacity                      8.3.0  pyhd8ed1ab_0         conda-forge      24kB
#7 36.05   + tk                           8.6.13  noxft_h4845f30_101   conda-forge       3MB
#7 36.05   + tqdm                         4.66.4  pyhd8ed1ab_0         conda-forge      89kB
#7 36.05   + typeguard                     4.3.0  pyhd8ed1ab_0         conda-forge      35kB
#7 36.05   + typing-extensions            4.12.2  hd8ed1ab_0           conda-forge      10kB
#7 36.05   + typing_extensions            4.12.2  pyha770c72_0         conda-forge      40kB
#7 36.05   + tzdata                        2024a  h0c530f3_0           conda-forge     120kB
#7 36.05   + urllib3                       2.2.1  pyhd8ed1ab_0         conda-forge      95kB
#7 36.05   + wheel                        0.43.0  pyhd8ed1ab_1         conda-forge      58kB
#7 36.05   + xorg-libxau                  1.0.11  hd590300_0           conda-forge      14kB
#7 36.05   + xorg-libxdmcp                 1.1.3  h7f98852_0           conda-forge      19kB
#7 36.05   + xz                            5.2.6  h166bdaf_0           conda-forge     418kB
#7 36.05   + yaml                          0.2.5  h7f98852_2           conda-forge      89kB
#7 36.05   + zipp                         3.19.2  pyhd8ed1ab_0         conda-forge      21kB
#7 36.05   + zstd                          1.5.6  ha6fb4c9_0           conda-forge     555kB
#7 36.05 
#7 36.05   Summary:
#7 36.05 
#7 36.05   Install: 101 packages
#7 36.05 
#7 36.05   Total download: 216MB
#7 36.05 
#7 36.05 ─────────────────────────────────────────────────────────────────────────────────────
#7 36.05 
#7 36.05 
#7 36.05 Confirm changes: [Y/n] 
#7 36.06 Transaction starting
#7 43.13 Linking _libgcc_mutex-0.1-conda_forge
#7 43.13 Linking ca-certificates-2024.7.4-hbcca054_0
#7 43.13 Linking ld_impl_linux-64-2.40-hf3520f5_3
#7 43.13 Linking libstdcxx-ng-13.2.0-hc0a3c3a_7
#7 43.13 Linking mathjax-2.7.7-ha770c72_3
#7 44.52 Linking python_abi-3.11-4_cp311
#7 44.52 Linking libgomp-13.2.0-h77fa898_7
#7 44.52 Linking _openmp_mutex-4.5-2_gnu
#7 44.52 Linking libgcc-ng-13.2.0-h77fa898_7
#7 44.52 Linking yaml-0.2.5-h7f98852_2
#7 44.52 Linking xz-5.2.6-h166bdaf_0
#7 44.53 Linking xorg-libxdmcp-1.1.3-h7f98852_0
#7 44.53 Linking xorg-libxau-1.0.11-hd590300_0
#7 44.53 Linking pthread-stubs-0.4-h36c2ea0_1001
#7 44.53 Linking openssl-3.3.1-h4bc722e_2
#7 44.55 Linking nspr-4.35-h27087fc_0
#7 44.55 Linking ncurses-6.5-h59595ed_0
#7 45.46 Linking libzlib-1.3.1-h4ab18f5_1
#7 45.46 Linking libxcrypt-4.4.36-hd590300_1
#7 45.46 Linking libwebp-base-1.4.0-hd590300_0
#7 45.46 Linking libuuid-2.38.1-h0b41bf4_0
#7 45.46 Linking libnsl-2.0.1-hd590300_0
#7 45.46 Linking libjpeg-turbo-3.0.0-hd590300_1
#7 45.46 Linking libgfortran5-13.2.0-hca663fb_7
#7 45.46 Linking libffi-3.4.2-h7f98852_5
#7 45.46 Linking libexpat-2.6.2-h59595ed_0
#7 45.46 Linking libdeflate-1.20-hd590300_0
#7 45.47 Linking lerc-4.0.0-h27087fc_0
#7 45.47 Linking bzip2-1.0.8-hd590300_5
#7 45.47 Linking libxcb-1.15-h0b41bf4_0
#7 45.48 Linking readline-8.2-h8228510_1
#7 45.48 Linking zstd-1.5.6-ha6fb4c9_0
#7 45.48 Linking tk-8.6.13-noxft_h4845f30_101
#7 45.50 Linking libsqlite-3.46.0-hde9e2c9_0
#7 45.50 Linking libpng-1.6.43-h2797004_0
#7 45.50 Linking libgfortran-ng-13.2.0-h69a702a_7
#7 45.50 Linking expat-2.6.2-h59595ed_0
#7 45.51 Linking libtiff-4.6.0-h1dd3fc0_3
#7 45.51 Linking sqlite-3.46.0-h6d4b2fc_0
#7 45.51 Linking nss-3.100-hca3bf56_0
#7 45.52 Linking freetype-2.12.1-h267a509_2
#7 45.52 Linking libopenblas-0.3.27-pthreads_h413a1c8_0
#7 45.52 Linking openjpeg-2.5.2-h488ebb8_0
#7 45.52 Linking lcms2-2.16-hb7c19ff_0
#7 45.52 Linking fontconfig-2.14.2-h14ed4e7_0
#7 45.53 Linking libblas-3.9.0-22_linux64_openblas
#7 45.58 Linking liblapack-3.9.0-22_linux64_openblas
#7 45.62 Linking libcblas-3.9.0-22_linux64_openblas
#7 45.67 Linking font-ttf-dejavu-sans-mono-2.37-hab24e00_0
#7 45.67 Linking font-ttf-inconsolata-3.000-h77eed37_0
#7 45.67 Linking font-ttf-source-code-pro-2.038-h77eed37_0
#7 45.67 Linking font-ttf-ubuntu-0.83-h77eed37_2
#7 45.67 Linking tzdata-2024a-h0c530f3_0
#7 45.69 Linking fonts-conda-forge-1-0
#7 45.69 Linking python-3.11.9-hb806964_0_cpython
#7 45.84 Linking kaleido-core-0.2.1-h3644ca4_0
#7 45.85 Linking pyyaml-5.4.1-py311hd4cff14_4
#7 45.85 Linking pillow-10.3.0-py311h18e6fac_0
#7 45.86 Linking numpy-1.26.4-py311h64a7726_0
#7 45.92 Linking markupsafe-2.1.5-py311h459d7ec_0
#7 45.92 Linking brotli-python-1.1.0-py311hb755f60_1
#7 45.92 Linking zipp-3.19.2-pyhd8ed1ab_0
#7 45.93 Linking wheel-0.43.0-pyhd8ed1ab_1
#7 45.93 Linking typing_extensions-4.12.2-pyha770c72_0
#7 45.93 Linking tenacity-8.3.0-pyhd8ed1ab_0
#7 45.93 Linking setuptools-70.0.0-pyhd8ed1ab_0
#7 45.95 Linking pysocks-1.7.1-pyha2e5f31_6
#7 45.95 Linking pygments-2.18.0-pyhd8ed1ab_0
#7 45.96 Linking packaging-24.0-pyhd8ed1ab_0
#7 45.96 Linking networkx-3.3-pyhd8ed1ab_1
#7 46.03 Linking mdurl-0.1.2-pyhd8ed1ab_0
#7 46.03 Linking idna-3.7-pyhd8ed1ab_0
#7 46.03 Linking humanize-4.9.0-pyhd8ed1ab_0
#7 46.04 Linking humanfriendly-10.0-pyhd8ed1ab_6
#7 46.04 Linking colorama-0.4.6-pyhd8ed1ab_0
#7 46.04 Linking click-8.1.7-unix_pyh707e725_0
#7 46.05 Linking charset-normalizer-3.3.2-pyhd8ed1ab_0
#7 46.05 Linking certifi-2024.7.4-pyhd8ed1ab_0
#7 46.05 Linking python-kaleido-0.2.1-pyhd8ed1ab_0
#7 46.05 Linking pyaml-env-1.1.0-pyhd8ed1ab_0
#7 46.05 Linking jinja2-3.1.4-pyhd8ed1ab_0
#7 46.06 Linking importlib-metadata-7.1.0-pyha770c72_0
#7 46.06 Linking typing-extensions-4.12.2-hd8ed1ab_0
#7 46.06 Linking pip-24.0-pyhd8ed1ab_0
#7 46.11 Linking urllib3-2.2.1-pyhd8ed1ab_0
#7 46.12 Linking plotly-5.22.0-pyhd8ed1ab_0
#7 47.01 Linking colormath-3.0.0-py_2
#7 47.01 Linking markdown-it-py-3.0.0-pyhd8ed1ab_0
#7 47.02 Linking coloredlogs-15.0.1-pyhd8ed1ab_3
#7 47.02 Linking tqdm-4.66.4-pyhd8ed1ab_0
#7 47.02 Linking markdown-3.6-pyhd8ed1ab_0
#7 47.03 Linking importlib_metadata-7.1.0-hd8ed1ab_0
#7 47.03 Linking annotated-types-0.7.0-pyhd8ed1ab_0
#7 47.03 Linking requests-2.32.3-pyhd8ed1ab_0
#7 47.03 Linking spectra-0.0.11-py_1
#7 47.03 Linking rich-13.7.1-pyhd8ed1ab_0
#7 47.03 Linking typeguard-4.3.0-pyhd8ed1ab_0
#7 47.04 Linking rich-click-1.8.3-pyhd8ed1ab_0
#7 47.04 Linking pydantic-core-2.18.4-py311h5ecf98a_0
#7 47.04 Linking pydantic-2.7.3-pyhd8ed1ab_0
#7 47.05 Linking multiqc-1.23-pyhdfd78af_0
#7 48.26 
#7 48.26 Transaction finished
#7 48.26 
#7 48.26 
#7 48.26 To activate this environment, use:
#7 48.26 
#7 48.26     mamba activate multiqc
#7 48.26 
#7 48.26 Or to execute a single command in this environment, use:
#7 48.26 
#7 48.26     mamba run -n multiqc mycommand
#7 48.26 
#7 48.95 There are no unused tarball(s) to remove.
#7 48.95 Will remove 1 index cache(s).
#7 48.95 There are no unused package(s) to remove.
#7 48.95 There are no tempfile(s) to remove.
#7 48.95 There are no logfile(s) to remove.
#7 DONE 54.2s

#8 exporting to image
#8 exporting layers
#8 exporting layers 42.3s done
#8 writing image sha256:c347402bbbcedf3e0a9c1f0f5185bc592f86245f4539d8f6bc2f3ad96db2749d 0.0s done
#8 naming to ghcr.io/bdrd-genomics/allinone-multiqc:1.0.0 0.0s done
#8 naming to ghcr.io/bdrd-genomics/allinone-multiqc:latest 0.0s done
#8 DONE 42.4s
SUCCESS: ghcr.io/bdrd-genomics/allinone-multiqc

==================================================
Building: ghcr.io/bdrd-genomics/allinone-myloasm:1.0.0
Dockerfile: Dockerfile.myloasm
==================================================
#0 building with "default" instance using docker driver

#1 [internal] load build definition from Dockerfile.myloasm
#1 transferring dockerfile: 432B done
#1 DONE 0.1s

#2 [internal] load metadata for ghcr.io/bdrd-genomics/allinone-conda-base:1.0.1
#2 DONE 0.0s

#3 [internal] load .dockerignore
#3 transferring context: 2B done
#3 DONE 0.1s

#4 [1/3] FROM ghcr.io/bdrd-genomics/allinone-conda-base:1.0.1
#4 CACHED

#5 [internal] load build context
#5 transferring context: 2B done
#5 DONE 0.0s

#6 [2/3] COPY env/environment.myloasm.yml /tmp/environment.yml
#6 ERROR: failed to calculate checksum of ref f9230d27-738a-4571-adac-aa37bc44adee::zmx83iw5gbql24msxcm47c8wq: "/env/environment.myloasm.yml": not found
------
 > [2/3] COPY env/environment.myloasm.yml /tmp/environment.yml:
------
Dockerfile.myloasm:3
--------------------
   1 |     FROM ghcr.io/bdrd-genomics/allinone-conda-base:1.0.1
   2 |     
   3 | >>> COPY env/environment.myloasm.yml /tmp/environment.yml
   4 |     
   5 |     RUN /opt/conda/bin/mamba env create -n myloasm -f /tmp/environment.yml \
--------------------
ERROR: failed to build: failed to solve: failed to compute cache key: failed to calculate checksum of ref f9230d27-738a-4571-adac-aa37bc44adee::zmx83iw5gbql24msxcm47c8wq: "/env/environment.myloasm.yml": not found
FAILED: ghcr.io/bdrd-genomics/allinone-myloasm

==================================================
Building: ghcr.io/bdrd-genomics/allinone-nanoplot:1.0.0
Dockerfile: Dockerfile.nanoplot
==================================================
#0 building with "default" instance using docker driver

#1 [internal] load build definition from Dockerfile.nanoplot
#1 transferring dockerfile: 1.01kB done
#1 DONE 0.0s

#2 [internal] load metadata for ghcr.io/bdrd-genomics/allinone-conda-base:1.0.1
#2 DONE 0.0s

#3 [internal] load .dockerignore
#3 transferring context: 2B done
#3 DONE 0.0s

#4 [1/5] FROM ghcr.io/bdrd-genomics/allinone-conda-base:1.0.1
#4 CACHED

#5 [internal] load build context
#5 transferring context: 189B done
#5 DONE 0.0s

#6 [2/5] COPY environment.nanoplot.yml /tmp/environment.yml
#6 DONE 0.1s

#7 [3/5] RUN conda config --system --set channel_priority flexible &&     /opt/conda/bin/mamba env create -f /tmp/environment.yml &&     /opt/conda/bin/conda clean -afy
#7 1.510 Fetch Shard Index for conda-forge/linux-64                                                      ⧖ Starting
#7 1.695 Fetch Shard Index for conda-forge/linux-64                                                ✔ Done (0.2 sec)
#7 1.695 Fetch Shard Index for conda-forge/noarch                                                        ⧖ Starting
#7 1.890 Fetch Shard Index for conda-forge/noarch                                                  ✔ Done (0.2 sec)
#7 1.890 Fetching and Parsing Packages' Shards                                                           ⧖ Starting
#7 1.890 Fetching and Parsing Packages' Shards                                                     ✔ Done (0.0 sec)
#7 2.883 Using Flat Repodata for conda-forge/linux-64                                                    ✔ Starting
#7 9.238 Using Flat Repodata for conda-forge/linux-64                                              ✔ Done (6.4 sec)
#7 9.243 Using Cached Shard Index for conda-forge/noarch                                                     ✔ Done
#7 9.246 Using Cached Shard Index for conda-forge/linux-64                                                   ✔ Done
#7 9.246 Fetching and Parsing Packages' Shards                                                           ⧖ Starting
#7 9.246 Fetching and Parsing Packages' Shards                                                     ✔ Done (0.0 sec)
#7 9.780 Using Flat Repodata for conda-forge/noarch                                                      ✔ Starting
#7 12.35 Using Flat Repodata for conda-forge/noarch                                                ✔ Done (2.6 sec)
#7 12.35 Fetch Shard Index for bioconda/linux-64                                                         ⧖ Starting
#7 12.50 Fetch Shard Index for bioconda/linux-64                                                   ✔ Done (0.2 sec)
#7 12.50 Fetch Shard Index for bioconda/noarch                                                           ⧖ Starting
#7 12.64 Fetch Shard Index for bioconda/noarch                                                     ✔ Done (0.1 sec)
#7 12.64 Fetching and Parsing Packages' Shards                                                           ⧖ Starting
#7 13.26 Fetching and Parsing Packages' Shards                                                     ✔ Done (0.6 sec)
#7 13.27 Using Cached Shard Index for conda-forge/linux-64                                                   ✔ Done
#7 13.28 Using Cached Shard Index for conda-forge/noarch                                                     ✔ Done
#7 13.28 Fetching and Parsing Packages' Shards                                                           ⧖ Starting
#7 23.10 Fetching and Parsing Packages' Shards                                                     ✔ Done (9.8 sec)
#7 23.65 Using Cached Shard Index for bioconda/linux-64                                                      ✔ Done
#7 23.65 Using Cached Shard Index for bioconda/noarch                                                        ✔ Done
#7 23.65 Fetching and Parsing Packages' Shards                                                           ⧖ Starting
#7 23.97 Fetching and Parsing Packages' Shards                                                     ✔ Done (0.3 sec)
#7 23.98 Parsing Packages' Records                                                                ✔ Done (21.1 sec)
#7 24.00 
#7 24.00 Resolving Environment                                                                           ⧖ Starting
#7 46.96 Resolving Environment                                                                    ✔ Done (23.0 sec)
#7 47.00 
#7 47.00 Transaction
#7 47.00 
#7 47.00   Prefix: /opt/conda/envs/nanoplot
#7 47.00 
#7 47.00   Updating specs:
#7 47.00 
#7 47.00    - nanoplot
#7 47.00 
#7 47.00 
#7 47.16 warning  libmamba Security Warning: This transaction includes executing package scripts (pre/post-link/unlink) if present. These scripts can contain arbitrary code. Please ensure you trust the package sources.
#7 47.16   Package                                  Version  Build                 Channel           Size
#7 47.16 ──────────────────────────────────────────────────────────────────────────────────────────────────
#7 47.16   Install:
#7 47.16 ──────────────────────────────────────────────────────────────────────────────────────────────────
#7 47.16 
#7 47.16   + _openmp_mutex                              4.5  20_gnu                conda-forge       29kB
#7 47.16   + aws-c-auth                              0.10.4  hb7a77c6_1            conda-forge      135kB
#7 47.16   + aws-c-cal                               0.9.14  h2aa3ae6_4            conda-forge       57kB
#7 47.16   + aws-c-common                            0.14.2  hb03c661_0            conda-forge      246kB
#7 47.16   + aws-c-compression                        0.3.2  h720e601_4            conda-forge       22kB
#7 47.16   + aws-c-event-stream                       0.7.1  h6ffeea8_4            conda-forge       60kB
#7 47.16   + aws-c-http                              0.11.0  h38ae05a_4            conda-forge      231kB
#7 47.16   + aws-c-io                                0.27.3  h6f4d18d_1            conda-forge      183kB
#7 47.16   + aws-c-mqtt                              0.16.0  h21f4ec5_2            conda-forge      225kB
#7 47.16   + aws-c-s3                                0.12.8  h46fcd08_1            conda-forge      156kB
#7 47.16   + aws-c-sdkutils                           0.2.7  h720e601_2            conda-forge       69kB
#7 47.16   + aws-checksums                           0.2.10  h720e601_4            conda-forge      102kB
#7 47.16   + aws-crt-cpp                             0.40.1  h102d43b_3            conda-forge      416kB
#7 47.16   + aws-sdk-cpp                           1.11.833  hc7390e0_9            conda-forge        3MB
#7 47.16   + azure-core-cpp                          1.16.3  h206d751_0            conda-forge      349kB
#7 47.16   + azure-identity-cpp                      1.13.3  h71f81a8_2            conda-forge      251kB
#7 47.16   + azure-storage-blobs-cpp                12.18.0  h74b55db_1            conda-forge      590kB
#7 47.16   + azure-storage-common-cpp               12.14.0  hf596fc9_1            conda-forge      159kB
#7 47.16   + azure-storage-files-datalake-cpp       12.16.0  h1f05bef_1            conda-forge      309kB
#7 47.16   + biopython                                 1.88  py314h89acca1_1       conda-forge        3MB
#7 47.16   + bzip2                                    1.0.8  hda65f42_10           conda-forge     Cached
#7 47.16   + c-ares                                  1.34.8  hebe6cf0_2            conda-forge     Cached
#7 47.16   + ca-certificates                      2026.7.22  hbd8a1cb_0            conda-forge     Cached
#7 47.16   + choreographer                            1.3.0  pyhcf101f3_0          conda-forge       45kB
#7 47.16   + gflags                                   2.3.1  h54a6638_0            conda-forge      131kB
#7 47.16   + glog                                     0.7.1  hb7133d2_1            conda-forge      149kB
#7 47.16   + icu                                       78.3  py310h44b86e0_2       conda-forge     Cached
#7 47.16   + keyutils                                 1.6.3  h7cc23a3_1            conda-forge     Cached
#7 47.16   + krb5                                    1.22.2  hbc21106_2            conda-forge     Cached
#7 47.16   + ld_impl_linux-64                        2.46.1  default_hbd61a6d_102  conda-forge      745kB
#7 47.16   + libabseil                           20260526.0  cxx17_h0dc7533_2      conda-forge        1MB
#7 47.16   + libarrow                                25.0.0  hcc2f0d9_4_cpu        conda-forge        7MB
#7 47.16   + libarrow-acero                          25.0.0  h635bf11_4_cpu        conda-forge      591kB
#7 47.16   + libarrow-compute                        25.0.0  h53684a4_4_cpu        conda-forge        3MB
#7 47.16   + libarrow-dataset                        25.0.0  h635bf11_4_cpu        conda-forge      591kB
#7 47.16   + libarrow-substrait                      25.0.0  h66fbfdd_4_cpu        conda-forge      500kB
#7 47.16   + libblas                                 3.11.0  11_h4a7cf45_openblas  conda-forge       18kB
#7 47.16   + libbrotlicommon                          1.2.0  h39a168f_4            conda-forge       81kB
#7 47.16   + libbrotlidec                             1.2.0  ha411449_4            conda-forge       35kB
#7 47.16   + libbrotlienc                             1.2.0  h018ffa1_4            conda-forge      298kB
#7 47.16   + libcblas                                3.11.0  11_h0358290_openblas  conda-forge       18kB
#7 47.16   + libcrc32c                                1.1.2  h9c3ff4c_0            conda-forge       20kB
#7 47.16   + libcurl                                 8.22.0  ha042cf0_0            conda-forge     Cached
#7 47.16   + libdeflate                                1.25  hd45a770_1            conda-forge       74kB
#7 47.16   + libedit                           3.1.20250104  pl5321h373387f_1      conda-forge     Cached
#7 47.16   + libev                                     4.33  h280c20c_3            conda-forge     Cached
#7 47.16   + libevent                                2.1.12  h5348a74_2            conda-forge      431kB
#7 47.16   + libexpat                                 2.8.1  hecca717_1            conda-forge     Cached
#7 47.16   + libffi                                   3.7.0  h81df57d_1            conda-forge     Cached
#7 47.16   + libgcc                                  16.2.0  ha9f2e26_5            conda-forge        1MB
#7 47.16   + libgcc-ng                               16.2.0  h69a702a_5            conda-forge       29kB
#7 47.16   + libgfortran                             16.2.0  h69a702a_5            conda-forge       29kB
#7 47.16   + libgfortran5                            16.2.0  h6b99dfc_5            conda-forge        3MB
#7 47.16   + libgomp                                 16.2.0  he0feb66_5            conda-forge      642kB
#7 47.16   + libgoogle-cloud                          3.8.0  hbc29df5_0            conda-forge        3MB
#7 47.16   + libgoogle-cloud-storage                  3.8.0  hdbdcf42_0            conda-forge      811kB
#7 47.16   + libgrpc                                 1.82.1  h792040b_0            conda-forge        7MB
#7 47.16   + libiconv                                  1.18  h0cb94f2_3            conda-forge     Cached
#7 47.16   + liblapack                               3.11.0  11_h47877c9_openblas  conda-forge       18kB
#7 47.16   + liblzma                                  5.8.3  hb03c661_1            conda-forge     Cached
#7 47.16   + libmpdec                                 4.0.0  hb03c661_2            conda-forge     Cached
#7 47.16   + libnghttp2                              1.68.1  h74cf4be_1            conda-forge     Cached
#7 47.16   + libopenblas                             0.3.34  pthreads_hf13c14d_2   conda-forge        7MB
#7 47.16   + libopentelemetry-cpp                    1.27.0  h3133023_1            conda-forge      949kB
#7 47.16   + libopentelemetry-cpp-headers            1.27.0  ha770c72_1            conda-forge      395kB
#7 47.16   + libparquet                              25.0.0  h7376487_4_cpu        conda-forge        1MB
#7 47.16   + libpng                                  1.6.58  h922cc85_1            conda-forge      317kB
#7 47.16   + libprotobuf                             7.35.1  h622638d_3            conda-forge        4MB
#7 47.16   + libpsl                                  0.23.1  hd9e3e90_1            conda-forge     Cached
#7 47.16   + libpython                               3.14.7  hdc7f604_106_cp314    conda-forge     Cached
#7 47.16   + libre2-11                           2025.11.05  h60473fc_2            conda-forge      211kB
#7 47.16   + libsqlite                               3.53.4  h13e7031_1            conda-forge     Cached
#7 47.16   + libssh2                                 1.11.1  h6154650_1            conda-forge     Cached
#7 47.16   + libstdcxx                               16.2.0  h934c35e_5            conda-forge        7MB
#7 47.16   + libstdcxx-ng                            16.2.0  hdf11a46_5            conda-forge       29kB
#7 47.16   + libthrift                               0.22.0  h7d032f7_2            conda-forge      424kB
#7 47.16   + libutf8proc                             2.11.3  hfe17d71_0            conda-forge       86kB
#7 47.16   + libuuid                                 2.42.3  hcfc3c73_0            conda-forge     Cached
#7 47.16   + libxml2                                 2.15.4  h7df9aa5_0            conda-forge       47kB
#7 47.16   + libxml2-16                              2.15.4  hf3af7cc_0            conda-forge     Cached
#7 47.16   + libzlib                                  1.3.2  h25fd6f3_3            conda-forge     Cached
#7 47.16   + logistro                                 2.0.1  pyhcf101f3_0          conda-forge       16kB
#7 47.16   + lz4-c                                   1.10.0  hee9eb32_2            conda-forge     Cached
#7 47.16   + nanoget                                 1.19.6  pyhdfd78af_0          bioconda          34kB
#7 47.16   + nanoplot                                1.48.0  pyhdfd78af_1          bioconda          43kB
#7 47.16   + narwhals                                2.26.0  pyh5ded981_0          conda-forge      297kB
#7 47.16   + ncurses                                    6.6  hdb14827_1            conda-forge     Cached
#7 47.16   + nlohmann_json                           3.12.0  h54a6638_2            conda-forge      136kB
#7 47.16   + numpy                                    2.5.3  py314hd3a7d6b_0       conda-forge        9MB
#7 47.16   + openssl                                  3.6.4  h781a0a9_0            conda-forge     Cached
#7 47.16   + orc                                      2.3.1  h443056b_0            conda-forge        1MB
#7 47.16   + orjson                                  3.12.0  py314h6c1ebe3_1       conda-forge      298kB
#7 47.16   + packaging                                 26.3  pyhc364b38_0          conda-forge     Cached
#7 47.16   + pandas                                   3.0.6  np2py314h9e1d7c2_0    conda-forge       15MB
#7 47.16   + platformdirs                           4.11.11  pyh5ded981_0          conda-forge       29kB
#7 47.16   + plotly                                   6.9.0  pyhd8ed1ab_0          conda-forge        5MB
#7 47.16   + prometheus-cpp                           1.3.0  h26ae035_1            conda-forge      196kB
#7 47.16   + pyarrow                                 25.0.0  py314hdafbbf9_0       conda-forge       26kB
#7 47.16   + pyarrow-core                            25.0.0  py314h969be7f_0_cpu   conda-forge        5MB
#7 47.16   + pysam                                   0.24.1  py314ha0fe93d_0       bioconda           2MB
#7 47.16   + python                                  3.14.7  hcd007b5_106_cp314    conda-forge     Cached
#7 47.16   + python-dateutil                    2.9.0.post0  pyhe01879c_2          conda-forge      233kB
#7 47.16   + python-kaleido                           1.3.0  pyhcf101f3_0          conda-forge       54kB
#7 47.16   + python_abi                                3.14  9_cp314               conda-forge        7kB
#7 47.16   + re2                                 2025.11.05  h94463f1_2            conda-forge       27kB
#7 47.16   + readline                                   8.3  hd6e31c0_1            conda-forge     Cached
#7 47.16   + s2n                                      1.7.5  h7e3ee7f_1            conda-forge      393kB
#7 47.16   + scipy                                   1.18.1  py314h36f0660_1       conda-forge       17MB
#7 47.16   + simplejson                               4.1.2  py314h89acca1_1       conda-forge      172kB
#7 47.16   + six                                     1.17.0  pyhe01879c_1          conda-forge       18kB
#7 47.16   + snappy                                   1.2.2  h03e3b7b_1            conda-forge       46kB
#7 47.16   + tk                                      8.6.13  noxft_h1df4ec4_4      conda-forge     Cached
#7 47.16   + tzdata                                   2026c  h151e31d_0            conda-forge     Cached
#7 47.16   + zlib                                     1.3.2  h25fd6f3_3            conda-forge       96kB
#7 47.16   + zstd                                     1.5.7  hb78ec9c_7            conda-forge     Cached
#7 47.16 
#7 47.16   Summary:
#7 47.16 
#7 47.16   Install: 115 packages
#7 47.16 
#7 47.16   Total download: 120MB
#7 47.16 
#7 47.16 ──────────────────────────────────────────────────────────────────────────────────────────────────
#7 47.16 
#7 47.16 
#7 47.16 Confirm changes: [Y/n] 
#7 47.16 Transaction starting
#7 49.02 Linking libzlib-1.3.2-h25fd6f3_3
#7 49.02 Linking libopentelemetry-cpp-headers-1.27.0-ha770c72_1
#7 49.05 Linking nlohmann_json-3.12.0-h54a6638_2
#7 49.05 Linking libgomp-16.2.0-he0feb66_5
#7 49.05 Linking zlib-1.3.2-h25fd6f3_3
#7 49.05 Linking zstd-1.5.7-hb78ec9c_7
#7 49.06 Linking _openmp_mutex-4.5-20_gnu
#7 49.06 Linking ld_impl_linux-64-2.46.1-default_hbd61a6d_102
#7 49.06 Linking libgcc-16.2.0-ha9f2e26_5
#7 49.07 Linking libiconv-1.18-h0cb94f2_3
#7 49.08 Linking libgcc-ng-16.2.0-h69a702a_5
#7 49.08 Linking aws-c-common-0.14.2-hb03c661_0
#7 49.08 Linking libutf8proc-2.11.3-hfe17d71_0
#7 49.08 Linking libev-4.33-h280c20c_3
#7 49.09 Linking c-ares-1.34.8-hebe6cf0_2
#7 49.11 Linking keyutils-1.6.3-h7cc23a3_1
#7 49.12 Linking libbrotlicommon-1.2.0-h39a168f_4
#7 49.12 Linking tk-8.6.13-noxft_h1df4ec4_4
#7 49.20 Linking ncurses-6.6-hdb14827_1
#7 50.55 Linking libuuid-2.42.3-hcfc3c73_0
#7 50.55 Linking libmpdec-4.0.0-hb03c661_2
#7 50.55 Linking libffi-3.7.0-h81df57d_1
#7 50.55 Linking libexpat-2.8.1-hecca717_1
#7 50.55 Linking libstdcxx-16.2.0-h934c35e_5
#7 50.55 Linking libgfortran5-16.2.0-h6b99dfc_5
#7 50.55 Linking liblzma-5.8.3-hb03c661_1
#7 50.56 Linking libdeflate-1.25-hd45a770_1
#7 50.56 Linking bzip2-1.0.8-hda65f42_10
#7 50.56 Linking libpng-1.6.58-h922cc85_1
#7 50.56 Linking aws-c-compression-0.3.2-h720e601_4
#7 50.56 Linking aws-checksums-0.2.10-h720e601_4
#7 50.56 Linking aws-c-sdkutils-0.2.7-h720e601_2
#7 50.56 Linking libbrotlienc-1.2.0-h018ffa1_4
#7 50.57 Linking libbrotlidec-1.2.0-ha411449_4
#7 50.57 Linking libedit-3.1.20250104-pl5321h373387f_1
#7 50.57 Linking readline-8.3-hd6e31c0_1
#7 50.57 Linking icu-78.3-py310h44b86e0_2
#7 50.62 Linking gflags-2.3.1-h54a6638_0
#7 50.62 Linking libstdcxx-ng-16.2.0-hdf11a46_5
#7 50.62 Linking snappy-1.2.2-h03e3b7b_1
#7 50.62 Linking lz4-c-1.10.0-hee9eb32_2
#7 50.63 Linking libabseil-20260526.0-cxx17_h0dc7533_2
#7 50.70 Linking libpython-3.14.7-hdc7f604_106_cp314
#7 50.74 Linking libgfortran-16.2.0-h69a702a_5
#7 50.74 Linking libxml2-16-2.15.4-hf3af7cc_0
#7 50.74 Linking libsqlite-3.53.4-h13e7031_1
#7 50.74 Linking libpsl-0.23.1-hd9e3e90_1
#7 50.75 Linking glog-0.7.1-hb7133d2_1
#7 50.75 Linking libcrc32c-1.1.2-h9c3ff4c_0
#7 50.75 Linking libre2-11-2025.11.05-h60473fc_2
#7 50.75 Linking libprotobuf-7.35.1-h622638d_3
#7 50.77 Linking libopenblas-0.3.34-pthreads_hf13c14d_2
#7 50.77 Linking libxml2-2.15.4-h7df9aa5_0
#7 50.77 Linking re2-2025.11.05-h94463f1_2
#7 50.77 Linking libblas-3.11.0-11_h4a7cf45_openblas
#7 50.83 Linking liblapack-3.11.0-11_h47877c9_openblas
#7 50.88 Linking libcblas-3.11.0-11_h0358290_openblas
#7 50.94 Linking python_abi-3.14-9_cp314
#7 50.94 Linking ca-certificates-2026.7.22-hbd8a1cb_0
#7 50.94 Linking tzdata-2026c-h151e31d_0
#7 51.05 Linking openssl-3.6.4-h781a0a9_0
#7 51.10 Linking orc-2.3.1-h443056b_0
#7 51.10 Linking s2n-1.7.5-h7e3ee7f_1
#7 51.10 Linking libevent-2.1.12-h5348a74_2
#7 51.11 Linking aws-c-cal-0.9.14-h2aa3ae6_4
#7 51.11 Linking libgrpc-1.82.1-h792040b_0
#7 51.16 Linking libssh2-1.11.1-h6154650_1
#7 51.19 Linking libnghttp2-1.68.1-h74cf4be_1
#7 51.19 Linking krb5-1.22.2-hbc21106_2
#7 51.25 Linking python-3.14.7-hcd007b5_106_cp314
#7 51.66 Linking libthrift-0.22.0-h7d032f7_2
#7 51.67 Linking aws-c-io-0.27.3-h6f4d18d_1
#7 51.67 Linking libcurl-8.22.0-ha042cf0_0
#7 51.68 Linking simplejson-4.1.2-py314h89acca1_1
#7 51.68 Linking orjson-3.12.0-py314h6c1ebe3_1
#7 51.69 Linking numpy-2.5.3-py314hd3a7d6b_0
#7 51.74 Linking aws-c-http-0.11.0-h38ae05a_4
#7 51.74 Linking aws-c-event-stream-0.7.1-h6ffeea8_4
#7 51.75 Linking azure-core-cpp-1.16.3-h206d751_0
#7 51.75 Linking prometheus-cpp-1.3.0-h26ae035_1
#7 51.75 Linking scipy-1.18.1-py314h36f0660_1
#7 51.81 Linking biopython-1.88-py314h89acca1_1
#7 51.85 Linking aws-c-auth-0.10.4-hb7a77c6_1
#7 51.85 Linking aws-c-mqtt-0.16.0-h21f4ec5_2
#7 51.85 Linking azure-storage-common-cpp-12.14.0-hf596fc9_1
#7 51.85 Linking azure-identity-cpp-1.13.3-h71f81a8_2
#7 51.86 Linking libopentelemetry-cpp-1.27.0-h3133023_1
#7 51.86 Linking aws-c-s3-0.12.8-h46fcd08_1
#7 51.86 Linking azure-storage-blobs-cpp-12.18.0-h74b55db_1
#7 51.86 Linking libgoogle-cloud-3.8.0-hbc29df5_0
#7 51.88 Linking aws-crt-cpp-0.40.1-h102d43b_3
#7 51.88 Linking azure-storage-files-datalake-cpp-12.16.0-h1f05bef_1
#7 51.89 Linking libgoogle-cloud-storage-3.8.0-hdbdcf42_0
#7 51.89 Linking aws-sdk-cpp-1.11.833-hc7390e0_9
#7 51.97 Linking libarrow-25.0.0-hcc2f0d9_4_cpu
#7 52.02 Linking libarrow-compute-25.0.0-h53684a4_4_cpu
#7 52.02 Linking libparquet-25.0.0-h7376487_4_cpu
#7 52.02 Linking pyarrow-core-25.0.0-py314h969be7f_0_cpu
#7 52.08 Linking libarrow-acero-25.0.0-h635bf11_4_cpu
#7 52.08 Linking libarrow-dataset-25.0.0-h635bf11_4_cpu
#7 52.08 Linking libarrow-substrait-25.0.0-h66fbfdd_4_cpu
#7 52.08 Linking pyarrow-25.0.0-py314hdafbbf9_0
#7 52.08 Linking narwhals-2.26.0-pyh5ded981_0
#7 52.10 Linking six-1.17.0-pyhe01879c_1
#7 52.10 Linking platformdirs-4.11.11-pyh5ded981_0
#7 52.10 Linking logistro-2.0.1-pyhcf101f3_0
#7 52.10 Linking packaging-26.3-pyhc364b38_0
#7 52.11 Linking python-dateutil-2.9.0.post0-pyhe01879c_2
#7 52.11 Linking choreographer-1.3.0-pyhcf101f3_0
#7 52.11 Linking plotly-6.9.0-pyhd8ed1ab_0
#7 52.35 Linking python-kaleido-1.3.0-pyhcf101f3_0
#7 52.35 Linking pysam-0.24.1-py314ha0fe93d_0
#7 52.38 Linking pandas-3.0.6-np2py314h9e1d7c2_0
#7 52.55 Linking nanoget-1.19.6-pyhdfd78af_0
#7 52.55 Linking nanoplot-1.48.0-pyhdfd78af_1
#7 52.55 warning  libmamba [nanoplot-1.48.0-pyhdfd78af_1] The following files were already present in the environment:
#7 52.55     - LICENSE
#7 52.59 
#7 52.59 Transaction finished
#7 52.59 
#7 52.59 
#7 52.59 To activate this environment, use:
#7 52.59 
#7 52.59     mamba activate nanoplot
#7 52.59 
#7 52.59 Or to execute a single command in this environment, use:
#7 52.59 
#7 52.59     mamba run -n nanoplot mycommand
#7 52.59 
#7 53.67 Will remove 1 package cache(s).
#7 DONE 54.2s

#8 [4/5] RUN echo 'source /opt/conda/etc/profile.d/conda.sh' > /etc/profile.d/conda_auto.sh &&     echo 'conda activate nanoplot' >> /etc/profile.d/conda_auto.sh &&     chmod +x /etc/profile.d/conda_auto.sh
#8 DONE 0.5s

#9 [5/5] WORKDIR /data
#9 DONE 0.2s

#10 exporting to image
#10 exporting layers
#10 exporting layers 10.0s done
#10 writing image sha256:21c7d4a537adc21d76b9e1ae4922c2282b6c4b08a9933c83fb46c975a38017fd 0.0s done
#10 naming to ghcr.io/bdrd-genomics/allinone-nanoplot:1.0.0 0.0s done
#10 naming to ghcr.io/bdrd-genomics/allinone-nanoplot:latest 0.0s done
#10 DONE 10.1s
SUCCESS: ghcr.io/bdrd-genomics/allinone-nanoplot

==================================================
Building: ghcr.io/bdrd-genomics/allinone-nextflow:1.0.0
Dockerfile: Dockerfile.nextflow
==================================================
#0 building with "default" instance using docker driver

#1 [internal] load build definition from Dockerfile.nextflow
#1 transferring dockerfile: 488B done
#1 DONE 0.0s

#2 [internal] load metadata for ghcr.io/bdrd-genomics/allinone-conda-base:1.0.1
#2 DONE 0.0s

#3 [internal] load .dockerignore
#3 transferring context: 2B done
#3 DONE 0.0s

#4 [1/3] FROM ghcr.io/bdrd-genomics/allinone-conda-base:1.0.1
#4 CACHED

#5 [internal] load build context
#5 transferring context: 4.45kB done
#5 DONE 0.0s

#6 [2/3] COPY environment.nextflow.yml /tmp/environment.yml
#6 DONE 0.1s

#7 [3/3] RUN /opt/conda/bin/mamba env create -f /tmp/environment.yml &&     /opt/conda/bin/conda clean -a -y
#7 1.056 ⚠ Shard Index for compbiocore/linux-64 not available, falling back to flat repodata
#7 1.056 Using Flat Repodata for compbiocore/linux-64                                                    ✔ Starting
#7 1.061 Using Flat Repodata for compbiocore/linux-64                                              ✔ Done (0.0 sec)
#7 1.061 ⚠ Shard Index for compbiocore/noarch not available, falling back to flat repodata
#7 1.061 Using Flat Repodata for compbiocore/noarch                                                      ✔ Starting
#7 1.061 Using Flat Repodata for compbiocore/noarch                                                ✔ Done (0.0 sec)
#7 1.061 ⚠ Shard Index for nanoporetech/linux-64 not available, falling back to flat repodata
#7 1.061 Using Flat Repodata for nanoporetech/linux-64                                                   ✔ Starting
#7 1.064 Using Flat Repodata for nanoporetech/linux-64                                             ✔ Done (0.0 sec)
#7 1.064 ⚠ Shard Index for nanoporetech/noarch not available, falling back to flat repodata
#7 1.064 Using Flat Repodata for nanoporetech/noarch                                                     ✔ Starting
#7 1.065 Using Flat Repodata for nanoporetech/noarch                                               ✔ Done (0.0 sec)
#7 1.065 ⚠ Shard Index for gurobi/linux-64 not available, falling back to flat repodata
#7 1.065 Using Flat Repodata for gurobi/linux-64                                                         ✔ Starting
#7 1.066 Using Flat Repodata for gurobi/linux-64                                                   ✔ Done (0.0 sec)
#7 1.066 ⚠ Shard Index for gurobi/noarch not available, falling back to flat repodata
#7 1.066 Using Flat Repodata for gurobi/noarch                                                           ✔ Starting
#7 1.066 Using Flat Repodata for gurobi/noarch                                                     ✔ Done (0.0 sec)
#7 1.068 Fetch Shard Index for conda-forge/linux-64                                                      ⧖ Starting
#7 1.258 Fetch Shard Index for conda-forge/linux-64                                                ✔ Done (0.2 sec)
#7 1.258 Fetch Shard Index for conda-forge/noarch                                                        ⧖ Starting
#7 1.465 Fetch Shard Index for conda-forge/noarch                                                  ✔ Done (0.2 sec)
#7 1.465 Fetching and Parsing Packages' Shards                                                           ⧖ Starting
#7 4.451 Fetching and Parsing Packages' Shards                                                     ✔ Done (3.0 sec)
#7 4.590 Fetch Shard Index for bioconda/linux-64                                                         ⧖ Starting
#7 4.751 Fetch Shard Index for bioconda/linux-64                                                   ✔ Done (0.2 sec)
#7 4.751 Fetch Shard Index for bioconda/noarch                                                           ⧖ Starting
#7 4.915 Fetch Shard Index for bioconda/noarch                                                     ✔ Done (0.2 sec)
#7 4.915 Fetching and Parsing Packages' Shards                                                           ⧖ Starting
#7 5.301 Fetching and Parsing Packages' Shards                                                     ✔ Done (0.4 sec)
#7 5.304 Fetch Shard Index for anaconda/linux-64                                                         ⧖ Starting
#7 5.445 Fetch Shard Index for anaconda/linux-64                                                   ✔ Done (0.1 sec)
#7 5.445 Fetch Shard Index for anaconda/noarch                                                           ⧖ Starting
#7 5.572 Fetch Shard Index for anaconda/noarch                                                     ✔ Done (0.1 sec)
#7 5.572 Fetching and Parsing Packages' Shards                                                           ⧖ Starting
#7 7.155 Fetching and Parsing Packages' Shards                                                     ✔ Done (1.6 sec)
#7 7.195 Fetch Shard Index for r/linux-64                                                                ⧖ Starting
#7 7.334 Fetch Shard Index for r/linux-64                                                          ✔ Done (0.1 sec)
#7 7.334 Fetch Shard Index for r/noarch                                                                  ⧖ Starting
#7 7.488 Fetch Shard Index for r/noarch                                                            ✔ Done (0.2 sec)
#7 7.488 Fetching and Parsing Packages' Shards                                                           ⧖ Starting
#7 9.693 Fetching and Parsing Packages' Shards                                                     ✔ Done (2.2 sec)
#7 9.712 Using Cached Shard Index for conda-forge/linux-64                                                   ✔ Done
#7 9.718 Using Cached Shard Index for conda-forge/noarch                                                     ✔ Done
#7 9.718 Fetching and Parsing Packages' Shards                                                           ⧖ Starting
#7 11.17 Fetching and Parsing Packages' Shards                                                     ✔ Done (1.4 sec)
#7 11.32 Using Cached Shard Index for bioconda/linux-64                                                      ✔ Done
#7 11.33 Using Cached Shard Index for bioconda/noarch                                                        ✔ Done
#7 11.33 Fetching and Parsing Packages' Shards                                                           ⧖ Starting
#7 12.74 Fetching and Parsing Packages' Shards                                                     ✔ Done (1.4 sec)
#7 12.76 Using Cached Shard Index for anaconda/linux-64                                                      ✔ Done
#7 12.76 Using Cached Shard Index for anaconda/noarch                                                        ✔ Done
#7 12.76 Fetching and Parsing Packages' Shards                                                           ⧖ Starting
#7 15.46 Fetching and Parsing Packages' Shards                                                     ✔ Done (2.7 sec)
#7 15.50 Using Cached Shard Index for r/linux-64                                                             ✔ Done
#7 15.50 Using Cached Shard Index for r/noarch                                                               ✔ Done
#7 15.50 Fetching and Parsing Packages' Shards                                                           ⧖ Starting
#7 16.53 Fetching and Parsing Packages' Shards                                                     ✔ Done (1.0 sec)
#7 16.55 Parsing Packages' Records                                                                ✔ Done (15.5 sec)
#7 16.55 
#7 16.55 Resolving Environment                                                                           ⧖ Starting
#7 17.14 Resolving Environment                                                                     ✔ Done (0.6 sec)
#7 17.14 
#7 17.14 Transaction
#7 17.14 
#7 17.14   Prefix: /opt/conda/envs/nextflow
#7 17.14 
#7 17.14   Updating specs:
#7 17.14 
#7 17.14    - _libgcc_mutex=0.1=conda_forge
#7 17.14    - _openmp_mutex=4.5=2_gnu
#7 17.14    - _r-mutex=1.0.1=anacondar_1
#7 17.14    - alsa-lib=1.2.11=hd590300_1
#7 17.14    - binutils_impl_linux-64=2.40=ha1999f0_3
#7 17.14    - bwidget=1.9.14=ha770c72_1
#7 17.14    - bzip2=1.0.8=hd590300_5
#7 17.14    - c-ares=1.28.1=hd590300_0
#7 17.14    - ca-certificates=2024.7.4=hbcca054_0
#7 17.14    - cairo=1.18.0=h3faef2a_0
#7 17.14    - coreutils=9.5=hd590300_0
#7 17.14    - curl=8.8.0=he654da7_0
#7 17.14    - expat=2.6.2=h59595ed_0
#7 17.14    - font-ttf-dejavu-sans-mono=2.37=hab24e00_0
#7 17.14    - font-ttf-inconsolata=3.0=h77eed37_0
#7 17.14    - font-ttf-source-code-pro=2.38=h77eed37_0
#7 17.14    - font-ttf-ubuntu=0.83=h77eed37_2
#7 17.14    - fontconfig=2.14.2=h14ed4e7_0
#7 17.14    - fonts-conda-ecosystem=1=0
#7 17.14    - fonts-conda-forge=1=0
#7 17.14    - freetype=2.12.1=h267a509_2
#7 17.14    - fribidi=1.0.10=h36c2ea0_0
#7 17.14    - gcc_impl_linux-64=13.2.0=h338b0a0_5
#7 17.14    - gettext=0.22.5=h59595ed_2
#7 17.14    - gettext-tools=0.22.5=h59595ed_2
#7 17.14    - gfortran_impl_linux-64=13.2.0=h76e1118_5
#7 17.14    - giflib=5.2.2=hd590300_0
#7 17.14    - graphite2=1.3.13=h59595ed_1003
#7 17.14    - gxx_impl_linux-64=13.2.0=h338b0a0_5
#7 17.14    - harfbuzz=8.3.0=h3d44ed6_0
#7 17.14    - icu=73.2=h59595ed_0
#7 17.14    - kernel-headers_linux-64=2.6.32=he073ed8_17
#7 17.14    - keyutils=1.6.1=h166bdaf_0
#7 17.14    - krb5=1.21.2=h659d440_0
#7 17.14    - lcms2=2.16=hb7c19ff_0
#7 17.14    - ld_impl_linux-64=2.40=hf3520f5_3
#7 17.14    - lerc=4.0.0=h27087fc_0
#7 17.14    - libasprintf=0.22.5=h661eb56_2
#7 17.14    - libasprintf-devel=0.22.5=h661eb56_2
#7 17.14    - libblas=3.9.0=22_linux64_openblas
#7 17.14    - libcups=2.3.3=h4637d8d_4
#7 17.14    - libcurl=8.8.0=hca28451_0
#7 17.14    - libdeflate=1.20=hd590300_0
#7 17.14    - libedit=3.1.20191231=he28a2e2_2
#7 17.14    - libev=4.33=hd590300_2
#7 17.14    - libexpat=2.6.2=h59595ed_0
#7 17.14    - libffi=3.4.2=h7f98852_5
#7 17.14    - libgcc-devel_linux-64=13.2.0=ha9c7c90_105
#7 17.14    - libgcc-ng=13.2.0=h77fa898_7
#7 17.14    - libgettextpo=0.22.5=h59595ed_2
#7 17.14    - libgettextpo-devel=0.22.5=h59595ed_2
#7 17.14    - libgfortran-ng=13.2.0=h69a702a_7
#7 17.14    - libgfortran5=13.2.0=hca663fb_7
#7 17.14    - libglib=2.78.4=h783c2da_0
#7 17.14    - libgomp=13.2.0=h77fa898_7
#7 17.14    - libiconv=1.17=hd590300_2
#7 17.14    - libjpeg-turbo=3.0.0=hd590300_1
#7 17.14    - liblapack=3.9.0=22_linux64_openblas
#7 17.14    - libnghttp2=1.58.0=h47da74e_1
#7 17.14    - libopenblas=0.3.27=pthreads_h413a1c8_0
#7 17.14    - libpng=1.6.43=h2797004_0
#7 17.14    - libsanitizer=13.2.0=h7e041cc_5
#7 17.14    - libssh2=1.11.0=h0841786_0
#7 17.14    - libstdcxx-devel_linux-64=13.2.0=ha9c7c90_105
#7 17.14    - libstdcxx-ng=13.2.0=hc0a3c3a_7
#7 17.14    - libtiff=4.6.0=h1dd3fc0_3
#7 17.14    - libuuid=2.38.1=h0b41bf4_0
#7 17.14    - libwebp-base=1.4.0=hd590300_0
#7 17.14    - libxcb=1.15=h0b41bf4_0
#7 17.14    - libzlib=1.3.1=h4ab18f5_1
#7 17.14    - make=4.3=hd18ef5c_1
#7 17.14    - ncurses=6.5=h59595ed_0
#7 17.14    - nextflow=24.4.2=hdfd78af_0
#7 17.14    - openjdk=21.0.0=haa376d0_0
#7 17.14    - openssl=3.3.1=h4ab18f5_1
#7 17.14    - pango=1.52.0=ha41ecd1_0
#7 17.14    - pcre2=10.42=hcad00b1_0
#7 17.14    - pixman=0.43.2=h59595ed_0
#7 17.14    - pthread-stubs=0.4=h36c2ea0_1001
#7 17.14    - r-base=4.3.2=hb8ee39d_2
#7 17.14    - r-cli=3.6.2=r43ha503ecb_0
#7 17.14    - r-crayon=1.5.2=r43hc72bb7e_2
#7 17.14    - r-dplyr=1.1.4=r43ha503ecb_0
#7 17.14    - r-ellipsis=0.3.2=r43h57805ef_2
#7 17.14    - r-fansi=1.0.6=r43h57805ef_0
#7 17.14    - r-generics=0.1.3=r43hc72bb7e_2
#7 17.14    - r-glue=1.7.0=r43h57805ef_0
#7 17.14    - r-lifecycle=1.0.4=r43hc72bb7e_0
#7 17.14    - r-magrittr=2.0.3=r43h57805ef_2
#7 17.14    - r-pillar=1.9.0=r43hc72bb7e_1
#7 17.14    - r-pkgconfig=2.0.3=r43hc72bb7e_3
#7 17.14    - r-r6=2.5.1=r43hc72bb7e_2
#7 17.14    - r-rlang=1.1.3=r43ha503ecb_0
#7 17.14    - r-stringi=1.8.3=r43h9facbd6_0
#7 17.14    - r-stringr=1.5.1=r43h785f33e_0
#7 17.14    - r-tibble=3.2.1=r43h57805ef_2
#7 17.14    - r-tidyselect=1.2.0=r43hc72bb7e_1
#7 17.14    - r-utf8=1.2.4=r43h57805ef_0
#7 17.14    - r-vctrs=0.6.5=r43ha503ecb_0
#7 17.14    - r-withr=3.0.0=r43hc72bb7e_0
#7 17.14    - readline=8.2=h8228510_1
#7 17.14    - sed=4.8=he412f7d_0
#7 17.14    - sysroot_linux-64=2.12=he073ed8_17
#7 17.14    - tk=8.6.13=noxft_h4845f30_101
#7 17.14    - tktable=2.10=h0c5db8f_5
#7 17.14    - xorg-fixesproto=5.0=h7f98852_1002
#7 17.14    - xorg-inputproto=2.3.2=h7f98852_1002
#7 17.14    - xorg-kbproto=1.0.7=h7f98852_1002
#7 17.14    - xorg-libice=1.1.1=hd590300_0
#7 17.14    - xorg-libsm=1.2.4=h7391055_0
#7 17.14    - xorg-libx11=1.8.9=h8ee46fc_0
#7 17.14    - xorg-libxau=1.0.11=hd590300_0
#7 17.14    - xorg-libxdmcp=1.1.3=h7f98852_0
#7 17.14    - xorg-libxext=1.3.4=h0b41bf4_2
#7 17.14    - xorg-libxfixes=5.0.3=h7f98852_1004
#7 17.14    - xorg-libxi=1.7.10=h7f98852_0
#7 17.14    - xorg-libxrender=0.9.11=hd590300_0
#7 17.14    - xorg-libxt=1.3.0=hd590300_1
#7 17.14    - xorg-libxtst=1.2.3=h7f98852_1002
#7 17.14    - xorg-recordproto=1.14.2=h7f98852_1002
#7 17.14    - xorg-renderproto=0.11.1=h7f98852_1002
#7 17.14    - xorg-xextproto=7.3.0=h0b41bf4_1003
#7 17.14    - xorg-xproto=7.0.31=h7f98852_1007
#7 17.14    - xz=5.2.6=h166bdaf_0
#7 17.14    - zlib=1.3.1=h4ab18f5_1
#7 17.14    - zstd=1.5.6=ha6fb4c9_0
#7 17.14 
#7 17.14 
#7 17.20   Package                           Version  Build                Channel          Size
#7 17.20 ─────────────────────────────────────────────────────────────────────────────────────────
#7 17.20   Install:
#7 17.20 ─────────────────────────────────────────────────────────────────────────────────────────
#7 17.20 
#7 17.20   + _libgcc_mutex                       0.1  conda_forge          conda-forge       3kB
#7 17.20   + _openmp_mutex                       4.5  2_gnu                conda-forge      24kB
#7 17.20   + _r-mutex                          1.0.1  anacondar_1          conda-forge       4kB
#7 17.20   + alsa-lib                         1.2.11  hd590300_1           conda-forge     555kB
#7 17.20   + binutils_impl_linux-64             2.40  ha1999f0_3           conda-forge       6MB
#7 17.20   + bwidget                          1.9.14  ha770c72_1           conda-forge     122kB
#7 17.20   + bzip2                             1.0.8  hd590300_5           conda-forge     254kB
#7 17.20   + c-ares                           1.28.1  hd590300_0           conda-forge     169kB
#7 17.20   + ca-certificates                2024.7.4  hbcca054_0           conda-forge     155kB
#7 17.20   + cairo                            1.18.0  h3faef2a_0           conda-forge     982kB
#7 17.20   + coreutils                           9.5  hd590300_0           conda-forge       3MB
#7 17.20   + curl                              8.8.0  he654da7_0           conda-forge     167kB
#7 17.20   + expat                             2.6.2  h59595ed_0           conda-forge     138kB
#7 17.20   + font-ttf-dejavu-sans-mono          2.37  hab24e00_0           conda-forge     397kB
#7 17.20   + font-ttf-inconsolata              3.000  h77eed37_0           conda-forge      97kB
#7 17.20   + font-ttf-source-code-pro          2.038  h77eed37_0           conda-forge     701kB
#7 17.20   + font-ttf-ubuntu                    0.83  h77eed37_2           conda-forge       2MB
#7 17.20   + fontconfig                       2.14.2  h14ed4e7_0           conda-forge     272kB
#7 17.20   + fonts-conda-ecosystem                 1  0                    conda-forge       4kB
#7 17.20   + fonts-conda-forge                     1  0                    conda-forge       4kB
#7 17.20   + freetype                         2.12.1  h267a509_2           conda-forge     635kB
#7 17.20   + fribidi                          1.0.10  h36c2ea0_0           conda-forge     114kB
#7 17.20   + gcc_impl_linux-64                13.2.0  h338b0a0_5           conda-forge      53MB
#7 17.20   + gettext                          0.22.5  h59595ed_2           conda-forge     475kB
#7 17.20   + gettext-tools                    0.22.5  h59595ed_2           conda-forge       3MB
#7 17.20   + gfortran_impl_linux-64           13.2.0  h76e1118_5           conda-forge      16MB
#7 17.20   + giflib                            5.2.2  hd590300_0           conda-forge      77kB
#7 17.20   + graphite2                        1.3.13  h59595ed_1003        conda-forge      97kB
#7 17.20   + gxx_impl_linux-64                13.2.0  h338b0a0_5           conda-forge      14MB
#7 17.20   + harfbuzz                          8.3.0  h3d44ed6_0           conda-forge       2MB
#7 17.20   + icu                                73.2  h59595ed_0           conda-forge      12MB
#7 17.20   + kernel-headers_linux-64          2.6.32  he073ed8_17          conda-forge     711kB
#7 17.20   + keyutils                          1.6.1  h166bdaf_0           conda-forge     118kB
#7 17.20   + krb5                             1.21.2  h659d440_0           conda-forge       1MB
#7 17.20   + lcms2                              2.16  hb7c19ff_0           conda-forge     245kB
#7 17.20   + ld_impl_linux-64                   2.40  hf3520f5_3           conda-forge     714kB
#7 17.20   + lerc                              4.0.0  h27087fc_0           conda-forge     282kB
#7 17.20   + libasprintf                      0.22.5  h661eb56_2           conda-forge      43kB
#7 17.20   + libasprintf-devel                0.22.5  h661eb56_2           conda-forge      34kB
#7 17.20   + libblas                           3.9.0  22_linux64_openblas  conda-forge      15kB
#7 17.20   + libcups                           2.3.3  h4637d8d_4           conda-forge       5MB
#7 17.20   + libcurl                           8.8.0  hca28451_0           conda-forge     406kB
#7 17.20   + libdeflate                         1.20  hd590300_0           conda-forge      72kB
#7 17.20   + libedit                    3.1.20191231  he28a2e2_2           conda-forge     124kB
#7 17.20   + libev                              4.33  hd590300_2           conda-forge     113kB
#7 17.20   + libexpat                          2.6.2  h59595ed_0           conda-forge      74kB
#7 17.20   + libffi                            3.4.2  h7f98852_5           conda-forge      58kB
#7 17.20   + libgcc-devel_linux-64            13.2.0  ha9c7c90_105         conda-forge       3MB
#7 17.20   + libgcc-ng                        13.2.0  h77fa898_7           conda-forge     776kB
#7 17.20   + libgettextpo                     0.22.5  h59595ed_2           conda-forge     171kB
#7 17.20   + libgettextpo-devel               0.22.5  h59595ed_2           conda-forge      37kB
#7 17.20   + libgfortran-ng                   13.2.0  h69a702a_7           conda-forge      24kB
#7 17.20   + libgfortran5                     13.2.0  hca663fb_7           conda-forge       1MB
#7 17.20   + libglib                          2.78.4  h783c2da_0           conda-forge       3MB
#7 17.20   + libgomp                          13.2.0  h77fa898_7           conda-forge     422kB
#7 17.20   + libiconv                           1.17  hd590300_2           conda-forge     706kB
#7 17.20   + libjpeg-turbo                     3.0.0  hd590300_1           conda-forge     619kB
#7 17.20   + liblapack                         3.9.0  22_linux64_openblas  conda-forge      14kB
#7 17.20   + libnghttp2                       1.58.0  h47da74e_1           conda-forge     632kB
#7 17.20   + libopenblas                      0.3.27  pthreads_h413a1c8_0  conda-forge       6MB
#7 17.20   + libpng                           1.6.43  h2797004_0           conda-forge     288kB
#7 17.20   + libsanitizer                     13.2.0  h7e041cc_5           conda-forge       4MB
#7 17.20   + libssh2                          1.11.0  h0841786_0           conda-forge     271kB
#7 17.20   + libstdcxx-devel_linux-64         13.2.0  ha9c7c90_105         conda-forge      13MB
#7 17.20   + libstdcxx-ng                     13.2.0  hc0a3c3a_7           conda-forge       4MB
#7 17.20   + libtiff                           4.6.0  h1dd3fc0_3           conda-forge     283kB
#7 17.20   + libuuid                          2.38.1  h0b41bf4_0           conda-forge      34kB
#7 17.20   + libwebp-base                      1.4.0  hd590300_0           conda-forge     439kB
#7 17.20   + libxcb                             1.15  h0b41bf4_0           conda-forge     384kB
#7 17.20   + libzlib                           1.3.1  h4ab18f5_1           conda-forge      62kB
#7 17.20   + make                                4.3  hd18ef5c_1           conda-forge     519kB
#7 17.20   + ncurses                             6.5  h59595ed_0           conda-forge     887kB
#7 17.20   + nextflow                        24.04.2  hdfd78af_0           bioconda         32MB
#7 17.20   + openjdk                          21.0.0  haa376d0_0           conda-forge     181MB
#7 17.20   + openssl                           3.3.1  h4ab18f5_1           conda-forge       3MB
#7 17.20   + pango                            1.52.0  ha41ecd1_0           conda-forge     445kB
#7 17.20   + pcre2                             10.42  hcad00b1_0           conda-forge       1MB
#7 17.20   + pixman                           0.43.2  h59595ed_0           conda-forge     387kB
#7 17.20   + pthread-stubs                       0.4  h36c2ea0_1001        conda-forge       6kB
#7 17.20   + r-base                            4.3.2  hb8ee39d_2           conda-forge      26MB
#7 17.20   + r-cli                             3.6.2  r43ha503ecb_0        conda-forge       1MB
#7 17.20   + r-crayon                          1.5.2  r43hc72bb7e_2        conda-forge     164kB
#7 17.20   + r-dplyr                           1.1.4  r43ha503ecb_0        conda-forge       1MB
#7 17.20   + r-ellipsis                        0.3.2  r43h57805ef_2        conda-forge      43kB
#7 17.20   + r-fansi                           1.0.6  r43h57805ef_0        conda-forge     316kB
#7 17.20   + r-generics                        0.1.3  r43hc72bb7e_2        conda-forge      91kB
#7 17.20   + r-glue                            1.7.0  r43h57805ef_0        conda-forge     155kB
#7 17.20   + r-lifecycle                       1.0.4  r43hc72bb7e_0        conda-forge     122kB
#7 17.20   + r-magrittr                        2.0.3  r43h57805ef_2        conda-forge     209kB
#7 17.20   + r-pillar                          1.9.0  r43hc72bb7e_1        conda-forge     617kB
#7 17.20   + r-pkgconfig                       2.0.3  r43hc72bb7e_3        conda-forge      26kB
#7 17.20   + r-r6                              2.5.1  r43hc72bb7e_2        conda-forge      90kB
#7 17.20   + r-rlang                           1.1.3  r43ha503ecb_0        conda-forge       2MB
#7 17.20   + r-stringi                         1.8.3  r43h9facbd6_0        conda-forge     898kB
#7 17.20   + r-stringr                         1.5.1  r43h785f33e_0        conda-forge     296kB
#7 17.20   + r-tibble                          3.2.1  r43h57805ef_2        conda-forge     612kB
#7 17.20   + r-tidyselect                      1.2.0  r43hc72bb7e_1        conda-forge     215kB
#7 17.20   + r-utf8                            1.2.4  r43h57805ef_0        conda-forge     143kB
#7 17.20   + r-vctrs                           0.6.5  r43ha503ecb_0        conda-forge       1MB
#7 17.20   + r-withr                           3.0.0  r43hc72bb7e_0        conda-forge     249kB
#7 17.20   + readline                            8.2  h8228510_1           conda-forge     281kB
#7 17.20   + sed                                 4.8  he412f7d_0           conda-forge     271kB
#7 17.20   + sysroot_linux-64                   2.12  he073ed8_17          conda-forge      15MB
#7 17.20   + tk                               8.6.13  noxft_h4845f30_101   conda-forge       3MB
#7 17.20   + tktable                            2.10  h0c5db8f_5           conda-forge      90kB
#7 17.20   + xorg-fixesproto                     5.0  h7f98852_1002        conda-forge       9kB
#7 17.20   + xorg-inputproto                   2.3.2  h7f98852_1002        conda-forge      20kB
#7 17.20   + xorg-kbproto                      1.0.7  h7f98852_1002        conda-forge      27kB
#7 17.20   + xorg-libice                       1.1.1  hd590300_0           conda-forge      58kB
#7 17.20   + xorg-libsm                        1.2.4  h7391055_0           conda-forge      27kB
#7 17.20   + xorg-libx11                       1.8.9  h8ee46fc_0           conda-forge     828kB
#7 17.20   + xorg-libxau                      1.0.11  hd590300_0           conda-forge      14kB
#7 17.20   + xorg-libxdmcp                     1.1.3  h7f98852_0           conda-forge      19kB
#7 17.20   + xorg-libxext                      1.3.4  h0b41bf4_2           conda-forge      50kB
#7 17.20   + xorg-libxfixes                    5.0.3  h7f98852_1004        conda-forge      18kB
#7 17.20   + xorg-libxi                       1.7.10  h7f98852_0           conda-forge      47kB
#7 17.20   + xorg-libxrender                  0.9.11  hd590300_0           conda-forge      38kB
#7 17.20   + xorg-libxt                        1.3.0  hd590300_1           conda-forge     379kB
#7 17.20   + xorg-libxtst                      1.2.3  h7f98852_1002        conda-forge      32kB
#7 17.20   + xorg-recordproto                 1.14.2  h7f98852_1002        conda-forge       8kB
#7 17.20   + xorg-renderproto                 0.11.1  h7f98852_1002        conda-forge      10kB
#7 17.20   + xorg-xextproto                    7.3.0  h0b41bf4_1003        conda-forge      30kB
#7 17.20   + xorg-xproto                      7.0.31  h7f98852_1007        conda-forge      75kB
#7 17.20   + xz                                5.2.6  h166bdaf_0           conda-forge     418kB
#7 17.20   + zlib                              1.3.1  h4ab18f5_1           conda-forge      93kB
#7 17.20   + zstd                              1.5.6  ha6fb4c9_0           conda-forge     555kB
#7 17.20 
#7 17.20   Summary:
#7 17.20 
#7 17.20   Install: 126 packages
#7 17.20 
#7 17.20   Total download: 440MB
#7 17.20 
#7 17.20 ─────────────────────────────────────────────────────────────────────────────────────────
#7 17.20 
#7 17.20 
#7 17.20 Confirm changes: [Y/n] warning  libmamba Security Warning: This transaction includes executing package scripts (pre/post-link/unlink) if present. These scripts can contain arbitrary code. Please ensure you trust the package sources.
#7 17.20 
#7 17.20 Transaction starting
#7 22.39 Linking _libgcc_mutex-0.1-conda_forge
#7 22.39 Linking ca-certificates-2024.7.4-hbcca054_0
#7 22.39 Linking ld_impl_linux-64-2.40-hf3520f5_3
#7 22.39 Linking libstdcxx-ng-13.2.0-hc0a3c3a_7
#7 22.39 Linking libgomp-13.2.0-h77fa898_7
#7 22.39 Linking _openmp_mutex-4.5-2_gnu
#7 22.40 Linking libgcc-ng-13.2.0-h77fa898_7
#7 22.40 Linking xz-5.2.6-h166bdaf_0
#7 22.41 Linking xorg-xproto-7.0.31-h7f98852_1007
#7 22.41 Linking xorg-xextproto-7.3.0-h0b41bf4_1003
#7 22.41 Linking xorg-renderproto-0.11.1-h7f98852_1002
#7 22.41 Linking xorg-recordproto-1.14.2-h7f98852_1002
#7 22.41 Linking xorg-libxdmcp-1.1.3-h7f98852_0
#7 22.41 Linking xorg-libxau-1.0.11-hd590300_0
#7 22.41 Linking xorg-libice-1.1.1-hd590300_0
#7 22.41 Linking xorg-kbproto-1.0.7-h7f98852_1002
#7 22.41 Linking xorg-inputproto-2.3.2-h7f98852_1002
#7 22.41 Linking sed-4.8-he412f7d_0
#7 22.42 Linking pthread-stubs-0.4-h36c2ea0_1001
#7 22.42 Linking pixman-0.43.2-h59595ed_0
#7 22.42 Linking openssl-3.3.1-h4ab18f5_1
#7 22.43 Linking ncurses-6.5-h59595ed_0
#7 23.34 Linking make-4.3-hd18ef5c_1
#7 23.34 Linking libzlib-1.3.1-h4ab18f5_1
#7 23.34 Linking libwebp-base-1.4.0-hd590300_0
#7 23.34 Linking libuuid-2.38.1-h0b41bf4_0
#7 23.35 Linking libsanitizer-13.2.0-h7e041cc_5
#7 23.35 Linking libjpeg-turbo-3.0.0-hd590300_1
#7 23.35 Linking libiconv-1.17-hd590300_2
#7 23.35 Linking libgfortran5-13.2.0-hca663fb_7
#7 23.35 Linking libgettextpo-0.22.5-h59595ed_2
#7 23.35 Linking libffi-3.4.2-h7f98852_5
#7 23.35 Linking libexpat-2.6.2-h59595ed_0
#7 23.35 Linking libev-4.33-hd590300_2
#7 23.35 Linking libdeflate-1.20-hd590300_0
#7 23.35 Linking libasprintf-0.22.5-h661eb56_2
#7 23.35 Linking lerc-4.0.0-h27087fc_0
#7 23.35 Linking keyutils-1.6.1-h166bdaf_0
#7 23.36 Linking icu-73.2-h59595ed_0
#7 23.37 Linking graphite2-1.3.13-h59595ed_1003
#7 23.37 Linking giflib-5.2.2-hd590300_0
#7 23.37 Linking gettext-tools-0.22.5-h59595ed_2
#7 23.39 Linking fribidi-1.0.10-h36c2ea0_0
#7 23.39 Linking coreutils-9.5-hd590300_0
#7 23.42 Linking c-ares-1.28.1-hd590300_0
#7 23.42 Linking bzip2-1.0.8-hd590300_5
#7 23.42 Linking alsa-lib-1.2.11-hd590300_1
#7 23.43 Linking xorg-fixesproto-5.0-h7f98852_1002
#7 23.43 Linking libxcb-1.15-h0b41bf4_0
#7 23.44 Linking readline-8.2-h8228510_1
#7 23.44 Linking libedit-3.1.20191231-he28a2e2_2
#7 23.45 Linking zstd-1.5.6-ha6fb4c9_0
#7 23.45 Linking zlib-1.3.1-h4ab18f5_1
#7 23.45 Linking tk-8.6.13-noxft_h4845f30_101
#7 23.47 Linking libssh2-1.11.0-h0841786_0
#7 23.48 Linking libpng-1.6.43-h2797004_0
#7 23.48 Linking xorg-libsm-1.2.4-h7391055_0
#7 23.48 Linking libgfortran-ng-13.2.0-h69a702a_7
#7 23.48 Linking libgettextpo-devel-0.22.5-h59595ed_2
#7 23.48 Linking expat-2.6.2-h59595ed_0
#7 23.48 Linking libasprintf-devel-0.22.5-h661eb56_2
#7 23.48 Linking libnghttp2-1.58.0-h47da74e_1
#7 23.48 Linking pcre2-10.42-hcad00b1_0
#7 23.49 Linking xorg-libx11-1.8.9-h8ee46fc_0
#7 23.51 Linking krb5-1.21.2-h659d440_0
#7 23.52 Linking libtiff-4.6.0-h1dd3fc0_3
#7 23.52 Linking tktable-2.10-h0c5db8f_5
#7 23.52 Linking bwidget-1.9.14-ha770c72_1
#7 23.52 Linking freetype-2.12.1-h267a509_2
#7 23.52 Linking libopenblas-0.3.27-pthreads_h413a1c8_0
#7 23.52 Linking gettext-0.22.5-h59595ed_2
#7 23.59 Linking xorg-libxt-1.3.0-hd590300_1
#7 23.60 Linking xorg-libxrender-0.9.11-hd590300_0
#7 23.60 Linking xorg-libxfixes-5.0.3-h7f98852_1004
#7 23.60 Linking xorg-libxext-1.3.4-h0b41bf4_2
#7 23.60 Linking libcurl-8.8.0-hca28451_0
#7 23.60 Linking libcups-2.3.3-h4637d8d_4
#7 23.61 Linking lcms2-2.16-hb7c19ff_0
#7 23.61 Linking fontconfig-2.14.2-h14ed4e7_0
#7 23.61 Linking libblas-3.9.0-22_linux64_openblas
#7 23.66 Linking libglib-2.78.4-h783c2da_0
#7 23.67 Linking xorg-libxi-1.7.10-h7f98852_0
#7 23.67 Linking curl-8.8.0-he654da7_0
#7 23.67 Linking liblapack-3.9.0-22_linux64_openblas
#7 23.72 Linking xorg-libxtst-1.2.3-h7f98852_1002
#7 23.72 Linking _r-mutex-1.0.1-anacondar_1
#7 23.72 Linking font-ttf-dejavu-sans-mono-2.37-hab24e00_0
#7 23.72 Linking font-ttf-inconsolata-3.000-h77eed37_0
#7 23.72 Linking font-ttf-source-code-pro-2.038-h77eed37_0
#7 23.72 Linking font-ttf-ubuntu-0.83-h77eed37_2
#7 23.73 Linking kernel-headers_linux-64-2.6.32-he073ed8_17
#7 23.75 Linking libgcc-devel_linux-64-13.2.0-ha9c7c90_105
#7 23.75 Linking libstdcxx-devel_linux-64-13.2.0-ha9c7c90_105
#7 23.79 Linking fonts-conda-forge-1-0
#7 23.79 Linking sysroot_linux-64-2.12-he073ed8_17
#7 23.92 Linking fonts-conda-ecosystem-1-0
#7 23.92 Linking binutils_impl_linux-64-2.40-ha1999f0_3
#7 23.93 Linking cairo-1.18.0-h3faef2a_0
#7 23.94 Linking gcc_impl_linux-64-13.2.0-h338b0a0_5
#7 24.03 Linking harfbuzz-8.3.0-h3d44ed6_0
#7 24.04 Linking gxx_impl_linux-64-13.2.0-h338b0a0_5
#7 24.04 Linking gfortran_impl_linux-64-13.2.0-h76e1118_5
#7 24.04 Linking pango-1.52.0-ha41ecd1_0
#7 24.04 Linking openjdk-21.0.0-haa376d0_0
#7 24.29 Linking r-base-4.3.2-hb8ee39d_2
#7 24.33 Linking r-utf8-1.2.4-r43h57805ef_0
#7 24.33 Linking r-stringi-1.8.3-r43h9facbd6_0
#7 24.33 Linking r-rlang-1.1.3-r43ha503ecb_0
#7 24.34 Linking r-magrittr-2.0.3-r43h57805ef_2
#7 24.34 Linking r-glue-1.7.0-r43h57805ef_0
#7 24.34 Linking r-fansi-1.0.6-r43h57805ef_0
#7 24.34 Linking r-cli-3.6.2-r43ha503ecb_0
#7 24.34 Linking r-ellipsis-0.3.2-r43h57805ef_2
#7 24.35 Linking nextflow-24.04.2-hdfd78af_0
#7 24.37 Linking r-withr-3.0.0-r43hc72bb7e_0
#7 24.37 Linking r-r6-2.5.1-r43hc72bb7e_2
#7 24.37 Linking r-pkgconfig-2.0.3-r43hc72bb7e_3
#7 24.37 Linking r-generics-0.1.3-r43hc72bb7e_2
#7 24.37 Linking r-crayon-1.5.2-r43hc72bb7e_2
#7 24.37 Linking r-lifecycle-1.0.4-r43hc72bb7e_0
#7 24.38 Linking r-vctrs-0.6.5-r43ha503ecb_0
#7 24.38 Linking r-tidyselect-1.2.0-r43hc72bb7e_1
#7 24.38 Linking r-stringr-1.5.1-r43h785f33e_0
#7 24.38 Linking r-pillar-1.9.0-r43hc72bb7e_1
#7 24.39 Linking r-tibble-3.2.1-r43h57805ef_2
#7 24.39 Linking r-dplyr-1.1.4-r43ha503ecb_0
#7 24.39 
#7 24.39 Transaction finished
#7 24.39 
#7 24.39 
#7 24.39 To activate this environment, use:
#7 24.39 
#7 24.39     mamba activate nextflow
#7 24.39 
#7 24.39 Or to execute a single command in this environment, use:
#7 24.39 
#7 24.39     mamba run -n nextflow mycommand
#7 24.39 
#7 24.97 There are no unused tarball(s) to remove.
#7 24.97 Will remove 1 index cache(s).
#7 24.97 There are no unused package(s) to remove.
#7 24.97 There are no tempfile(s) to remove.
#7 24.97 There are no logfile(s) to remove.
#7 DONE 26.1s

#8 exporting to image
#8 exporting layers
#8 exporting layers 11.8s done
#8 writing image sha256:cae2996b2427f337633e6b0fce42e8eff1705a727bcbb1d0ecf0a32b1d82a4fd 0.0s done
#8 naming to ghcr.io/bdrd-genomics/allinone-nextflow:1.0.0 0.0s done
#8 naming to ghcr.io/bdrd-genomics/allinone-nextflow:latest 0.0s done
#8 DONE 11.9s
SUCCESS: ghcr.io/bdrd-genomics/allinone-nextflow

==================================================
Building: ghcr.io/bdrd-genomics/allinone-phispy:1.0.0
Dockerfile: Dockerfile.phispy
==================================================
#0 building with "default" instance using docker driver

#1 [internal] load build definition from Dockerfile.phispy
#1 transferring dockerfile: 980B done
#1 DONE 0.0s

#2 [internal] load metadata for ghcr.io/bdrd-genomics/allinone-conda-base:1.0.1
#2 DONE 0.0s

#3 [internal] load .dockerignore
#3 transferring context: 2B done
#3 DONE 0.0s

#4 [1/4] FROM ghcr.io/bdrd-genomics/allinone-conda-base:1.0.1
#4 CACHED

#5 [2/4] RUN conda config --system --set channel_priority flexible &&     conda create -y -n phispy         -c conda-forge         -c bioconda         phispy &&     /opt/conda/bin/conda clean -afy
#5 1.397 Channels:
#5 1.397  - conda-forge
#5 1.397  - bioconda
#5 1.397 Platform: linux-64
#5 1.397 Collecting package metadata (repodata.json): ...working... done
#5 3.241 Solving environment: ...working... done
#5 4.428 
#5 4.428 ## Package Plan ##
#5 4.428 
#5 4.428   environment location: /opt/conda/envs/phispy
#5 4.428 
#5 4.428   added / updated specs:
#5 4.428     - phispy
#5 4.428 
#5 4.428 
#5 4.428 The following packages will be downloaded:
#5 4.428 
#5 4.428     package                    |            build
#5 4.428     ---------------------------|-----------------
#5 4.428     _openmp_mutex-4.5          |           20_gnu          28 KB  conda-forge
#5 4.428     bcbio-gff-0.7.1            |     pyhdfd78af_3          24 KB  bioconda
#5 4.428     biopython-1.88             |  py313h995f894_1         3.2 MB  conda-forge
#5 4.428     bx-python-0.15.1           |  py313haa19386_0        1022 KB  bioconda
#5 4.428     cloudpickle-3.1.2          |     pyhcf101f3_1          27 KB  conda-forge
#5 4.428     gsl-2.7                    |       he838d99_0         3.2 MB  conda-forge
#5 4.428     hmmer-3.4                  |       h7d74f8d_5         8.2 MB  bioconda
#5 4.428     joblib-1.6.0               |     pyhcf101f3_0         223 KB  conda-forge
#5 4.428     ld_impl_linux-64-2.46.1    |default_hbd61a6d_102         728 KB  conda-forge
#5 4.428     libblas-3.11.0             |11_h4a7cf45_openblas          18 KB  conda-forge
#5 4.428     libcblas-3.11.0            |11_h0358290_openblas          18 KB  conda-forge
#5 4.428     libgcc-16.2.0              |       ha9f2e26_5         1.0 MB  conda-forge
#5 4.428     libgcc-ng-16.2.0           |       h69a702a_5          28 KB  conda-forge
#5 4.428     libgfortran-16.2.0         |       h69a702a_5          28 KB  conda-forge
#5 4.428     libgfortran-ng-16.2.0      |       h69a702a_5          28 KB  conda-forge
#5 4.428     libgfortran5-16.2.0        |       h6b99dfc_5         2.4 MB  conda-forge
#5 4.428     libgomp-16.2.0             |       he0feb66_5         627 KB  conda-forge
#5 4.428     liblapack-3.11.0           |11_h47877c9_openblas          18 KB  conda-forge
#5 4.428     libopenblas-0.3.34         |pthreads_hf13c14d_2         6.5 MB  conda-forge
#5 4.428     libpython-3.13.15          |hdc7f604_103_cp313         9.3 MB  conda-forge
#5 4.428     libstdcxx-16.2.0           |       h934c35e_5         6.3 MB  conda-forge
#5 4.428     libstdcxx-ng-16.2.0        |       hdf11a46_5          28 KB  conda-forge
#5 4.428     mpi-1.0                    |          openmpi           4 KB  conda-forge
#5 4.428     narwhals-2.26.0            |     pyh5ded981_0         290 KB  conda-forge
#5 4.428     numpy-2.5.3                |  py313hb5f73ae_0         8.9 MB  conda-forge
#5 4.428     openmpi-4.1.6              |     hc5af2df_101         3.9 MB  conda-forge
#5 4.428     phispy-5.0.10              |  py313h9d32f87_0        12.7 MB  bioconda
#5 4.428     pyparsing-3.3.2            |     pyhcf101f3_0         108 KB  conda-forge
#5 4.428     python-3.13.15             |hf47f18c_103_cp313        23.2 MB  conda-forge
#5 4.428     python_abi-3.13            |          9_cp313           7 KB  conda-forge
#5 4.428     scikit-learn-1.9.1         |np2py313h4900a6c_0         9.7 MB  conda-forge
#5 4.428     scipy-1.18.1               |  py313he2a5f1a_1        16.5 MB  conda-forge
#5 4.428     six-1.17.0                 |     pyhe01879c_1          18 KB  conda-forge
#5 4.428     threadpoolctl-3.7.0        |     pyhc455866_0          31 KB  conda-forge
#5 4.428     zlib-1.3.2                 |       h25fd6f3_3          94 KB  conda-forge
#5 4.428     ------------------------------------------------------------
#5 4.428                                            Total:       118.3 MB
#5 4.428 
#5 4.428 The following NEW packages will be INSTALLED:
#5 4.428 
#5 4.428   _openmp_mutex      conda-forge/linux-64::_openmp_mutex-4.5-20_gnu 
#5 4.428   bcbio-gff          bioconda/noarch::bcbio-gff-0.7.1-pyhdfd78af_3 
#5 4.428   biopython          conda-forge/linux-64::biopython-1.88-py313h995f894_1 
#5 4.428   bx-python          bioconda/linux-64::bx-python-0.15.1-py313haa19386_0 
#5 4.428   bzip2              conda-forge/linux-64::bzip2-1.0.8-hda65f42_10 
#5 4.428   ca-certificates    conda-forge/noarch::ca-certificates-2026.7.22-hbd8a1cb_0 
#5 4.428   cloudpickle        conda-forge/noarch::cloudpickle-3.1.2-pyhcf101f3_1 
#5 4.428   gsl                conda-forge/linux-64::gsl-2.7-he838d99_0 
#5 4.428   hmmer              bioconda/linux-64::hmmer-3.4-h7d74f8d_5 
#5 4.428   icu                conda-forge/linux-64::icu-78.3-py310h44b86e0_2 
#5 4.428   joblib             conda-forge/noarch::joblib-1.6.0-pyhcf101f3_0 
#5 4.428   ld_impl_linux-64   conda-forge/linux-64::ld_impl_linux-64-2.46.1-default_hbd61a6d_102 
#5 4.428   libblas            conda-forge/linux-64::libblas-3.11.0-11_h4a7cf45_openblas 
#5 4.428   libcblas           conda-forge/linux-64::libcblas-3.11.0-11_h0358290_openblas 
#5 4.428   libexpat           conda-forge/linux-64::libexpat-2.8.1-hecca717_1 
#5 4.428   libffi             conda-forge/linux-64::libffi-3.7.0-h81df57d_1 
#5 4.428   libgcc             conda-forge/linux-64::libgcc-16.2.0-ha9f2e26_5 
#5 4.428   libgcc-ng          conda-forge/linux-64::libgcc-ng-16.2.0-h69a702a_5 
#5 4.428   libgfortran        conda-forge/linux-64::libgfortran-16.2.0-h69a702a_5 
#5 4.428   libgfortran-ng     conda-forge/linux-64::libgfortran-ng-16.2.0-h69a702a_5 
#5 4.428   libgfortran5       conda-forge/linux-64::libgfortran5-16.2.0-h6b99dfc_5 
#5 4.428   libgomp            conda-forge/linux-64::libgomp-16.2.0-he0feb66_5 
#5 4.428   liblapack          conda-forge/linux-64::liblapack-3.11.0-11_h47877c9_openblas 
#5 4.428   liblzma            conda-forge/linux-64::liblzma-5.8.3-hb03c661_1 
#5 4.428   libmpdec           conda-forge/linux-64::libmpdec-4.0.0-hb03c661_2 
#5 4.428   libopenblas        conda-forge/linux-64::libopenblas-0.3.34-pthreads_hf13c14d_2 
#5 4.428   libpython          conda-forge/linux-64::libpython-3.13.15-hdc7f604_103_cp313 
#5 4.428   libsqlite          conda-forge/linux-64::libsqlite-3.53.4-h13e7031_1 
#5 4.428   libstdcxx          conda-forge/linux-64::libstdcxx-16.2.0-h934c35e_5 
#5 4.428   libstdcxx-ng       conda-forge/linux-64::libstdcxx-ng-16.2.0-hdf11a46_5 
#5 4.428   libuuid            conda-forge/linux-64::libuuid-2.42.3-hcfc3c73_0 
#5 4.428   libzlib            conda-forge/linux-64::libzlib-1.3.2-h25fd6f3_3 
#5 4.428   mpi                conda-forge/linux-64::mpi-1.0-openmpi 
#5 4.428   narwhals           conda-forge/noarch::narwhals-2.26.0-pyh5ded981_0 
#5 4.428   ncurses            conda-forge/linux-64::ncurses-6.6-hdb14827_1 
#5 4.428   numpy              conda-forge/linux-64::numpy-2.5.3-py313hb5f73ae_0 
#5 4.428   openmpi            conda-forge/linux-64::openmpi-4.1.6-hc5af2df_101 
#5 4.428   openssl            conda-forge/linux-64::openssl-3.6.4-h781a0a9_0 
#5 4.428   phispy             bioconda/linux-64::phispy-5.0.10-py313h9d32f87_0 
#5 4.428   pip                conda-forge/noarch::pip-26.2.1-pyh145f28c_0 
#5 4.428   pyparsing          conda-forge/noarch::pyparsing-3.3.2-pyhcf101f3_0 
#5 4.428   python             conda-forge/linux-64::python-3.13.15-hf47f18c_103_cp313 
#5 4.428   python_abi         conda-forge/noarch::python_abi-3.13-9_cp313 
#5 4.428   readline           conda-forge/linux-64::readline-8.3-hd6e31c0_1 
#5 4.428   scikit-learn       conda-forge/linux-64::scikit-learn-1.9.1-np2py313h4900a6c_0 
#5 4.428   scipy              conda-forge/linux-64::scipy-1.18.1-py313he2a5f1a_1 
#5 4.428   six                conda-forge/noarch::six-1.17.0-pyhe01879c_1 
#5 4.428   threadpoolctl      conda-forge/noarch::threadpoolctl-3.7.0-pyhc455866_0 
#5 4.428   tk                 conda-forge/linux-64::tk-8.6.13-noxft_h1df4ec4_4 
#5 4.428   tzdata             conda-forge/noarch::tzdata-2026c-h151e31d_0 
#5 4.428   zlib               conda-forge/linux-64::zlib-1.3.2-h25fd6f3_3 
#5 4.428   zstd               conda-forge/linux-64::zstd-1.5.7-hb78ec9c_7 
#5 4.428 
#5 4.428 
#5 4.428 
#5 4.428 Downloading and Extracting Packages: ...working... done
#5 5.488 Preparing transaction: ...working... done
#5 5.693 Verifying transaction: ...working... done
#5 6.965 Executing transaction: ...working...  
#5 10.20 For Linux 64, Open MPI is built with CUDA awareness but this support is disabled by default.
#5 10.20 To enable it, please set the environment variable OMPI_MCA_opal_cuda_support=true before
#5 10.20 launching your MPI processes. Equivalently, you can set the MCA parameter in the command line:
#5 10.20 mpiexec --mca opal_cuda_support 1 ...
#5 10.20  
#5 10.20 In addition, the UCX support is also built but disabled by default.
#5 10.20 To enable it, first install UCX (conda install -c conda-forge ucx). Then, set the environment
#5 10.20 variables OMPI_MCA_pml="ucx" OMPI_MCA_osc="ucx" before launching your MPI processes.
#5 10.20 Equivalently, you can set the MCA parameters in the command line:
#5 10.20 mpiexec --mca pml ucx --mca osc ucx ...
#5 10.20 Note that you might also need to set UCX_MEMTYPE_CACHE=n for CUDA awareness via UCX.
#5 10.20 Please consult UCX's documentation for detail.
#5 10.20  
#5 10.20 
#5 10.20 done
#5 10.20 WARNING conda.conda_pypi.main:notify_externally_managed_future(156): 
#5 10.20   Did you know? You can install many PyPI packages with conda
#5 10.20   using the conda-pypi beta. Get started:
#5 10.20     https://docs.conda.io/projects/conda/en/stable/new-features.html
#5 10.20 
#5 10.20 #
#5 10.20 # To activate this environment, use
#5 10.20 #
#5 10.20 #     $ conda activate phispy
#5 10.20 #
#5 10.20 # To deactivate an active environment, use
#5 10.20 #
#5 10.20 #     $ conda deactivate
#5 10.20 
#5 11.23 Will remove 1 package cache(s).
#5 DONE 11.6s

#6 [3/4] RUN echo 'source /opt/conda/etc/profile.d/conda.sh' > /etc/profile.d/conda_auto.sh &&     echo 'conda activate phispy' >> /etc/profile.d/conda_auto.sh &&     chmod +x /etc/profile.d/conda_auto.sh
#6 DONE 0.5s

#7 [4/4] WORKDIR /data
#7 DONE 0.1s

#8 exporting to image
#8 exporting layers
#8 exporting layers 5.2s done
#8 writing image sha256:e354410c84a06a1d1d94ee37845627e3d0c2fdaacaa6ddac2700c674ccf473c8 0.0s done
#8 naming to ghcr.io/bdrd-genomics/allinone-phispy:1.0.0 0.0s done
#8 naming to ghcr.io/bdrd-genomics/allinone-phispy:latest 0.0s done
#8 DONE 5.3s
SUCCESS: ghcr.io/bdrd-genomics/allinone-phispy

==================================================
Building: ghcr.io/bdrd-genomics/allinone-prokka:1.0.0
Dockerfile: Dockerfile.prokka
==================================================
#0 building with "default" instance using docker driver

#1 [internal] load build definition from Dockerfile.prokka
#1 transferring dockerfile: 514B done
#1 DONE 0.0s

#2 [internal] load metadata for ghcr.io/bdrd-genomics/allinone-conda-base:1.0.1
#2 DONE 0.0s

#3 [internal] load .dockerignore
#3 transferring context: 2B done
#3 DONE 0.1s

#4 [1/3] FROM ghcr.io/bdrd-genomics/allinone-conda-base:1.0.1
#4 CACHED

#5 [internal] load build context
#5 transferring context: 196B done
#5 DONE 0.1s

#6 [2/3] COPY environment.prokka.yml /tmp/environment.yml
#6 DONE 0.2s

#7 [3/3] RUN /opt/conda/bin/mamba env create -f /tmp/environment.yml &&     /opt/conda/bin/conda clean -a -y
#7 0.476 warning  libmamba 'repo.anaconda.com', a commercial channel hosted by Anaconda.com, is used.
#7 0.476     
#7 0.476 warning  libmamba Please make sure you understand Anaconda Terms of Services.
#7 0.476     
#7 0.476 warning  libmamba See: https://legal.anaconda.com/policies/en/
#7 1.119 ⚠ Shard Index for pkgs/main/linux-64 not available, falling back to flat repodata
#7 1.119 Using Flat Repodata for pkgs/main/linux-64                                                      ✔ Starting
#7 1.700 Using Flat Repodata for pkgs/main/linux-64                                                ✔ Done (0.6 sec)
#7 1.700 ⚠ Shard Index for pkgs/main/noarch not available, falling back to flat repodata
#7 1.700 Using Flat Repodata for pkgs/main/noarch                                                        ✔ Starting
#7 1.743 Using Flat Repodata for pkgs/main/noarch                                                  ✔ Done (0.0 sec)
#7 1.743 ⚠ Shard Index for pkgs/r/linux-64 not available, falling back to flat repodata
#7 1.743 Using Flat Repodata for pkgs/r/linux-64                                                         ✔ Starting
#7 1.814 Using Flat Repodata for pkgs/r/linux-64                                                   ✔ Done (0.1 sec)
#7 1.814 ⚠ Shard Index for pkgs/r/noarch not available, falling back to flat repodata
#7 1.814 Using Flat Repodata for pkgs/r/noarch                                                           ✔ Starting
#7 1.904 Using Flat Repodata for pkgs/r/noarch                                                     ✔ Done (0.1 sec)
#7 2.240 Fetch Shard Index for conda-forge/linux-64                                                      ⧖ Starting
#7 2.416 Fetch Shard Index for conda-forge/linux-64                                                ✔ Done (0.2 sec)
#7 2.416 Fetch Shard Index for conda-forge/noarch                                                        ⧖ Starting
#7 2.608 Fetch Shard Index for conda-forge/noarch                                                  ✔ Done (0.2 sec)
#7 2.608 Fetching and Parsing Packages' Shards                                                           ⧖ Starting
#7 2.608 Fetching and Parsing Packages' Shards                                                     ✔ Done (0.0 sec)
#7 3.298 Using Flat Repodata for conda-forge/linux-64                                                    ✔ Starting
#7 9.440 Using Flat Repodata for conda-forge/linux-64                                              ✔ Done (6.1 sec)
#7 9.445 Using Cached Shard Index for conda-forge/noarch                                                     ✔ Done
#7 9.448 Using Cached Shard Index for conda-forge/linux-64                                                   ✔ Done
#7 9.449 Fetching and Parsing Packages' Shards                                                           ⧖ Starting
#7 9.449 Fetching and Parsing Packages' Shards                                                     ✔ Done (0.0 sec)
#7 9.888 Using Flat Repodata for conda-forge/noarch                                                      ✔ Starting
#7 12.45 Using Flat Repodata for conda-forge/noarch                                                ✔ Done (2.6 sec)
#7 12.45 Fetch Shard Index for bioconda/linux-64                                                         ⧖ Starting
#7 12.62 Fetch Shard Index for bioconda/linux-64                                                   ✔ Done (0.2 sec)
#7 12.62 Fetch Shard Index for bioconda/noarch                                                           ⧖ Starting
#7 12.78 Fetch Shard Index for bioconda/noarch                                                     ✔ Done (0.2 sec)
#7 12.78 Fetching and Parsing Packages' Shards                                                           ⧖ Starting
#7 17.42 Fetching and Parsing Packages' Shards                                                     ✔ Done (4.6 sec)
#7 17.45 Using Cached Shard Index for conda-forge/linux-64                                                   ✔ Done
#7 17.46 Using Cached Shard Index for conda-forge/noarch                                                     ✔ Done
#7 17.46 Fetching and Parsing Packages' Shards                                                           ⧖ Starting
#7 28.54 Fetching and Parsing Packages' Shards                                                    ✔ Done (11.1 sec)
#7 29.09 Using Cached Shard Index for bioconda/linux-64                                                      ✔ Done
#7 29.10 Using Cached Shard Index for bioconda/noarch                                                        ✔ Done
#7 29.10 Fetching and Parsing Packages' Shards                                                           ⧖ Starting
#7 29.47 Fetching and Parsing Packages' Shards                                                     ✔ Done (0.4 sec)
#7 29.49 Parsing Packages' Records                                                                ✔ Done (28.4 sec)
#7 29.51 
#7 29.51 Resolving Environment                                                                           ⧖ Starting
#7 140.6 Resolving Environment                                                                   ✔ Done (111.1 sec)
#7 140.6 
#7 140.6 Transaction
#7 140.6 
#7 140.6   Prefix: /opt/conda/envs/prokka
#7 140.6 
#7 140.6   Updating specs:
#7 140.6 
#7 140.6    - prokka
#7 140.6 
#7 140.6 
#7 140.7 warning  libmamba Security Warning: This transaction includes executing package scripts (pre/post-link/unlink) if present. These scripts can contain arbitrary code. Please ensure you trust the package sources.
#7 140.7   Package                                        Version  Build                 Channel           Size
#7 140.7 ────────────────────────────────────────────────────────────────────────────────────────────────────────
#7 140.7   Install:
#7 140.7 ────────────────────────────────────────────────────────────────────────────────────────────────────────
#7 140.7 
#7 140.7   + _openmp_mutex                                    4.5  20_gnu                conda-forge       29kB
#7 140.7   + alsa-lib                                      1.2.11  hd590300_1            conda-forge      555kB
#7 140.7   + aragorn                                       1.2.41  h7b50bb2_5            bioconda         148kB
#7 140.7   + argtable2                                       2.13  hd590300_1004         conda-forge        2MB
#7 140.7   + barrnap                                          0.9  hdfd78af_4            bioconda         571kB
#7 140.7   + bedtools                                      2.31.1  hf5e1c6e_2            bioconda           2MB
#7 140.7   + blast                                         2.16.0  hc155240_3            bioconda         148MB
#7 140.7   + blast-legacy                                  2.2.26  hf7ff83a_5            bioconda          46MB
#7 140.7   + bzip2                                          1.0.8  hda65f42_10           conda-forge     Cached
#7 140.7   + c-ares                                        1.34.8  hebe6cf0_2            conda-forge     Cached
#7 140.7   + ca-certificates                            2026.7.22  hbd8a1cb_0            conda-forge     Cached
#7 140.7   + cairo                                         1.16.0  he5ede1b_6            pkgs/main          1MB
#7 140.7   + clustalo                                       1.2.4  h503566f_10           bioconda         219kB
#7 140.7   + clustalw                                         2.1  hc52dbad_13           bioconda         357kB
#7 140.7   + curl                                           8.8.0  he654da7_1            conda-forge      166kB
#7 140.7   + entrez-direct                                   22.4  he881be0_0            bioconda          15MB
#7 140.7   + expat                                          2.8.1  hecca717_1            conda-forge      148kB
#7 140.7   + font-ttf-dejavu-sans-mono                       2.37  hab24e00_0            conda-forge      397kB
#7 140.7   + font-ttf-inconsolata                           3.000  h77eed37_0            conda-forge       97kB
#7 140.7   + font-ttf-source-code-pro                       2.038  h77eed37_0            conda-forge      701kB
#7 140.7   + font-ttf-ubuntu                                 0.83  h77eed37_3            conda-forge        2MB
#7 140.7   + fontconfig                                    2.14.2  h14ed4e7_0            conda-forge      272kB
#7 140.7   + fonts-conda-ecosystem                              1  0                     conda-forge        4kB
#7 140.7   + fonts-conda-forge                                  1  hc364b38_1            conda-forge        4kB
#7 140.7   + freetype                                      2.12.1  h267a509_2            conda-forge      635kB
#7 140.7   + gawk                                           5.4.1  h0a3468a_0            conda-forge        2MB
#7 140.7   + giflib                                         5.2.2  ha257d8a_1            conda-forge       77kB
#7 140.7   + gmp                                            6.3.0  hfd2156b_3            conda-forge      493kB
#7 140.7   + gnutls                                        3.8.13  h18acefa_0            conda-forge        2MB
#7 140.7   + graphite2                                     1.3.15  h54a6638_1            conda-forge      103kB
#7 140.7   + gsl                                              2.7  he838d99_0            conda-forge        3MB
#7 140.7   + harfbuzz                                      10.2.0  hf296adc_0            pkgs/main          3MB
#7 140.7   + hmmer                                            3.4  h7d74f8d_5            bioconda           9MB
#7 140.7   + icu                                             73.2  h59595ed_0            conda-forge       12MB
#7 140.7   + infernal                                       1.1.5  pl5321h7b50bb2_4      bioconda           4MB
#7 140.7   + keyutils                                       1.6.3  h7cc23a3_1            conda-forge     Cached
#7 140.7   + krb5                                          1.21.3  h659f571_0            conda-forge        1MB
#7 140.7   + lcms2                                           2.16  hb7c19ff_0            conda-forge      245kB
#7 140.7   + lerc                                           4.2.0  hdb68285_0            conda-forge      271kB
#7 140.7   + libasprintf                                   0.25.1  h3f43e3d_1            conda-forge       54kB
#7 140.7   + libblas                                       3.11.0  11_h4a7cf45_openblas  conda-forge       18kB
#7 140.7   + libcblas                                      3.11.0  11_h0358290_openblas  conda-forge       18kB
#7 140.7   + libcups                                        2.3.3  h4637d8d_4            conda-forge        5MB
#7 140.7   + libcurl                                        8.8.0  hca28451_1            conda-forge      410kB
#7 140.7   + libdb                                         6.2.32  h9c3ff4c_0            conda-forge       24MB
#7 140.7   + libdeflate                                      1.25  hd45a770_1            conda-forge       74kB
#7 140.7   + libedit                                 3.1.20250104  pl5321h373387f_1      conda-forge     Cached
#7 140.7   + libev                                           4.33  h280c20c_3            conda-forge     Cached
#7 140.7   + libexpat                                       2.8.1  hecca717_1            conda-forge     Cached
#7 140.7   + libffi                                         3.7.0  h81df57d_1            conda-forge     Cached
#7 140.7   + libgcc                                        16.2.0  ha9f2e26_5            conda-forge        1MB
#7 140.7   + libgcc-ng                                     16.2.0  h69a702a_5            conda-forge       29kB
#7 140.7   + libgettextpo                                  0.25.1  h3f43e3d_1            conda-forge      188kB
#7 140.7   + libgfortran                                   16.2.0  h69a702a_5            conda-forge       29kB
#7 140.7   + libgfortran-ng                                16.2.0  h69a702a_5            conda-forge       29kB
#7 140.7   + libgfortran5                                  16.2.0  h6b99dfc_5            conda-forge        3MB
#7 140.7   + libglib                                       2.80.2  hf974151_0            conda-forge        4MB
#7 140.7   + libgomp                                       16.2.0  he0feb66_5            conda-forge      642kB
#7 140.7   + libiconv                                        1.18  h0cb94f2_3            conda-forge     Cached
#7 140.7   + libidn11                                        1.34  h1cef754_0            conda-forge      233kB
#7 140.7   + libidn2                                        2.3.8  hfac485b_1            conda-forge      139kB
#7 140.7   + libjpeg-turbo                                  3.2.0  hb03c661_1            conda-forge      650kB
#7 140.7   + liblzma                                        5.8.3  hb03c661_1            conda-forge     Cached
#7 140.7   + liblzma-devel                                  5.8.3  hb03c661_1            conda-forge      492kB
#7 140.7   + libnghttp2                                    1.58.0  h47da74e_1            conda-forge      632kB
#7 140.7   + libopenblas                                   0.3.34  pthreads_hf13c14d_2   conda-forge        7MB
#7 140.7   + libpng                                        1.6.43  h2797004_0            conda-forge      288kB
#7 140.7   + libsqlite                                     3.46.0  hde9e2c9_0            conda-forge      865kB
#7 140.7   + libssh2                                       1.11.0  h0841786_0            conda-forge      271kB
#7 140.7   + libstdcxx                                     16.2.0  h934c35e_5            conda-forge        7MB
#7 140.7   + libstdcxx-ng                                  16.2.0  hdf11a46_5            conda-forge       29kB
#7 140.7   + libtasn1                                      4.21.0  hb03c661_1            conda-forge      119kB
#7 140.7   + libtiff                                        4.6.0  h1dd3fc0_3            conda-forge      283kB
#7 140.7   + libunistring                                  0.9.10  h7f98852_0            conda-forge        1MB
#7 140.7   + libuuid                                       2.42.3  hcfc3c73_0            conda-forge     Cached
#7 140.7   + libwebp-base                                   1.6.0  hd42ef1d_1            conda-forge      428kB
#7 140.7   + libxcb                                        1.17.0  hb83e432_2            conda-forge      395kB
#7 140.7   + libxcrypt                                     4.4.38  h280c20c_0            conda-forge      102kB
#7 140.7   + libzlib                                       1.2.13  h4ab18f5_6            conda-forge       62kB
#7 140.7   + mafft                                          7.526  h4bc722e_0            conda-forge        3MB
#7 140.7   + minced                                         0.4.2  hdfd78af_1            bioconda          48kB
#7 140.7   + mpfr                                           4.2.2  ha2cb11d_1            conda-forge      730kB
#7 140.7   + mpi                                              1.0  openmpi               conda-forge        4kB
#7 140.7   + muscle                                           5.3  h9948957_3            bioconda         581kB
#7 140.7   + ncbi-vdb                                       3.4.1  hd63eeec_0            bioconda           9MB
#7 140.7   + ncurses                                          6.6  hdb14827_1            conda-forge     Cached
#7 140.7   + nettle                                        3.10.1  h5ef0d04_1            conda-forge        1MB
#7 140.7   + openjdk                                       22.0.1  hb622114_0            conda-forge      182MB
#7 140.7   + openmpi                                        4.1.6  hc5af2df_101          conda-forge        4MB
#7 140.7   + openssl                                        3.6.4  h781a0a9_0            conda-forge     Cached
#7 140.7   + p11-kit                                       0.26.5  h8d769aa_2            conda-forge        4MB
#7 140.7   + paml                                         4.10.10  h87e0c26_2            bioconda         691kB
#7 140.7   + parallel                                    20260722  hd8ed1ab_0            conda-forge        2MB
#7 140.7   + pcre2                                          10.43  hcad00b1_0            conda-forge      951kB
#7 140.7   + perl                                          5.32.1  9_h7cc23a3_perl5      conda-forge       13MB
#7 140.7   + perl-algorithm-diff                            1.201  pl5321hd8ed1ab_0      conda-forge       33kB
#7 140.7   + perl-archive-tar                                3.12  pl5321hdfd78af_0      bioconda          39kB
#7 140.7   + perl-b-cow                                     0.007  pl5321hb9d3cd8_1      conda-forge       21kB
#7 140.7   + perl-base                                       2.23  pl5321hd8ed1ab_0      conda-forge       20kB
#7 140.7   + perl-bio-asn1-entrezgene                        1.73  pl5321hdfd78af_3      bioconda          25kB
#7 140.7   + perl-bio-coordinate                         1.007001  pl5321hdfd78af_3      bioconda          37kB
#7 140.7   + perl-bio-featureio                           1.6.905  pl5321hdfd78af_4      bioconda          42kB
#7 140.7   + perl-bio-samtools                               1.43  pl5321he4a0461_4      bioconda         153kB
#7 140.7   + perl-bio-searchio-hmmer                        1.7.3  pl5321hdfd78af_0      bioconda          59kB
#7 140.7   + perl-bio-tools-phylo-paml                      1.7.3  pl5321hdfd78af_3      bioconda          59kB
#7 140.7   + perl-bio-tools-run-alignment-clustalw          1.7.4  pl5321hdfd78af_3      bioconda          26kB
#7 140.7   + perl-bio-tools-run-alignment-tcoffee           1.7.4  pl5321hdfd78af_5      bioconda          26kB
#7 140.7   + perl-bioperl                                   1.7.8  hdfd78af_1            bioconda           6kB
#7 140.7   + perl-bioperl-core                              1.7.8  pl5321hdfd78af_1      bioconda           2MB
#7 140.7   + perl-bioperl-run                            1.007003  pl5321hdfd78af_0      bioconda         348kB
#7 140.7   + perl-business-isbn                             3.007  pl5321hd8ed1ab_0      conda-forge       18kB
#7 140.7   + perl-business-isbn-data                 20210112.006  pl5321hd8ed1ab_0      conda-forge       22kB
#7 140.7   + perl-carp                                       1.50  pl5321hd8ed1ab_0      conda-forge       22kB
#7 140.7   + perl-class-data-inheritable                     0.09  pl5321ha770c72_0      conda-forge       17kB
#7 140.7   + perl-clone                                      0.46  pl5321hb9d3cd8_1      conda-forge       23kB
#7 140.7   + perl-common-sense                               3.75  pl5321hd8ed1ab_0      conda-forge       20kB
#7 140.7   + perl-compress-raw-bzip2                        2.214  pl5321hda65f42_0      conda-forge       56kB
#7 140.7   + perl-compress-raw-zlib                         2.214  pl5321h4dac143_0      conda-forge       81kB
#7 140.7   + perl-constant                                   1.33  pl5321hd8ed1ab_0      conda-forge       16kB
#7 140.7   + perl-data-dump                                  1.25  pl5321h7b50bb2_2      bioconda          25kB
#7 140.7   + perl-data-dumper                               2.183  pl5321hb9d3cd8_1      conda-forge       46kB
#7 140.7   + perl-db_file                                   1.858  pl5321hb9d3cd8_0      conda-forge       64kB
#7 140.7   + perl-devel-stacktrace                           2.04  pl5321h296ab09_0      conda-forge       20kB
#7 140.7   + perl-digest-hmac                                1.05  pl5321hdfd78af_0      bioconda          13kB
#7 140.7   + perl-digest-md5                                 2.59  pl5321hb9d3cd8_3      conda-forge       28kB
#7 140.7   + perl-encode                                     3.24  pl5321hb03c661_0      conda-forge        2MB
#7 140.7   + perl-encode-locale                              1.05  pl5321hdfd78af_7      bioconda          14kB
#7 140.7   + perl-exception-class                            1.45  pl5321ha770c72_0      conda-forge       29kB
#7 140.7   + perl-exporter                                   5.74  pl5321hd8ed1ab_0      conda-forge       19kB
#7 140.7   + perl-exporter-tiny                          1.002002  pl5321hd8ed1ab_0      conda-forge       29kB
#7 140.7   + perl-extutils-makemaker                         7.70  pl5321hd8ed1ab_0      conda-forge      157kB
#7 140.7   + perl-file-listing                               6.16  pl5321hdfd78af_0      bioconda          15kB
#7 140.7   + perl-file-path                                  2.18  pl5321hd8ed1ab_0      conda-forge       22kB
#7 140.7   + perl-file-slurper                              0.014  pl5321hdfd78af_0      bioconda          12kB
#7 140.7   + perl-file-sort                                  1.01  pl5321hdfd78af_3      bioconda          21kB
#7 140.7   + perl-file-spec                               3.48_01  pl5321hdfd78af_2      bioconda           6kB
#7 140.7   + perl-file-temp                                0.2304  pl5321hd8ed1ab_0      conda-forge       32kB
#7 140.7   + perl-getopt-long                                2.58  pl5321hdfd78af_0      bioconda          34kB
#7 140.7   + perl-html-parser                                3.81  pl5321h4ac6f70_1      bioconda          70kB
#7 140.7   + perl-html-tagset                                3.24  pl5321hdfd78af_0      bioconda          15kB
#7 140.7   + perl-http-cookiejar-lwp                        0.014  pl5321hdfd78af_0      bioconda          18kB
#7 140.7   + perl-http-cookies                               6.12  pl5321hdfd78af_0      bioconda          25kB
#7 140.7   + perl-http-daemon                                6.17  pl5321hdfd78af_0      bioconda          25kB
#7 140.7   + perl-http-date                                  6.08  pl5321hdfd78af_0      bioconda          16kB
#7 140.7   + perl-http-message                               7.04  pl5321hdfd78af_0      bioconda          60kB
#7 140.7   + perl-http-negotiate                             6.01  pl5321hdfd78af_4      bioconda          15kB
#7 140.7   + perl-inc-latest                                0.500  pl5321ha770c72_0      conda-forge       16kB
#7 140.7   + perl-io-compress                               2.216  pl5321h503566f_0      bioconda          87kB
#7 140.7   + perl-io-html                                   1.004  pl5321hdfd78af_0      bioconda          16kB
#7 140.7   + perl-io-socket-ssl                             2.075  pl5321hd8ed1ab_0      conda-forge      171kB
#7 140.7   + perl-io-string                                  1.08  pl5321hdfd78af_4      bioconda          12kB
#7 140.7   + perl-io-tty                                     1.31  pl5321hb03c661_0      conda-forge       37kB
#7 140.7   + perl-io-zlib                                    1.15  pl5321hdfd78af_1      bioconda          13kB
#7 140.7   + perl-ipc-run                              20250809.0  pl5321hdfd78af_0      bioconda          85kB
#7 140.7   + perl-json                                       4.11  pl5321hdfd78af_0      bioconda          53kB
#7 140.7   + perl-json-xs                                    4.04  pl5321h9948957_0      bioconda          71kB
#7 140.7   + perl-libwww-perl                                6.83  pl5321hdfd78af_0      bioconda         104kB
#7 140.7   + perl-libxml-perl                                0.08  pl5321hdfd78af_3      bioconda          41kB
#7 140.7   + perl-list-moreutils                            0.430  pl5321hdfd78af_0      bioconda          32kB
#7 140.7   + perl-list-moreutils-xs                         0.430  pl5321h7b50bb2_5      bioconda          52kB
#7 140.7   + perl-lwp-mediatypes                             6.04  pl5321hdfd78af_1      bioconda          24kB
#7 140.7   + perl-lwp-protocol-https                         6.17  pl5321hdfd78af_0      bioconda          14kB
#7 140.7   + perl-mime-base64                                3.16  pl5321hb9d3cd8_3      conda-forge       23kB
#7 140.7   + perl-module-build                             0.4234  pl5321ha770c72_1      conda-forge      137kB
#7 140.7   + perl-module-load                                0.34  pl5321hdfd78af_0      bioconda           6kB
#7 140.7   + perl-mozilla-ca                             20260813  pl5321hdfd78af_0      bioconda         116kB
#7 140.7   + perl-net-http                                   6.24  pl5321hdfd78af_0      bioconda          23kB
#7 140.7   + perl-net-ssleay                                 1.92  pl5321hf14f497_1      conda-forge      311kB
#7 140.7   + perl-ntlm                                       1.09  pl5321hdfd78af_5      bioconda          16kB
#7 140.7   + perl-parent                                    0.243  pl5321hd8ed1ab_0      conda-forge       14kB
#7 140.7   + perl-pathtools                                  3.75  pl5321hb9d3cd8_2      conda-forge       51kB
#7 140.7   + perl-scalar-list-utils                          1.70  pl5321hb03c661_0      conda-forge       52kB
#7 140.7   + perl-socket                                    2.027  pl5321h5c03b87_6      bioconda          35kB
#7 140.7   + perl-storable                                   3.15  pl5321hb9d3cd8_2      conda-forge       71kB
#7 140.7   + perl-sub-uplevel                              0.2800  pl5321hb9d3cd8_0      conda-forge       21kB
#7 140.7   + perl-test-deep                                 1.130  pl5321hd8ed1ab_0      conda-forge       44kB
#7 140.7   + perl-test-differences                           0.72  pl5321ha770c72_0      conda-forge       24kB
#7 140.7   + perl-test-exception                             0.43  pl5321hd8ed1ab_0      conda-forge       21kB
#7 140.7   + perl-test-fatal                                0.016  pl5321hdfd78af_0      bioconda          13kB
#7 140.7   + perl-test-most                                  0.42  pl5321hdfd78af_0      bioconda          23kB
#7 140.7   + perl-test-needs                             0.002009  pl5321hd8ed1ab_0      conda-forge       18kB
#7 140.7   + perl-test-requiresinternet                      0.05  pl5321hdfd78af_1      bioconda          10kB
#7 140.7   + perl-test-warn                                  0.37  pl5321hd8ed1ab_0      conda-forge       21kB
#7 140.7   + perl-test-warnings                             0.031  pl5321ha770c72_0      conda-forge       22kB
#7 140.7   + perl-text-diff                                  1.45  pl5321hd8ed1ab_0      conda-forge       32kB
#7 140.7   + perl-time-local                                 1.35  pl5321hdfd78af_0      bioconda          14kB
#7 140.7   + perl-timedate                                   2.35  pl5321hdfd78af_0      bioconda          42kB
#7 140.7   + perl-tree-dag_node                              1.39  pl5321hdfd78af_0      bioconda          45kB
#7 140.7   + perl-try-tiny                                   0.32  pl5321ha770c72_1      conda-forge       19kB
#7 140.7   + perl-types-serialiser                           1.01  pl5321hdfd78af_0      bioconda          13kB
#7 140.7   + perl-uri                                        5.37  pl5321ha770c72_0      conda-forge       81kB
#7 140.7   + perl-url-encode                                 0.03  pl5321h9ee0642_1      bioconda          13kB
#7 140.7   + perl-www-robotrules                             6.03  pl5321hdfd78af_0      bioconda          18kB
#7 140.7   + perl-xml-dom                                    1.46  pl5321hdfd78af_1      bioconda          60kB
#7 140.7   + perl-xml-dom-xpath                              0.14  pl5321hdfd78af_2      bioconda          12kB
#7 140.7   + perl-xml-namespacesupport                       1.12  pl5321hd8ed1ab_0      conda-forge       23kB
#7 140.7   + perl-xml-parser                              2.44_01  pl5321hf2e2c51_1004   conda-forge      150kB
#7 140.7   + perl-xml-regexp                                 0.04  pl5321hdfd78af_3      bioconda          10kB
#7 140.7   + perl-xml-sax                                    1.02  pl5321hd8ed1ab_0      conda-forge       44kB
#7 140.7   + perl-xml-sax-base                               1.09  pl5321hd8ed1ab_0      conda-forge       28kB
#7 140.7   + perl-xml-sax-expat                              0.51  pl5321hd8ed1ab_0      conda-forge       18kB
#7 140.7   + perl-xml-simple                                 2.25  pl5321hdfd78af_2      bioconda          50kB
#7 140.7   + perl-xml-xpathengine                            0.14  pl5321hdfd78af_3      bioconda          29kB
#7 140.7   + pixman                                        0.46.4  h54a6638_3            conda-forge      377kB
#7 140.7   + poa                                              2.0  h7b50bb2_6            bioconda          82kB
#7 140.7   + prodigal                                       2.6.3  h7b50bb2_10           bioconda         582kB
#7 140.7   + prokka                                        1.15.6  pl5321hdfd78af_0      bioconda         249MB
#7 140.7   + pthread-stubs                                    0.4  h7cc23a3_1004         conda-forge       10kB
#7 140.7   + readline                                         8.3  hd6e31c0_1            conda-forge     Cached
#7 140.7   + rpsbproc                                       0.5.0  h6a68c12_1            bioconda           6MB
#7 140.7   + t-coffee                               12.00.7fb08c2  h26a2512_0            bioconda           1MB
#7 140.7   + tbl2asn-forever                              25.7.2f  h7b50bb2_6            bioconda           5MB
#7 140.7   + viennarna                                      2.4.7  py36_2                bioconda          46MB
#7 140.7   + wget                                          1.21.4  hda4d442_0            conda-forge      770kB
#7 140.7   + xorg-libice                                    1.1.2  h280c20c_0            conda-forge       63kB
#7 140.7   + xorg-libsm                                     1.2.6  h0d788c3_1            conda-forge       31kB
#7 140.7   + xorg-libx11                                   1.8.13  he1eb515_1            conda-forge      840kB
#7 140.7   + xorg-libxau                                   1.0.12  h7cc23a3_2            conda-forge       19kB
#7 140.7   + xorg-libxdmcp                                  1.1.5  h7cc23a3_2            conda-forge       23kB
#7 140.7   + xorg-libxext                                   1.3.7  h7cc23a3_1            conda-forge       53kB
#7 140.7   + xorg-libxfixes                                 6.0.2  h7cc23a3_1            conda-forge       21kB
#7 140.7   + xorg-libxi                                     1.8.3  h7cc23a3_1            conda-forge       49kB
#7 140.7   + xorg-libxrender                               0.9.12  hb03c661_1            conda-forge       35kB
#7 140.7   + xorg-libxt                                     1.3.1  h7cc23a3_1            conda-forge      384kB
#7 140.7   + xorg-libxtst                                   1.2.5  h7cc23a3_4            conda-forge       35kB
#7 140.7   + xz                                             5.8.3  ha02ee65_1            conda-forge       24kB
#7 140.7   + xz-gpl-tools                                   5.8.3  ha02ee65_1            conda-forge       40kB
#7 140.7   + xz-tools                                       5.8.3  hb03c661_1            conda-forge       96kB
#7 140.7   + zlib                                          1.2.13  h4ab18f5_6            conda-forge       93kB
#7 140.7   + zstd                                           1.5.6  ha6fb4c9_0            conda-forge      555kB
#7 140.7 
#7 140.7   Summary:
#7 140.7 
#7 140.7   Install: 230 packages
#7 140.7 
#7 140.7   Total download: 855MB
#7 140.7 
#7 140.7 ────────────────────────────────────────────────────────────────────────────────────────────────────────
#7 140.7 
#7 140.7 
#7 140.7 Confirm changes: [Y/n] 
#7 140.7 Transaction starting
#7 156.8 Linking libgomp-16.2.0-he0feb66_5
#7 156.8 Linking mpi-1.0-openmpi
#7 156.8 Linking _openmp_mutex-4.5-20_gnu
#7 156.8 Linking libgcc-16.2.0-ha9f2e26_5
#7 156.8 Linking libwebp-base-1.6.0-hd42ef1d_1
#7 156.8 Linking libdeflate-1.25-hd45a770_1
#7 156.8 Linking libjpeg-turbo-3.2.0-hb03c661_1
#7 156.8 Linking giflib-5.2.2-ha257d8a_1
#7 156.8 Linking libtasn1-4.21.0-hb03c661_1
#7 156.8 Linking ncurses-6.6-hdb14827_1
#7 158.0 Linking libffi-3.7.0-h81df57d_1
#7 158.0 Linking libev-4.33-h280c20c_3
#7 158.0 Linking c-ares-1.34.8-hebe6cf0_2
#7 158.0 Linking keyutils-1.6.3-h7cc23a3_1
#7 158.0 Linking libuuid-2.42.3-hcfc3c73_0
#7 158.0 Linking liblzma-5.8.3-hb03c661_1
#7 158.0 Linking libgfortran5-16.2.0-h6b99dfc_5
#7 158.0 Linking libiconv-1.18-h0cb94f2_3
#7 158.0 Linking xorg-libxdmcp-1.1.5-h7cc23a3_2
#7 158.0 Linking xorg-libxau-1.0.12-h7cc23a3_2
#7 158.0 Linking pthread-stubs-0.4-h7cc23a3_1004
#7 158.0 Linking xorg-libice-1.1.2-h280c20c_0
#7 158.0 Linking bzip2-1.0.8-hda65f42_10
#7 158.1 Linking libstdcxx-16.2.0-h934c35e_5
#7 158.1 Linking libgcc-ng-16.2.0-h69a702a_5
#7 158.1 Linking libxcrypt-4.4.38-h280c20c_0
#7 158.1 Linking libexpat-2.8.1-hecca717_1
#7 158.1 Linking readline-8.3-hd6e31c0_1
#7 158.1 Linking libedit-3.1.20250104-pl5321h373387f_1
#7 158.1 Linking p11-kit-0.26.5-h8d769aa_2
#7 158.1 Linking xz-tools-5.8.3-hb03c661_1
#7 158.1 Linking xz-gpl-tools-5.8.3-ha02ee65_1
#7 158.1 Linking liblzma-devel-5.8.3-hb03c661_1
#7 158.1 Linking libgfortran-16.2.0-h69a702a_5
#7 158.1 Linking libgettextpo-0.25.1-h3f43e3d_1
#7 158.1 Linking libxcb-1.17.0-hb83e432_2
#7 158.1 Linking xorg-libsm-1.2.6-h0d788c3_1
#7 158.1 Linking lerc-4.2.0-hdb68285_0
#7 158.1 Linking pixman-0.46.4-h54a6638_3
#7 158.1 Linking graphite2-1.3.15-h54a6638_1
#7 158.1 Linking libasprintf-0.25.1-h3f43e3d_1
#7 158.1 Linking gmp-6.3.0-hfd2156b_3
#7 158.1 Linking libstdcxx-ng-16.2.0-hdf11a46_5
#7 158.1 Linking argtable2-2.13-hd590300_1004
#7 158.1 Linking libunistring-0.9.10-h7f98852_0
#7 158.1 Linking libidn11-1.34-h1cef754_0
#7 158.1 Linking alsa-lib-1.2.11-hd590300_1
#7 158.1 Linking libzlib-1.2.13-h4ab18f5_6
#7 158.1 Linking perl-5.32.1-9_h7cc23a3_perl5
#7 158.3 Linking expat-2.8.1-hecca717_1
#7 158.3 Linking xz-5.8.3-ha02ee65_1
#7 158.3 Linking libgfortran-ng-16.2.0-h69a702a_5
#7 158.3 Linking libopenblas-0.3.34-pthreads_hf13c14d_2
#7 158.3 Linking xorg-libx11-1.8.13-he1eb515_1
#7 158.3 Linking mpfr-4.2.2-ha2cb11d_1
#7 158.3 Linking nettle-3.10.1-h5ef0d04_1
#7 158.3 Linking icu-73.2-h59595ed_0
#7 158.3 Linking libdb-6.2.32-h9c3ff4c_0
#7 158.6 Linking libidn2-2.3.8-hfac485b_1
#7 158.6 Linking pcre2-10.43-hcad00b1_0
#7 158.6 Linking zstd-1.5.6-ha6fb4c9_0
#7 158.6 Linking libsqlite-3.46.0-hde9e2c9_0
#7 158.6 Linking zlib-1.2.13-h4ab18f5_6
#7 158.6 Linking libpng-1.6.43-h2797004_0
#7 158.6 Linking perl-devel-stacktrace-2.04-pl5321h296ab09_0
#7 158.6 Linking perl-class-data-inheritable-0.09-pl5321ha770c72_0
#7 158.6 Linking perl-sub-uplevel-0.2800-pl5321hb9d3cd8_0
#7 158.6 Linking perl-scalar-list-utils-1.70-pl5321hb03c661_0
#7 158.6 Linking perl-inc-latest-0.500-pl5321ha770c72_0
#7 158.6 Linking perl-b-cow-0.007-pl5321hb9d3cd8_1
#7 158.6 Linking perl-io-tty-1.31-pl5321hb03c661_0
#7 158.6 Linking perl-compress-raw-bzip2-2.214-pl5321hda65f42_0
#7 158.6 Linking perl-compress-raw-zlib-2.214-pl5321h4dac143_0
#7 158.6 Linking perl-data-dumper-2.183-pl5321hb9d3cd8_1
#7 158.6 Linking perl-test-warnings-0.031-pl5321ha770c72_0
#7 158.6 Linking perl-storable-3.15-pl5321hb9d3cd8_2
#7 158.6 Linking perl-try-tiny-0.32-pl5321ha770c72_1
#7 158.6 Linking perl-mime-base64-3.16-pl5321hb9d3cd8_3
#7 158.6 Linking perl-digest-md5-2.59-pl5321hb9d3cd8_3
#7 158.6 Linking perl-xml-parser-2.44_01-pl5321hf2e2c51_1004
#7 158.6 Linking libblas-3.11.0-11_h4a7cf45_openblas
#7 158.6 Linking xorg-libxfixes-6.0.2-h7cc23a3_1
#7 158.6 Linking xorg-libxt-1.3.1-h7cc23a3_1
#7 158.6 Linking xorg-libxrender-0.9.12-hb03c661_1
#7 158.6 Linking xorg-libxext-1.3.7-h7cc23a3_1
#7 158.6 Linking gawk-5.4.1-h0a3468a_0
#7 158.7 Linking perl-db_file-1.858-pl5321hb9d3cd8_0
#7 158.7 Linking gnutls-3.8.13-h18acefa_0
#7 158.7 Linking libglib-2.80.2-hf974151_0
#7 158.7 Linking libtiff-4.6.0-h1dd3fc0_3
#7 158.7 Linking openmpi-4.1.6-hc5af2df_101
#7 158.8 warning  libmamba Executing post-link script for package 'openmpi'.
#7 158.8  
#7 158.8 For Linux 64, Open MPI is built with CUDA awareness but this support is disabled by default.
#7 158.8 To enable it, please set the environment variable OMPI_MCA_opal_cuda_support=true before
#7 158.8 launching your MPI processes. Equivalently, you can set the MCA parameter in the command line:
#7 158.8 mpiexec --mca opal_cuda_support 1 ...
#7 158.8  
#7 158.8 In addition, the UCX support is also built but disabled by default.
#7 158.8 To enable it, first install UCX (conda install -c conda-forge ucx). Then, set the environment
#7 158.8 variables OMPI_MCA_pml="ucx" OMPI_MCA_osc="ucx" before launching your MPI processes.
#7 158.8 Equivalently, you can set the MCA parameters in the command line:
#7 158.8 mpiexec --mca pml ucx --mca osc ucx ...
#7 158.8 Note that you might also need to set UCX_MEMTYPE_CACHE=n for CUDA awareness via UCX.
#7 158.8 Please consult UCX's documentation for detail.
#7 158.8  
#7 158.8 
#7 158.8 Linking freetype-2.12.1-h267a509_2
#7 158.8 Linking perl-exception-class-1.45-pl5321ha770c72_0
#7 158.8 Linking perl-module-build-0.4234-pl5321ha770c72_1
#7 158.8 Linking perl-clone-0.46-pl5321hb9d3cd8_1
#7 158.8 Linking libcblas-3.11.0-11_h0358290_openblas
#7 158.9 Linking xorg-libxi-1.8.3-h7cc23a3_1
#7 158.9 Linking mafft-7.526-h4bc722e_0
#7 158.9 Linking lcms2-2.16-hb7c19ff_0
#7 158.9 Linking fontconfig-2.14.2-h14ed4e7_0
#7 158.9 Linking gsl-2.7-he838d99_0
#7 159.0 Linking xorg-libxtst-1.2.5-h7cc23a3_4
#7 159.0 Linking font-ttf-dejavu-sans-mono-2.37-hab24e00_0
#7 159.0 Linking font-ttf-inconsolata-3.000-h77eed37_0
#7 159.0 Linking font-ttf-source-code-pro-2.038-h77eed37_0
#7 159.0 Linking font-ttf-ubuntu-0.83-h77eed37_3
#7 159.0 Linking ca-certificates-2026.7.22-hbd8a1cb_0
#7 159.0 Linking perl-algorithm-diff-1.201-pl5321hd8ed1ab_0
#7 159.0 Linking perl-common-sense-3.75-pl5321hd8ed1ab_0
#7 159.0 Linking perl-exporter-tiny-1.002002-pl5321hd8ed1ab_0
#7 159.0 Linking perl-test-deep-1.130-pl5321hd8ed1ab_0
#7 159.0 Linking perl-xml-sax-base-1.09-pl5321hd8ed1ab_0
#7 159.0 Linking perl-test-needs-0.002009-pl5321hd8ed1ab_0
#7 159.0 Linking perl-extutils-makemaker-7.70-pl5321hd8ed1ab_0
#7 159.0 Linking perl-constant-1.33-pl5321hd8ed1ab_0
#7 159.0 Linking parallel-20260722-hd8ed1ab_0
#7 159.0 Linking perl-parent-0.243-pl5321hd8ed1ab_0
#7 159.0 Linking perl-base-2.23-pl5321hd8ed1ab_0
#7 159.0 Linking perl-exporter-5.74-pl5321hd8ed1ab_0
#7 159.0 Linking perl-test-warn-0.37-pl5321hd8ed1ab_0
#7 159.0 Linking perl-test-exception-0.43-pl5321hd8ed1ab_0
#7 159.0 Linking fonts-conda-forge-1-hc364b38_1
#7 159.0 Linking perl-text-diff-1.45-pl5321hd8ed1ab_0
#7 159.0 Linking perl-xml-namespacesupport-1.12-pl5321hd8ed1ab_0
#7 159.0 Linking perl-file-path-2.18-pl5321hd8ed1ab_0
#7 159.0 Linking perl-carp-1.50-pl5321hd8ed1ab_0
#7 159.0 Linking fonts-conda-ecosystem-1-0
#7 159.0 Linking perl-business-isbn-data-20210112.006-pl5321hd8ed1ab_0
#7 159.0 Linking perl-file-temp-0.2304-pl5321hd8ed1ab_0
#7 159.0 Linking perl-business-isbn-3.007-pl5321hd8ed1ab_0
#7 159.0 Linking perl-xml-sax-1.02-pl5321hd8ed1ab_0
#7 159.0 Linking perl-xml-sax-expat-0.51-pl5321hd8ed1ab_0
#7 159.0 Linking viennarna-2.4.7-py36_2
#7 159.2 Linking prodigal-2.6.3-h7b50bb2_10
#7 159.2 Linking paml-4.10.10-h87e0c26_2
#7 159.2 Linking aragorn-1.2.41-h7b50bb2_5
#7 159.2 Linking muscle-5.3-h9948957_3
#7 159.2 Linking ncbi-vdb-3.4.1-hd63eeec_0
#7 159.2 Linking clustalw-2.1-hc52dbad_13
#7 159.2 Linking clustalo-1.2.4-h503566f_10
#7 159.2 Linking perl-list-moreutils-xs-0.430-pl5321h7b50bb2_5
#7 159.2 Linking perl-url-encode-0.03-pl5321h9ee0642_1
#7 159.2 Linking perl-data-dump-1.25-pl5321h7b50bb2_2
#7 159.2 Linking perl-socket-2.027-pl5321h5c03b87_6
#7 159.2 Linking infernal-1.1.5-pl5321h7b50bb2_4
#7 159.2 Linking bedtools-2.31.1-hf5e1c6e_2
#7 159.3 Linking rpsbproc-0.5.0-h6a68c12_1
#7 159.3 Linking tbl2asn-forever-25.7.2f-h7b50bb2_6
#7 159.3 Linking blast-legacy-2.2.26-hf7ff83a_5
#7 159.3 Linking hmmer-3.4-h7d74f8d_5
#7 159.3 Linking poa-2.0-h7b50bb2_6
#7 159.3 Linking perl-io-zlib-1.15-pl5321hdfd78af_1
#7 159.3 Linking perl-html-tagset-3.24-pl5321hdfd78af_0
#7 159.3 Linking perl-io-html-1.004-pl5321hdfd78af_0
#7 159.3 Linking perl-mozilla-ca-20260813-pl5321hdfd78af_0
#7 159.3 Linking perl-timedate-2.35-pl5321hdfd78af_0
#7 159.3 Linking perl-digest-hmac-1.05-pl5321hdfd78af_0
#7 159.3 Linking perl-file-sort-1.01-pl5321hdfd78af_3
#7 159.3 Linking perl-getopt-long-2.58-pl5321hdfd78af_0
#7 159.3 Linking perl-io-string-1.08-pl5321hdfd78af_4
#7 159.3 Linking perl-file-spec-3.48_01-pl5321hdfd78af_2
#7 159.3 Linking perl-module-load-0.34-pl5321hdfd78af_0
#7 159.3 Linking perl-xml-xpathengine-0.14-pl5321hdfd78af_3
#7 159.3 Linking perl-xml-regexp-0.04-pl5321hdfd78af_3
#7 159.3 Linking perl-ipc-run-20250809.0-pl5321hdfd78af_0
#7 159.3 Linking perl-libxml-perl-0.08-pl5321hdfd78af_3
#7 159.3 Linking perl-bioperl-core-1.7.8-pl5321hdfd78af_1
#7 159.3 Linking perl-types-serialiser-1.01-pl5321hdfd78af_0
#7 159.3 Linking perl-time-local-1.35-pl5321hdfd78af_0
#7 159.3 Linking perl-test-fatal-0.016-pl5321hdfd78af_0
#7 159.3 Linking perl-lwp-mediatypes-6.04-pl5321hdfd78af_1
#7 159.3 Linking perl-xml-simple-2.25-pl5321hdfd78af_2
#7 159.3 Linking perl-list-moreutils-0.430-pl5321hdfd78af_0
#7 159.3 Linking perl-test-requiresinternet-0.05-pl5321hdfd78af_1
#7 159.3 Linking barrnap-0.9-hdfd78af_4
#7 159.3 Linking perl-ntlm-1.09-pl5321hdfd78af_5
#7 159.3 Linking perl-bio-searchio-hmmer-1.7.3-pl5321hdfd78af_0
#7 159.3 Linking perl-http-date-6.08-pl5321hdfd78af_0
#7 159.3 Linking perl-file-listing-6.16-pl5321hdfd78af_0
#7 159.3 Linking perl-http-cookiejar-lwp-0.014-pl5321hdfd78af_0
#7 159.3 Linking cairo-1.16.0-he5ede1b_6
#7 159.4 Linking harfbuzz-10.2.0-hf296adc_0
#7 159.4 Linking openssl-3.6.4-h781a0a9_0
#7 159.4 Linking perl-encode-3.24-pl5321hb03c661_0
#7 159.4 Linking perl-test-differences-0.72-pl5321ha770c72_0
#7 159.4 Linking perl-pathtools-3.75-pl5321hb9d3cd8_2
#7 159.4 Linking perl-uri-5.37-pl5321ha770c72_0
#7 159.4 Linking libnghttp2-1.58.0-h47da74e_1
#7 159.4 Linking libssh2-1.11.0-h0841786_0
#7 159.4 Linking krb5-1.21.3-h659f571_0
#7 159.4 Linking perl-net-ssleay-1.92-pl5321hf14f497_1
#7 159.4 Linking wget-1.21.4-hda4d442_0
#7 159.4 Linking libcurl-8.8.0-hca28451_1
#7 159.4 Linking libcups-2.3.3-h4637d8d_4
#7 159.4 Linking curl-8.8.0-he654da7_1
#7 159.4 Linking openjdk-22.0.1-hb622114_0
#7 159.7 Linking perl-bio-samtools-1.43-pl5321he4a0461_4
#7 159.7 Linking perl-json-xs-4.04-pl5321h9948957_0
#7 159.7 Linking perl-io-compress-2.216-pl5321h503566f_0
#7 159.7 Linking entrez-direct-22.4-he881be0_0
#7 159.7 Linking perl-file-slurper-0.014-pl5321hdfd78af_0
#7 159.7 Linking perl-encode-locale-1.05-pl5321hdfd78af_7
#7 159.7 Linking perl-test-most-0.42-pl5321hdfd78af_0
#7 159.7 Linking perl-www-robotrules-6.03-pl5321hdfd78af_0
#7 159.7 Linking minced-0.4.2-hdfd78af_1
#7 159.7 Linking perl-bioperl-run-1.007003-pl5321hdfd78af_0
#7 159.7 Linking perl-json-4.11-pl5321hdfd78af_0
#7 159.7 Linking perl-archive-tar-3.12-pl5321hdfd78af_0
#7 159.7 Linking perl-tree-dag_node-1.39-pl5321hdfd78af_0
#7 159.7 Linking perl-http-message-7.04-pl5321hdfd78af_0
#7 159.7 Linking perl-bio-asn1-entrezgene-1.73-pl5321hdfd78af_3
#7 159.7 Linking perl-bio-coordinate-1.007001-pl5321hdfd78af_3
#7 159.7 Linking perl-bio-tools-phylo-paml-1.7.3-pl5321hdfd78af_3
#7 159.8 Linking perl-bio-tools-run-alignment-clustalw-1.7.4-pl5321hdfd78af_3
#7 159.8 Linking perl-http-daemon-6.17-pl5321hdfd78af_0
#7 159.8 Linking perl-http-cookies-6.12-pl5321hdfd78af_0
#7 159.8 Linking perl-http-negotiate-6.01-pl5321hdfd78af_4
#7 159.8 Linking perl-io-socket-ssl-2.075-pl5321hd8ed1ab_0
#7 159.8 Linking blast-2.16.0-hc155240_3
#7 159.8 warning  libmamba [blast-2.16.0-hc155240_3] The following files were already present in the environment:
#7 159.8     - bin/rpsblast
#7 159.8 Linking perl-html-parser-3.81-pl5321h4ac6f70_1
#7 159.8 Linking t-coffee-12.00.7fb08c2-h26a2512_0
#7 159.8 Linking perl-net-http-6.24-pl5321hdfd78af_0
#7 159.8 Linking perl-bio-tools-run-alignment-tcoffee-1.7.4-pl5321hdfd78af_5
#7 159.8 Linking perl-lwp-protocol-https-6.17-pl5321hdfd78af_0
#7 159.8 Linking perl-libwww-perl-6.83-pl5321hdfd78af_0
#7 159.8 Linking perl-xml-dom-1.46-pl5321hdfd78af_1
#7 159.8 Linking perl-xml-dom-xpath-0.14-pl5321hdfd78af_2
#7 159.8 Linking perl-bio-featureio-1.6.905-pl5321hdfd78af_4
#7 159.8 Linking perl-bioperl-1.7.8-hdfd78af_1
#7 159.8 Linking prokka-1.15.6-pl5321hdfd78af_0
#7 159.8 
#7 159.8 Transaction finished
#7 159.8 
#7 159.8 
#7 159.8 To activate this environment, use:
#7 159.8 
#7 159.8     mamba activate prokka
#7 159.8 
#7 159.8 Or to execute a single command in this environment, use:
#7 159.8 
#7 159.8     mamba run -n prokka mycommand
#7 159.8 
#7 160.5 There are no unused tarball(s) to remove.
#7 160.5 Will remove 1 index cache(s).
#7 160.5 There are no unused package(s) to remove.
#7 160.5 There are no tempfile(s) to remove.
#7 160.5 There are no logfile(s) to remove.
#7 DONE 162.0s

#8 exporting to image
#8 exporting layers
#8 exporting layers 18.5s done
#8 writing image sha256:ad671cdb37248b858e3daf31eb99af009bfcd3bd544ae48f715b79477c8c8e45 done
#8 naming to ghcr.io/bdrd-genomics/allinone-prokka:1.0.0 0.0s done
#8 naming to ghcr.io/bdrd-genomics/allinone-prokka:latest 0.0s done
#8 DONE 18.6s
SUCCESS: ghcr.io/bdrd-genomics/allinone-prokka

==================================================
Building: ghcr.io/bdrd-genomics/allinone-python_reports:1.0.0
Dockerfile: Dockerfile.python_reports
==================================================
#0 building with "default" instance using docker driver

#1 [internal] load build definition from Dockerfile.python_reports
#1 transferring dockerfile: 460B done
#1 DONE 0.0s

#2 [internal] load metadata for ghcr.io/bdrd-genomics/allinone-conda-base:1.0.1
#2 DONE 0.0s

#3 [internal] load .dockerignore
#3 transferring context: 2B done
#3 DONE 0.0s

#4 [1/3] FROM ghcr.io/bdrd-genomics/allinone-conda-base:1.0.1
#4 CACHED

#5 [internal] load build context
#5 transferring context: 2B done
#5 DONE 0.0s

#6 [2/3] COPY env/environment.python_reports.yml /tmp/environment.yml
#6 ERROR: failed to calculate checksum of ref f9230d27-738a-4571-adac-aa37bc44adee::hn14glwlppxxdlk16dh5ynkpf: "/env/environment.python_reports.yml": not found
------
 > [2/3] COPY env/environment.python_reports.yml /tmp/environment.yml:
------
Dockerfile.python_reports:3
--------------------
   1 |     FROM ghcr.io/bdrd-genomics/allinone-conda-base:1.0.1
   2 |     
   3 | >>> COPY env/environment.python_reports.yml /tmp/environment.yml
   4 |     
   5 |     RUN /opt/conda/bin/mamba env create -n python_reports -f /tmp/environment.yml \
--------------------
ERROR: failed to build: failed to solve: failed to compute cache key: failed to calculate checksum of ref f9230d27-738a-4571-adac-aa37bc44adee::hn14glwlppxxdlk16dh5ynkpf: "/env/environment.python_reports.yml": not found
FAILED: ghcr.io/bdrd-genomics/allinone-python_reports

==================================================
Building: ghcr.io/bdrd-genomics/allinone-python_utils:1.0.0
Dockerfile: Dockerfile.python_utils
==================================================
#0 building with "default" instance using docker driver

#1 [internal] load build definition from Dockerfile.python_utils
#1 transferring dockerfile: 452B done
#1 DONE 0.0s

#2 [internal] load metadata for ghcr.io/bdrd-genomics/allinone-conda-base:1.0.1
#2 DONE 0.0s

#3 [internal] load .dockerignore
#3 transferring context: 2B done
#3 DONE 0.0s

#4 [1/3] FROM ghcr.io/bdrd-genomics/allinone-conda-base:1.0.1
#4 CACHED

#5 [internal] load build context
#5 transferring context: 2B done
#5 DONE 0.1s

#6 [2/3] COPY env/environment.python_utils.yml /tmp/environment.yml
#6 ERROR: failed to calculate checksum of ref f9230d27-738a-4571-adac-aa37bc44adee::ybgifvsltun1qer283wewsk2v: "/env/environment.python_utils.yml": not found
------
 > [2/3] COPY env/environment.python_utils.yml /tmp/environment.yml:
------
Dockerfile.python_utils:3
--------------------
   1 |     FROM ghcr.io/bdrd-genomics/allinone-conda-base:1.0.1
   2 |     
   3 | >>> COPY env/environment.python_utils.yml /tmp/environment.yml
   4 |     
   5 |     RUN /opt/conda/bin/mamba env create -n python_utils -f /tmp/environment.yml \
--------------------
ERROR: failed to build: failed to solve: failed to compute cache key: failed to calculate checksum of ref f9230d27-738a-4571-adac-aa37bc44adee::ybgifvsltun1qer283wewsk2v: "/env/environment.python_utils.yml": not found
FAILED: ghcr.io/bdrd-genomics/allinone-python_utils

==================================================
Building: ghcr.io/bdrd-genomics/allinone-readmapping_auto:1.0.0
Dockerfile: Dockerfile.readmapping_auto
==================================================
#0 building with "default" instance using docker driver

#1 [internal] load build definition from Dockerfile.readmapping_auto
#1 transferring dockerfile: 468B done
#1 DONE 0.0s

#2 [internal] load metadata for ghcr.io/bdrd-genomics/allinone-conda-base:1.0.1
#2 DONE 0.0s

#3 [internal] load .dockerignore
#3 transferring context: 2B done
#3 DONE 0.0s

#4 [1/3] FROM ghcr.io/bdrd-genomics/allinone-conda-base:1.0.1
#4 CACHED

#5 [internal] load build context
#5 transferring context: 2B done
#5 DONE 0.1s

#6 [2/3] COPY env/environment.readmapping_auto.yml /tmp/environment.yml
#6 ERROR: failed to calculate checksum of ref f9230d27-738a-4571-adac-aa37bc44adee::m6qnxe90n4fxjluhn8neyu1xh: "/env/environment.readmapping_auto.yml": not found
------
 > [2/3] COPY env/environment.readmapping_auto.yml /tmp/environment.yml:
------
Dockerfile.readmapping_auto:3
--------------------
   1 |     FROM ghcr.io/bdrd-genomics/allinone-conda-base:1.0.1
   2 |     
   3 | >>> COPY env/environment.readmapping_auto.yml /tmp/environment.yml
   4 |     
   5 |     RUN /opt/conda/bin/mamba env create -n readmapping_auto -f /tmp/environment.yml \
--------------------
ERROR: failed to build: failed to solve: failed to compute cache key: failed to calculate checksum of ref f9230d27-738a-4571-adac-aa37bc44adee::m6qnxe90n4fxjluhn8neyu1xh: "/env/environment.readmapping_auto.yml": not found
FAILED: ghcr.io/bdrd-genomics/allinone-readmapping_auto

==================================================
Building: ghcr.io/bdrd-genomics/allinone-rgi:1.0.0
Dockerfile: Dockerfile.rgi
==================================================
#0 building with "default" instance using docker driver

#1 [internal] load build definition from Dockerfile.rgi
#1 transferring dockerfile: 499B done
#1 DONE 0.0s

#2 [internal] load metadata for ghcr.io/bdrd-genomics/allinone-conda-base:1.0.1
#2 DONE 0.0s

#3 [internal] load .dockerignore
#3 transferring context: 2B done
#3 DONE 0.0s

#4 [1/3] FROM ghcr.io/bdrd-genomics/allinone-conda-base:1.0.1
#4 CACHED

#5 [internal] load build context
#5 transferring context: 187B done
#5 DONE 0.1s

#6 [2/3] COPY environment.rgi.yml /tmp/environment.yml
#6 DONE 0.1s

#7 [3/3] RUN /opt/conda/bin/mamba env create -f /tmp/environment.yml &&     /opt/conda/bin/conda clean -a -y
#7 0.484 warning  libmamba 'repo.anaconda.com', a commercial channel hosted by Anaconda.com, is used.
#7 0.484     
#7 0.484 warning  libmamba Please make sure you understand Anaconda Terms of Services.
#7 0.484     
#7 0.484 warning  libmamba See: https://legal.anaconda.com/policies/en/
#7 1.106 ⚠ Shard Index for pkgs/main/linux-64 not available, falling back to flat repodata
#7 1.106 Using Flat Repodata for pkgs/main/linux-64                                                      ✔ Starting
#7 1.700 Using Flat Repodata for pkgs/main/linux-64                                                ✔ Done (0.6 sec)
#7 1.700 ⚠ Shard Index for pkgs/main/noarch not available, falling back to flat repodata
#7 1.700 Using Flat Repodata for pkgs/main/noarch                                                        ✔ Starting
#7 1.742 Using Flat Repodata for pkgs/main/noarch                                                  ✔ Done (0.0 sec)
#7 1.742 ⚠ Shard Index for pkgs/r/linux-64 not available, falling back to flat repodata
#7 1.742 Using Flat Repodata for pkgs/r/linux-64                                                         ✔ Starting
#7 1.812 Using Flat Repodata for pkgs/r/linux-64                                                   ✔ Done (0.1 sec)
#7 1.812 ⚠ Shard Index for pkgs/r/noarch not available, falling back to flat repodata
#7 1.812 Using Flat Repodata for pkgs/r/noarch                                                           ✔ Starting
#7 1.903 Using Flat Repodata for pkgs/r/noarch                                                     ✔ Done (0.1 sec)
#7 2.240 Fetch Shard Index for conda-forge/linux-64                                                      ⧖ Starting
#7 2.409 Fetch Shard Index for conda-forge/linux-64                                                ✔ Done (0.2 sec)
#7 2.409 Fetch Shard Index for conda-forge/noarch                                                        ⧖ Starting
#7 2.604 Fetch Shard Index for conda-forge/noarch                                                  ✔ Done (0.2 sec)
#7 2.604 Fetching and Parsing Packages' Shards                                                           ⧖ Starting
#7 2.604 Fetching and Parsing Packages' Shards                                                     ✔ Done (0.0 sec)
#7 3.307 Using Flat Repodata for conda-forge/linux-64                                                    ✔ Starting
#7 9.802 Using Flat Repodata for conda-forge/linux-64                                              ✔ Done (6.5 sec)
#7 9.808 Using Cached Shard Index for conda-forge/noarch                                                     ✔ Done
#7 9.812 Using Cached Shard Index for conda-forge/linux-64                                                   ✔ Done
#7 9.812 Fetching and Parsing Packages' Shards                                                           ⧖ Starting
#7 9.812 Fetching and Parsing Packages' Shards                                                     ✔ Done (0.0 sec)
#7 10.27 Using Flat Repodata for conda-forge/noarch                                                      ✔ Starting
#7 12.88 Using Flat Repodata for conda-forge/noarch                                                ✔ Done (2.6 sec)
#7 12.88 Fetch Shard Index for bioconda/linux-64                                                         ⧖ Starting
#7 13.05 Fetch Shard Index for bioconda/linux-64                                                   ✔ Done (0.2 sec)
#7 13.05 Fetch Shard Index for bioconda/noarch                                                           ⧖ Starting
#7 13.21 Fetch Shard Index for bioconda/noarch                                                     ✔ Done (0.2 sec)
#7 13.21 Fetching and Parsing Packages' Shards                                                           ⧖ Starting
#7 15.65 Fetching and Parsing Packages' Shards                                                     ✔ Done (2.4 sec)
#7 15.67 Using Cached Shard Index for conda-forge/linux-64                                                   ✔ Done
#7 15.68 Using Cached Shard Index for conda-forge/noarch                                                     ✔ Done
#7 15.68 Fetching and Parsing Packages' Shards                                                           ⧖ Starting
#7 25.57 Fetching and Parsing Packages' Shards                                                     ✔ Done (9.9 sec)
#7 26.10 Using Cached Shard Index for bioconda/linux-64                                                      ✔ Done
#7 26.10 Using Cached Shard Index for bioconda/noarch                                                        ✔ Done
#7 26.10 Fetching and Parsing Packages' Shards                                                           ⧖ Starting
#7 26.44 Fetching and Parsing Packages' Shards                                                     ✔ Done (0.3 sec)
#7 26.45 Parsing Packages' Records                                                                ✔ Done (25.3 sec)
#7 26.46 
#7 26.46 Resolving Environment                                                                           ⧖ Starting
#7 63.94 Resolving Environment                                                                    ✔ Done (37.5 sec)
#7 64.23 ⚠ Shard Index for pkgs/main/linux-64 not available, falling back to flat repodata
#7 64.23 Using Flat Repodata for pkgs/main/linux-64                                                      ✔ Starting
#7 64.34 Using Flat Repodata for pkgs/main/linux-64                                                ✔ Done (0.1 sec)
#7 64.34 ⚠ Shard Index for pkgs/main/noarch not available, falling back to flat repodata
#7 64.34 Using Flat Repodata for pkgs/main/noarch                                                        ✔ Starting
#7 64.35 Using Flat Repodata for pkgs/main/noarch                                                  ✔ Done (0.0 sec)
#7 64.35 ⚠ Shard Index for pkgs/r/linux-64 not available, falling back to flat repodata
#7 64.35 Using Flat Repodata for pkgs/r/linux-64                                                         ✔ Starting
#7 64.37 Using Flat Repodata for pkgs/r/linux-64                                                   ✔ Done (0.0 sec)
#7 64.37 ⚠ Shard Index for pkgs/r/noarch not available, falling back to flat repodata
#7 64.37 Using Flat Repodata for pkgs/r/noarch                                                           ✔ Starting
#7 64.39 Using Flat Repodata for pkgs/r/noarch                                                     ✔ Done (0.0 sec)
#7 64.72 Using Cached Shard Index for conda-forge/linux-64                                                   ✔ Done
#7 64.72 Using Cached Shard Index for conda-forge/noarch                                                     ✔ Done
#7 64.72 Fetching and Parsing Packages' Shards                                                           ⧖ Starting
#7 64.72 Fetching and Parsing Packages' Shards                                                     ✔ Done (0.0 sec)
#7 64.72 Using Flat Repodata for conda-forge/linux-64                                                    ✔ Starting
#7 66.64 Using Flat Repodata for conda-forge/linux-64                                              ✔ Done (1.9 sec)
#7 66.64 Using Cached Shard Index for conda-forge/noarch                                                     ✔ Done
#7 66.65 Using Cached Shard Index for conda-forge/linux-64                                                   ✔ Done
#7 66.65 Fetching and Parsing Packages' Shards                                                           ⧖ Starting
#7 66.65 Fetching and Parsing Packages' Shards                                                     ✔ Done (0.0 sec)
#7 66.65 Using Flat Repodata for conda-forge/noarch                                                      ✔ Starting
#7 67.88 Using Flat Repodata for conda-forge/noarch                                                ✔ Done (1.2 sec)
#7 67.88 Using Cached Shard Index for bioconda/linux-64                                                      ✔ Done
#7 67.89 Using Cached Shard Index for bioconda/noarch                                                        ✔ Done
#7 67.89 Fetching and Parsing Packages' Shards                                                           ⧖ Starting
#7 68.03 Fetching and Parsing Packages' Shards                                                     ✔ Done (0.1 sec)
#7 68.05 Using Cached Shard Index for conda-forge/linux-64                                                   ✔ Done
#7 68.06 Using Cached Shard Index for conda-forge/noarch                                                     ✔ Done
#7 68.06 Fetching and Parsing Packages' Shards                                                           ⧖ Starting
#7 72.57 Fetching and Parsing Packages' Shards                                                     ✔ Done (4.5 sec)
#7 74.06 Using Cached Shard Index for bioconda/linux-64                                                      ✔ Done
#7 74.06 Using Cached Shard Index for bioconda/noarch                                                        ✔ Done
#7 74.06 Fetching and Parsing Packages' Shards                                                           ⧖ Starting
#7 74.22 Fetching and Parsing Packages' Shards                                                     ✔ Done (0.2 sec)
#7 74.24 Parsing Packages' Records                                                                ✔ Done (10.0 sec)
#7 74.32 
#7 74.32 Resolving Environment                                                                           ⧖ Starting
#7 138.3 Resolving Environment                                                                    ✔ Done (64.0 sec)
#7 138.3 
#7 138.3 Transaction
#7 138.3 
#7 138.3   Prefix: /opt/conda/envs/rgi
#7 138.3 
#7 138.3   Updating specs:
#7 138.3 
#7 138.3    - rgi
#7 138.3 
#7 138.3 
#7 138.5 warning  libmamba Security Warning: This transaction includes executing package scripts (pre/post-link/unlink) if present. These scripts can contain arbitrary code. Please ensure you trust the package sources.
#7 138.5   Package                                  Version  Build                 Channel           Size
#7 138.5 ──────────────────────────────────────────────────────────────────────────────────────────────────
#7 138.5   Install:
#7 138.5 ──────────────────────────────────────────────────────────────────────────────────────────────────
#7 138.5 
#7 138.5   + _openmp_mutex                              4.5  20_gnu                conda-forge       29kB
#7 138.5   + archspec                                 0.2.5  pyhd8ed1ab_0          conda-forge     Cached
#7 138.5   + aws-c-auth                              0.10.4  hb7a77c6_1            conda-forge      135kB
#7 138.5   + aws-c-cal                               0.9.14  h2aa3ae6_4            conda-forge       57kB
#7 138.5   + aws-c-common                            0.14.2  hb03c661_0            conda-forge      246kB
#7 138.5   + aws-c-compression                        0.3.2  h720e601_4            conda-forge       22kB
#7 138.5   + aws-c-event-stream                       0.7.1  h6ffeea8_4            conda-forge       60kB
#7 138.5   + aws-c-http                              0.11.0  h38ae05a_4            conda-forge      231kB
#7 138.5   + aws-c-io                                0.27.3  h6f4d18d_1            conda-forge      183kB
#7 138.5   + aws-c-mqtt                              0.16.0  h21f4ec5_2            conda-forge      225kB
#7 138.5   + aws-c-s3                                0.12.8  h46fcd08_1            conda-forge      156kB
#7 138.5   + aws-c-sdkutils                           0.2.7  h720e601_2            conda-forge       69kB
#7 138.5   + aws-checksums                           0.2.10  h720e601_4            conda-forge      102kB
#7 138.5   + aws-crt-cpp                             0.40.1  h102d43b_3            conda-forge      416kB
#7 138.5   + aws-sdk-cpp                           1.11.833  hc7390e0_9            conda-forge        3MB
#7 138.5   + azure-core-cpp                          1.16.3  h206d751_0            conda-forge      349kB
#7 138.5   + azure-identity-cpp                      1.13.3  h71f81a8_2            conda-forge      251kB
#7 138.5   + azure-storage-blobs-cpp                12.18.0  h74b55db_1            conda-forge      590kB
#7 138.5   + azure-storage-common-cpp               12.14.0  hf596fc9_1            conda-forge      159kB
#7 138.5   + azure-storage-files-datalake-cpp       12.16.0  h1f05bef_1            conda-forge      309kB
#7 138.5   + backports.zstd                           1.7.0  py313h8f72f4d_1       conda-forge      244kB
#7 138.5   + bamtools                                 2.5.2  h077b44d_6            bioconda         893kB
#7 138.5   + beautifulsoup4                          4.15.0  pyha770c72_0          conda-forge       93kB
#7 138.5   + bedtools                                2.31.1  h13024bc_3            bioconda           2MB
#7 138.5   + biopython                                 1.88  py313h995f894_1       conda-forge        3MB
#7 138.5   + blast                                   2.16.0  h66d330f_5            bioconda         148MB
#7 138.5   + bokeh                                   3.10.0  pyhd8ed1ab_0          conda-forge        4MB
#7 138.5   + bowtie2                                  2.5.5  h63e9258_1            bioconda          11MB
#7 138.5   + brotli                                   1.2.0  h505cf86_4            conda-forge       21kB
#7 138.5   + brotli-bin                               1.2.0  h9908984_4            conda-forge       22kB
#7 138.5   + brotli-python                            1.2.0  py313h2fc2bef_4       conda-forge      368kB
#7 138.5   + bwa                                     0.7.19  h577a1d6_1            bioconda         654kB
#7 138.5   + bzip2                                    1.0.8  hda65f42_10           conda-forge     Cached
#7 138.5   + c-ares                                  1.34.8  hebe6cf0_2            conda-forge     Cached
#7 138.5   + ca-certificates                      2026.7.22  hbd8a1cb_0            conda-forge     Cached
#7 138.5   + cairo                                   1.18.4  h3c89d7e_3            conda-forge      991kB
#7 138.5   + certifi                              2026.7.22  pyhd8ed1ab_0          conda-forge     Cached
#7 138.5   + charset-normalizer                       3.5.1  pyhd8ed1ab_0          conda-forge     Cached
#7 138.5   + click                                    8.5.0  pyh5ded981_0          conda-forge      112kB
#7 138.5   + cloudpickle                              3.1.2  pyhcf101f3_1          conda-forge       27kB
#7 138.5   + colorama                                 0.4.6  pyhd8ed1ab_1          conda-forge     Cached
#7 138.5   + contourpy                                1.4.0  py313h2551ef2_1       conda-forge      330kB
#7 138.5   + curl                                    8.22.0  ha042cf0_0            conda-forge      197kB
#7 138.5   + cycler                                  0.12.1  pyhcf101f3_2          conda-forge       15kB
#7 138.5   + cytoolz                                  1.1.0  py313h995f894_3       conda-forge      661kB
#7 138.5   + dask                                  2026.8.0  pyhc364b38_0          conda-forge       10kB
#7 138.5   + dask-core                             2026.8.0  pyhc364b38_0          conda-forge        1MB
#7 138.5   + diamond                                  2.2.8  he361c42_0            bioconda           3MB
#7 138.5   + distributed                           2026.8.0  pyhc364b38_0          conda-forge      841kB
#7 138.5   + entrez-direct                             22.4  he881be0_0            bioconda          15MB
#7 138.5   + exceptiongroup                           1.3.1  pyhd8ed1ab_0          conda-forge       21kB
#7 138.5   + filetype                                 1.2.0  pyhd8ed1ab_0          conda-forge       20kB
#7 138.5   + font-ttf-dejavu-sans-mono                 2.37  hab24e00_0            conda-forge      397kB
#7 138.5   + font-ttf-inconsolata                     3.000  h77eed37_0            conda-forge       97kB
#7 138.5   + font-ttf-source-code-pro                 2.038  h77eed37_0            conda-forge      701kB
#7 138.5   + font-ttf-ubuntu                           0.83  h77eed37_3            conda-forge        2MB
#7 138.5   + fontconfig                              2.18.3  h4db4eae_1            conda-forge      296kB
#7 138.5   + fonts-conda-ecosystem                        1  0                     conda-forge        4kB
#7 138.5   + fonts-conda-forge                            1  hc364b38_1            conda-forge        4kB
#7 138.5   + fonttools                               4.65.0  py313h6cd9899_0       conda-forge        3MB
#7 138.5   + freetype                                2.14.3  ha770c72_2            conda-forge      175kB
#7 138.5   + fribidi                                 1.0.17  h7cc23a3_0            conda-forge       64kB
#7 138.5   + fsspec                                2026.7.0  pyhd8ed1ab_0          conda-forge      152kB
#7 138.5   + gflags                                   2.3.1  h54a6638_0            conda-forge      131kB
#7 138.5   + glog                                     0.7.1  hb7133d2_1            conda-forge      149kB
#7 138.5   + graphite2                               1.3.15  h54a6638_1            conda-forge      103kB
#7 138.5   + h2                                       4.4.1  pyhcf101f3_0          conda-forge     Cached
#7 138.5   + hpack                                    4.2.0  pyhd8ed1ab_0          conda-forge     Cached
#7 138.5   + htslib                                    1.24  ha79157c_0            bioconda           1MB
#7 138.5   + hyperframe                               6.1.0  pyhd8ed1ab_0          conda-forge     Cached
#7 138.5   + icu                                       78.3  py310h44b86e0_2       conda-forge     Cached
#7 138.5   + idna                                      3.20  pyh5ded981_0          conda-forge      179kB
#7 138.5   + importlib-metadata                       9.0.1  pyhcf101f3_0          conda-forge     Cached
#7 138.5   + iniconfig                                2.3.0  pyhd8ed1ab_0          conda-forge       13kB
#7 138.5   + jellyfish                                1.2.1  py313h5c7d99a_1       conda-forge      322kB
#7 138.5   + jinja2                                   3.1.6  pyhcf101f3_1          conda-forge     Cached
#7 138.5   + jpeg                                        9e  h0b41bf4_3            conda-forge      240kB
#7 138.5   + keyutils                                 1.6.3  h7cc23a3_1            conda-forge     Cached
#7 138.5   + kiwisolver                               1.5.1  py313h2551ef2_1       conda-forge       75kB
#7 138.5   + kma                                     1.6.15  h118bc1c_0            bioconda         283kB
#7 138.5   + krb5                                    1.22.2  hbc21106_2            conda-forge     Cached
#7 138.5   + lcms2                                     2.12  hddcbb42_0            conda-forge      453kB
#7 138.5   + ld_impl_linux-64                        2.46.1  default_hbd61a6d_102  conda-forge      745kB
#7 138.5   + libabseil                           20260526.0  cxx17_h0dc7533_2      conda-forge        1MB
#7 138.5   + libarrow                                25.0.0  hcc2f0d9_4_cpu        conda-forge        7MB
#7 138.5   + libarrow-acero                          25.0.0  h635bf11_4_cpu        conda-forge      591kB
#7 138.5   + libarrow-compute                        25.0.0  h53684a4_4_cpu        conda-forge        3MB
#7 138.5   + libarrow-dataset                        25.0.0  h635bf11_4_cpu        conda-forge      591kB
#7 138.5   + libarrow-substrait                      25.0.0  h66fbfdd_4_cpu        conda-forge      500kB
#7 138.5   + libblas                                 3.11.0  11_h4a7cf45_openblas  conda-forge       18kB
#7 138.5   + libbrotlicommon                          1.2.0  h39a168f_4            conda-forge       81kB
#7 138.5   + libbrotlidec                             1.2.0  ha411449_4            conda-forge       35kB
#7 138.5   + libbrotlienc                             1.2.0  h018ffa1_4            conda-forge      298kB
#7 138.5   + libcblas                                3.11.0  11_h0358290_openblas  conda-forge       18kB
#7 138.5   + libcrc32c                                1.1.2  h9c3ff4c_0            conda-forge       20kB
#7 138.5   + libcurl                                 8.22.0  ha042cf0_0            conda-forge     Cached
#7 138.5   + libdeflate                                1.26  h351257e_0            conda-forge       74kB
#7 138.5   + libedit                           3.1.20250104  pl5321h373387f_1      conda-forge     Cached
#7 138.5   + libev                                     4.33  h280c20c_3            conda-forge     Cached
#7 138.5   + libevent                                2.1.12  h5348a74_2            conda-forge      431kB
#7 138.5   + libexpat                                 2.8.1  hecca717_1            conda-forge     Cached
#7 138.5   + libffi                                   3.7.0  h81df57d_1            conda-forge     Cached
#7 138.5   + libfreetype                             2.14.3  ha770c72_2            conda-forge        8kB
#7 138.5   + libfreetype6                            2.14.3  h5e6c136_2            conda-forge      388kB
#7 138.5   + libgcc                                  16.2.0  ha9f2e26_5            conda-forge        1MB
#7 138.5   + libgcc-ng                               16.2.0  h69a702a_5            conda-forge       29kB
#7 138.5   + libgfortran                             16.2.0  h69a702a_5            conda-forge       29kB
#7 138.5   + libgfortran5                            16.2.0  h6b99dfc_5            conda-forge        3MB
#7 138.5   + libglib                                 2.90.0  h569388d_0            conda-forge        5MB
#7 138.5   + libgomp                                 16.2.0  he0feb66_5            conda-forge      642kB
#7 138.5   + libgoogle-cloud                          3.8.0  hbc29df5_0            conda-forge        3MB
#7 138.5   + libgoogle-cloud-storage                  3.8.0  hdbdcf42_0            conda-forge      811kB
#7 138.5   + libgrpc                                 1.82.1  h792040b_0            conda-forge        7MB
#7 138.5   + libharfbuzz                             14.4.0  h23af247_1            conda-forge        1MB
#7 138.5   + libiconv                                  1.18  h0cb94f2_3            conda-forge     Cached
#7 138.5   + libidn2                                  2.3.8  hfac485b_1            conda-forge      139kB
#7 138.5   + liblapack                               3.11.0  11_h47877c9_openblas  conda-forge       18kB
#7 138.5   + liblzma                                  5.8.3  hb03c661_1            conda-forge     Cached
#7 138.5   + liblzma-devel                            5.8.3  hb03c661_1            conda-forge      492kB
#7 138.5   + libmpdec                                 4.0.0  hb03c661_2            conda-forge     Cached
#7 138.5   + libnghttp2                              1.68.1  h74cf4be_1            conda-forge     Cached
#7 138.5   + libopenblas                             0.3.34  pthreads_hf13c14d_2   conda-forge        7MB
#7 138.5   + libopentelemetry-cpp                    1.27.0  h3133023_1            conda-forge      949kB
#7 138.5   + libopentelemetry-cpp-headers            1.27.0  ha770c72_1            conda-forge      395kB
#7 138.5   + libparquet                              25.0.0  h7376487_4_cpu        conda-forge        1MB
#7 138.5   + libpng                                  1.6.58  h922cc85_1            conda-forge      317kB
#7 138.5   + libprotobuf                             7.35.1  h622638d_3            conda-forge        4MB
#7 138.5   + libpsl                                  0.23.1  hd9e3e90_1            conda-forge     Cached
#7 138.5   + libpython                              3.13.15  hdc7f604_103_cp313    conda-forge       10MB
#7 138.5   + libraqm                                 0.11.0  h6406941_0            conda-forge       34kB
#7 138.5   + libre2-11                           2025.11.05  h60473fc_2            conda-forge      211kB
#7 138.5   + libsqlite                               3.53.4  h13e7031_1            conda-forge     Cached
#7 138.5   + libssh2                                 1.11.1  h6154650_1            conda-forge     Cached
#7 138.5   + libstdcxx                               16.2.0  h934c35e_5            conda-forge        7MB
#7 138.5   + libstdcxx-ng                            16.2.0  hdf11a46_5            conda-forge       29kB
#7 138.5   + libthrift                               0.22.0  h7d032f7_2            conda-forge      424kB
#7 138.5   + libtiff                                  4.2.0  hecacb30_2            pkgs/main        478kB
#7 138.5   + libunistring                            0.9.10  h7f98852_0            conda-forge        1MB
#7 138.5   + libutf8proc                             2.11.3  hfe17d71_0            conda-forge       86kB
#7 138.5   + libuuid                                 2.42.3  hcfc3c73_0            conda-forge     Cached
#7 138.5   + libwebp-base                             1.6.0  hd42ef1d_1            conda-forge      428kB
#7 138.5   + libxcb                                  1.17.0  hb83e432_2            conda-forge      395kB
#7 138.5   + libxcrypt                               4.4.38  h280c20c_0            conda-forge      102kB
#7 138.5   + libxml2                                 2.15.4  h7df9aa5_0            conda-forge       47kB
#7 138.5   + libxml2-16                              2.15.4  hf3af7cc_0            conda-forge     Cached
#7 138.5   + libxslt                                 1.1.45  h8e12856_1            conda-forge      250kB
#7 138.5   + libzlib                                  1.3.2  h25fd6f3_3            conda-forge     Cached
#7 138.5   + locket                                   1.0.0  pyhd8ed1ab_0          conda-forge        8kB
#7 138.5   + lxml                                     6.1.3  py313h003a45f_0       conda-forge        2MB
#7 138.5   + lz4                                      4.4.5  py313h557dd98_2       conda-forge       45kB
#7 138.5   + lz4-c                                   1.10.0  hee9eb32_2            conda-forge     Cached
#7 138.5   + markupsafe                               3.0.3  py313h3dea7bd_1       conda-forge       26kB
#7 138.5   + matplotlib-base                         3.11.2  py313he85fb2c_1       conda-forge        9MB
#7 138.5   + msgpack-python                           1.2.2  py313h2551ef2_2       conda-forge      115kB
#7 138.5   + munkres                                  1.1.4  pyhd8ed1ab_1          conda-forge       16kB
#7 138.5   + narwhals                                2.26.0  pyh5ded981_0          conda-forge      297kB
#7 138.5   + ncbi-vdb                                 3.4.1  hd63eeec_0            bioconda           9MB
#7 138.5   + ncurses                                    6.6  hdb14827_1            conda-forge     Cached
#7 138.5   + nlohmann_json                           3.12.0  h54a6638_2            conda-forge      136kB
#7 138.5   + numpy                                    2.5.3  py313hb5f73ae_0       conda-forge        9MB
#7 138.5   + oligoarrayaux                            3.8.1  pl5321h9948957_0      bioconda         172kB
#7 138.5   + openjpeg                                 2.4.0  h9ca470c_2            pkgs/main        372kB
#7 138.5   + openssl                                  3.6.4  h781a0a9_0            conda-forge     Cached
#7 138.5   + orc                                      2.3.1  h443056b_0            conda-forge        1MB
#7 138.5   + packaging                                 26.3  pyhc364b38_0          conda-forge     Cached
#7 138.5   + pandas                                   3.0.6  np2py313h4900a6c_0    conda-forge       15MB
#7 138.5   + partd                                    1.4.2  pyhd8ed1ab_0          conda-forge       21kB
#7 138.5   + pcre2                                    10.47  h8b3dc9c_1            conda-forge        1MB
#7 138.5   + perl                                    5.32.1  9_h7cc23a3_perl5      conda-forge       13MB
#7 138.5   + perl-archive-tar                          3.12  pl5321hdfd78af_0      bioconda          39kB
#7 138.5   + perl-carp                                 1.50  pl5321hd8ed1ab_0      conda-forge       22kB
#7 138.5   + perl-common-sense                         3.75  pl5321hd8ed1ab_0      conda-forge       20kB
#7 138.5   + perl-compress-raw-bzip2                  2.214  pl5321hda65f42_0      conda-forge       56kB
#7 138.5   + perl-compress-raw-zlib                   2.214  pl5321h4dac143_0      conda-forge       81kB
#7 138.5   + perl-encode                               3.24  pl5321hb03c661_0      conda-forge        2MB
#7 138.5   + perl-exporter                             5.74  pl5321hd8ed1ab_0      conda-forge       19kB
#7 138.5   + perl-exporter-tiny                    1.002002  pl5321hd8ed1ab_0      conda-forge       29kB
#7 138.5   + perl-extutils-makemaker                   7.70  pl5321hd8ed1ab_0      conda-forge      157kB
#7 138.5   + perl-io-compress                         2.216  pl5321h503566f_0      bioconda          87kB
#7 138.5   + perl-io-zlib                              1.15  pl5321hdfd78af_1      bioconda          13kB
#7 138.5   + perl-json                                 4.11  pl5321hdfd78af_0      bioconda          53kB
#7 138.5   + perl-json-xs                              4.04  pl5321h9948957_0      bioconda          71kB
#7 138.5   + perl-list-moreutils                      0.430  pl5321hdfd78af_0      bioconda          32kB
#7 138.5   + perl-list-moreutils-xs                   0.430  pl5321h7b50bb2_5      bioconda          52kB
#7 138.5   + perl-parent                              0.243  pl5321hd8ed1ab_0      conda-forge       14kB
#7 138.5   + perl-pathtools                            3.75  pl5321hb9d3cd8_2      conda-forge       51kB
#7 138.5   + perl-scalar-list-utils                    1.70  pl5321hb03c661_0      conda-forge       52kB
#7 138.5   + perl-storable                             3.15  pl5321hb9d3cd8_2      conda-forge       71kB
#7 138.5   + perl-types-serialiser                     1.01  pl5321hdfd78af_0      bioconda          13kB
#7 138.5   + pillow                                  10.4.0  py313h5eee18b_0       pkgs/main        897kB
#7 138.5   + pip                                     26.2.1  pyh145f28c_0          conda-forge     Cached
#7 138.5   + pixman                                  0.46.4  h54a6638_3            conda-forge      377kB
#7 138.5   + pluggy                                   1.6.0  pyhf9edf01_1          conda-forge     Cached
#7 138.5   + prodigal                                 2.6.3  h577a1d6_11           bioconda         602kB
#7 138.5   + prometheus-cpp                           1.3.0  h26ae035_1            conda-forge      196kB
#7 138.5   + psutil                                   7.2.2  py313hd42f317_3       conda-forge      229kB
#7 138.5   + pthread-stubs                              0.4  h7cc23a3_1004         conda-forge       10kB
#7 138.5   + pyahocorasick                            2.1.0  py313h536fd9c_1       conda-forge       40kB
#7 138.5   + pyarrow                                 25.0.0  py313h78bf25f_0       conda-forge       26kB
#7 138.5   + pyarrow-core                            25.0.0  py313h98bfbea_0_cpu   conda-forge        5MB
#7 138.5   + pyfaidx                                0.9.0.4  pyhdfd78af_0          bioconda          37kB
#7 138.5   + pygments                                2.21.0  pyhcf101f3_0          conda-forge      959kB
#7 138.5   + pyparsing                                3.3.2  pyhcf101f3_0          conda-forge      111kB
#7 138.5   + pyrodigal                                3.7.1  py313h8c92656_1       bioconda           3MB
#7 138.5   + pysam                                   0.24.0  py313h4b224ce_1       bioconda           4MB
#7 138.5   + pysocks                                  1.7.1  pyha55dd90_7          conda-forge     Cached
#7 138.5   + pytest                                   9.1.1  pyhc364b38_2          conda-forge      307kB
#7 138.5   + python                                 3.13.15  hf47f18c_103_cp313    conda-forge       24MB
#7 138.5   + python-dateutil                    2.9.0.post0  pyhe01879c_2          conda-forge      233kB
#7 138.5   + python_abi                                3.13  9_cp313               conda-forge        7kB
#7 138.5   + pyvcf3                                   1.0.3  pyhdfd78af_0          bioconda         980kB
#7 138.5   + pyyaml                                   6.0.3  py313h3dea7bd_1       conda-forge      202kB
#7 138.5   + qhull                                   2020.2  h434a139_5            conda-forge      553kB
#7 138.5   + re2                                 2025.11.05  h94463f1_2            conda-forge       27kB
#7 138.5   + readline                                   8.3  hd6e31c0_1            conda-forge     Cached
#7 138.5   + requests                                2.32.4  pyhd8ed1ab_0          conda-forge       59kB
#7 138.5   + rgi                                      6.0.8  pyh05cac1d_0          bioconda           3MB
#7 138.5   + rpsbproc                                 0.5.1  hd6d6fdc_0            bioconda           6MB
#7 138.5   + s2n                                      1.7.5  h7e3ee7f_1            conda-forge      393kB
#7 138.5   + samtools                                1.22.1  h96c455f_0            bioconda         499kB
#7 138.5   + scipy                                   1.18.1  py313he2a5f1a_1       conda-forge       17MB
#7 138.5   + seaborn-base                            0.13.2  pyhd8ed1ab_3          conda-forge      228kB
#7 138.5   + setuptools                              84.0.0  pyh332efcf_0          conda-forge     Cached
#7 138.5   + six                                     1.17.0  pyhe01879c_1          conda-forge       18kB
#7 138.5   + snappy                                   1.2.2  h03e3b7b_1            conda-forge       46kB
#7 138.5   + sortedcontainers                         2.4.0  pyhd8ed1ab_1          conda-forge       29kB
#7 138.5   + soupsieve                                2.9.2  pyhd8ed1ab_0          conda-forge       39kB
#7 138.5   + tblib                                    3.2.2  pyhcf101f3_0          conda-forge       19kB
#7 138.5   + tk                                      8.6.13  noxft_h1df4ec4_4      conda-forge     Cached
#7 138.5   + tomli                                    2.4.1  pyhcf101f3_0          conda-forge     Cached
#7 138.5   + toolz                                    1.1.0  pyhd8ed1ab_1          conda-forge       54kB
#7 138.5   + tornado                                 6.5.10  py313h995f894_0       conda-forge      924kB
#7 138.5   + typing-extensions                       4.16.0  h69aa097_0            conda-forge     Cached
#7 138.5   + typing_extensions                       4.16.0  pyhcf101f3_0          conda-forge     Cached
#7 138.5   + tzdata                                   2026c  h151e31d_0            conda-forge     Cached
#7 138.5   + urllib3                                  2.8.0  pyhd8ed1ab_0          conda-forge      107kB
#7 138.5   + wget                                    1.25.0  h653f8fd_1            conda-forge      746kB
#7 138.5   + xorg-libice                              1.1.2  h280c20c_0            conda-forge       63kB
#7 138.5   + xorg-libsm                               1.2.6  h0d788c3_1            conda-forge       31kB
#7 138.5   + xorg-libx11                             1.8.13  he1eb515_1            conda-forge      840kB
#7 138.5   + xorg-libxau                             1.0.12  h7cc23a3_2            conda-forge       19kB
#7 138.5   + xorg-libxdmcp                            1.1.5  h7cc23a3_2            conda-forge       23kB
#7 138.5   + xorg-libxext                             1.3.7  h7cc23a3_1            conda-forge       53kB
#7 138.5   + xorg-libxrender                         0.9.12  hb03c661_1            conda-forge       35kB
#7 138.5   + xyzservices                           2026.9.1  pyhd8ed1ab_0          conda-forge       54kB
#7 138.5   + xz                                       5.8.3  ha02ee65_1            conda-forge       24kB
#7 138.5   + xz-gpl-tools                             5.8.3  ha02ee65_1            conda-forge       40kB
#7 138.5   + xz-tools                                 5.8.3  hb03c661_1            conda-forge       96kB
#7 138.5   + yaml                                     0.2.5  hebe6cf0_3            conda-forge       85kB
#7 138.5   + zict                                     3.0.0  pyhd8ed1ab_1          conda-forge       36kB
#7 138.5   + zipp                                     4.1.0  pyhcf101f3_0          conda-forge     Cached
#7 138.5   + zlib                                     1.3.2  h25fd6f3_3            conda-forge       96kB
#7 138.5   + zstd                                     1.5.7  hb78ec9c_7            conda-forge     Cached
#7 138.5 
#7 138.5   Summary:
#7 138.5 
#7 138.5   Install: 253 packages
#7 138.5 
#7 138.5   Total download: 418MB
#7 138.5 
#7 138.5 ──────────────────────────────────────────────────────────────────────────────────────────────────
#7 138.5 
#7 138.5 
#7 138.5 Confirm changes: [Y/n] 
#7 138.5 Transaction starting
#7 157.5 Linking libzlib-1.3.2-h25fd6f3_3
#7 157.5 Linking libgomp-16.2.0-he0feb66_5
#7 157.5 Linking nlohmann_json-3.12.0-h54a6638_2
#7 157.5 Linking libopentelemetry-cpp-headers-1.27.0-ha770c72_1
#7 157.6 Linking zstd-1.5.7-hb78ec9c_7
#7 157.6 Linking zlib-1.3.2-h25fd6f3_3
#7 157.6 Linking _openmp_mutex-4.5-20_gnu
#7 157.6 Linking ld_impl_linux-64-2.46.1-default_hbd61a6d_102
#7 157.6 Linking libgcc-16.2.0-ha9f2e26_5
#7 157.6 Linking yaml-0.2.5-hebe6cf0_3
#7 157.6 Linking xorg-libxdmcp-1.1.5-h7cc23a3_2
#7 157.6 Linking xorg-libxau-1.0.12-h7cc23a3_2
#7 157.6 Linking xorg-libice-1.1.2-h280c20c_0
#7 157.6 Linking pthread-stubs-0.4-h7cc23a3_1004
#7 157.6 Linking libiconv-1.18-h0cb94f2_3
#7 157.6 Linking libbrotlicommon-1.2.0-h39a168f_4
#7 157.6 Linking aws-c-common-0.14.2-hb03c661_0
#7 157.6 Linking fribidi-1.0.17-h7cc23a3_0
#7 157.6 Linking libwebp-base-1.6.0-hd42ef1d_1
#7 157.6 Linking libgcc-ng-16.2.0-h69a702a_5
#7 157.6 Linking libutf8proc-2.11.3-hfe17d71_0
#7 157.6 Linking libpng-1.6.58-h922cc85_1
#7 157.6 Linking c-ares-1.34.8-hebe6cf0_2
#7 157.6 Linking libev-4.33-h280c20c_3
#7 157.6 Linking keyutils-1.6.3-h7cc23a3_1
#7 157.6 Linking libgfortran5-16.2.0-h6b99dfc_5
#7 157.6 Linking libxcrypt-4.4.38-h280c20c_0
#7 157.6 Linking libstdcxx-16.2.0-h934c35e_5
#7 157.6 Linking libuuid-2.42.3-hcfc3c73_0
#7 157.6 Linking libffi-3.7.0-h81df57d_1
#7 157.6 Linking tk-8.6.13-noxft_h1df4ec4_4
#7 157.8 Linking libmpdec-4.0.0-hb03c661_2
#7 157.8 Linking libexpat-2.8.1-hecca717_1
#7 157.8 Linking liblzma-5.8.3-hb03c661_1
#7 157.8 Linking libdeflate-1.26-h351257e_0
#7 157.8 Linking bzip2-1.0.8-hda65f42_10
#7 157.8 Linking ncurses-6.6-hdb14827_1
#7 159.1 Linking libxcb-1.17.0-hb83e432_2
#7 159.1 Linking libbrotlienc-1.2.0-h018ffa1_4
#7 159.1 Linking libbrotlidec-1.2.0-ha411449_4
#7 159.1 Linking aws-c-compression-0.3.2-h720e601_4
#7 159.1 Linking aws-checksums-0.2.10-h720e601_4
#7 159.1 Linking aws-c-sdkutils-0.2.7-h720e601_2
#7 159.1 Linking libunistring-0.9.10-h7f98852_0
#7 159.1 Linking jpeg-9e-h0b41bf4_3
#7 159.1 Linking libfreetype6-2.14.3-h5e6c136_2
#7 159.1 Linking libgfortran-16.2.0-h69a702a_5
#7 159.1 Linking perl-5.32.1-9_h7cc23a3_perl5
#7 159.2 Linking graphite2-1.3.15-h54a6638_1
#7 159.2 Linking icu-78.3-py310h44b86e0_2
#7 159.3 Linking pixman-0.46.4-h54a6638_3
#7 159.3 Linking gflags-2.3.1-h54a6638_0
#7 159.3 Linking libstdcxx-ng-16.2.0-hdf11a46_5
#7 159.3 Linking snappy-1.2.2-h03e3b7b_1
#7 159.3 Linking libabseil-20260526.0-cxx17_h0dc7533_2
#7 159.4 Linking lz4-c-1.10.0-hee9eb32_2
#7 159.4 Linking libpython-3.13.15-hdc7f604_103_cp313
#7 159.4 Linking xorg-libsm-1.2.6-h0d788c3_1
#7 159.4 Linking xz-tools-5.8.3-hb03c661_1
#7 159.4 Linking xz-gpl-tools-5.8.3-ha02ee65_1
#7 159.4 Linking liblzma-devel-5.8.3-hb03c661_1
#7 159.4 Linking pcre2-10.47-h8b3dc9c_1
#7 159.4 Linking libedit-3.1.20250104-pl5321h373387f_1
#7 159.5 Linking readline-8.3-hd6e31c0_1
#7 159.5 Linking xorg-libx11-1.8.13-he1eb515_1
#7 159.5 Linking brotli-bin-1.2.0-h9908984_4
#7 159.5 Linking libidn2-2.3.8-hfac485b_1
#7 159.5 Linking libfreetype-2.14.3-ha770c72_2
#7 159.5 Linking libopenblas-0.3.34-pthreads_hf13c14d_2
#7 159.5 Linking perl-storable-3.15-pl5321hb9d3cd8_2
#7 159.5 Linking perl-scalar-list-utils-1.70-pl5321hb03c661_0
#7 159.5 Linking perl-compress-raw-zlib-2.214-pl5321h4dac143_0
#7 159.5 Linking perl-compress-raw-bzip2-2.214-pl5321hda65f42_0
#7 159.5 Linking libxml2-16-2.15.4-hf3af7cc_0
#7 159.5 Linking libsqlite-3.53.4-h13e7031_1
#7 159.5 Linking libpsl-0.23.1-hd9e3e90_1
#7 159.5 Linking glog-0.7.1-hb7133d2_1
#7 159.5 Linking libcrc32c-1.1.2-h9c3ff4c_0
#7 159.5 Linking qhull-2020.2-h434a139_5
#7 159.5 Linking libprotobuf-7.35.1-h622638d_3
#7 159.5 Linking libre2-11-2025.11.05-h60473fc_2
#7 159.5 Linking xz-5.8.3-ha02ee65_1
#7 159.5 Linking libglib-2.90.0-h569388d_0
#7 159.5 Linking xorg-libxrender-0.9.12-hb03c661_1
#7 159.5 Linking xorg-libxext-1.3.7-h7cc23a3_1
#7 159.5 Linking brotli-1.2.0-h505cf86_4
#7 159.5 Linking fontconfig-2.18.3-h4db4eae_1
#7 159.5 Linking freetype-2.14.3-ha770c72_2
#7 159.5 Linking libblas-3.11.0-11_h4a7cf45_openblas
#7 159.6 Linking libxml2-2.15.4-h7df9aa5_0
#7 159.6 Linking re2-2025.11.05-h94463f1_2
#7 159.6 Linking liblapack-3.11.0-11_h47877c9_openblas
#7 159.7 Linking libcblas-3.11.0-11_h0358290_openblas
#7 159.7 Linking libxslt-1.1.45-h8e12856_1
#7 159.7 Linking ca-certificates-2026.7.22-hbd8a1cb_0
#7 159.7 Linking python_abi-3.13-9_cp313
#7 159.7 Linking tzdata-2026c-h151e31d_0
#7 159.8 Linking font-ttf-dejavu-sans-mono-2.37-hab24e00_0
#7 159.8 Linking font-ttf-inconsolata-3.000-h77eed37_0
#7 159.8 Linking font-ttf-source-code-pro-2.038-h77eed37_0
#7 159.8 Linking font-ttf-ubuntu-0.83-h77eed37_3
#7 159.8 Linking perl-extutils-makemaker-7.70-pl5321hd8ed1ab_0
#7 159.8 Linking perl-parent-0.243-pl5321hd8ed1ab_0
#7 159.8 Linking perl-exporter-5.74-pl5321hd8ed1ab_0
#7 159.8 Linking perl-common-sense-3.75-pl5321hd8ed1ab_0
#7 159.8 Linking perl-exporter-tiny-1.002002-pl5321hd8ed1ab_0
#7 159.8 Linking fonts-conda-forge-1-hc364b38_1
#7 159.8 Linking perl-carp-1.50-pl5321hd8ed1ab_0
#7 159.8 Linking fonts-conda-ecosystem-1-0
#7 159.8 Linking kma-1.6.15-h118bc1c_0
#7 159.8 Linking prodigal-2.6.3-h577a1d6_11
#7 159.8 Linking ncbi-vdb-3.4.1-hd63eeec_0
#7 159.9 Linking bamtools-2.5.2-h077b44d_6
#7 159.9 Linking bedtools-2.31.1-h13024bc_3
#7 159.9 Linking perl-list-moreutils-xs-0.430-pl5321h7b50bb2_5
#7 159.9 Linking bwa-0.7.19-h577a1d6_1
#7 159.9 Linking oligoarrayaux-3.8.1-pl5321h9948957_0
#7 159.9 Linking rpsbproc-0.5.1-hd6d6fdc_0
#7 159.9 Linking diamond-2.2.8-he361c42_0
#7 159.9 Linking perl-io-zlib-1.15-pl5321hdfd78af_1
#7 159.9 Linking perl-types-serialiser-1.01-pl5321hdfd78af_0
#7 159.9 Linking perl-list-moreutils-0.430-pl5321hdfd78af_0
#7 159.9 Linking libtiff-4.2.0-hecacb30_2
#7 159.9 Linking openjpeg-2.4.0-h9ca470c_2
#7 159.9 Linking openssl-3.6.4-h781a0a9_0
#7 159.9 Linking orc-2.3.1-h443056b_0
#7 159.9 Linking perl-encode-3.24-pl5321hb03c661_0
#7 160.0 Linking perl-pathtools-3.75-pl5321hb9d3cd8_2
#7 160.0 Linking cairo-1.18.4-h3c89d7e_3
#7 160.0 Linking lcms2-2.12-hddcbb42_0
#7 160.0 Linking libgrpc-1.82.1-h792040b_0
#7 160.0 Linking s2n-1.7.5-h7e3ee7f_1
#7 160.0 Linking libevent-2.1.12-h5348a74_2
#7 160.0 Linking aws-c-cal-0.9.14-h2aa3ae6_4
#7 160.0 Linking libssh2-1.11.1-h6154650_1
#7 160.0 Linking libnghttp2-1.68.1-h74cf4be_1
#7 160.0 Linking krb5-1.22.2-hbc21106_2
#7 160.1 Linking python-3.13.15-hf47f18c_103_cp313
#7 160.2 Linking wget-1.25.0-h653f8fd_1
#7 160.2 Linking libharfbuzz-14.4.0-h23af247_1
#7 160.2 Linking libthrift-0.22.0-h7d032f7_2
#7 160.2 Linking aws-c-io-0.27.3-h6f4d18d_1
#7 160.2 Linking libcurl-8.22.0-ha042cf0_0
#7 160.2 Linking libraqm-0.11.0-h6406941_0
#7 160.2 Linking aws-c-event-stream-0.7.1-h6ffeea8_4
#7 160.2 Linking aws-c-http-0.11.0-h38ae05a_4
#7 160.2 Linking prometheus-cpp-1.3.0-h26ae035_1
#7 160.2 Linking azure-core-cpp-1.16.3-h206d751_0
#7 160.2 Linking curl-8.22.0-ha042cf0_0
#7 160.2 Linking aws-c-auth-0.10.4-hb7a77c6_1
#7 160.2 Linking aws-c-mqtt-0.16.0-h21f4ec5_2
#7 160.2 Linking libopentelemetry-cpp-1.27.0-h3133023_1
#7 160.2 Linking azure-storage-common-cpp-12.14.0-hf596fc9_1
#7 160.2 Linking azure-identity-cpp-1.13.3-h71f81a8_2
#7 160.2 Linking aws-c-s3-0.12.8-h46fcd08_1
#7 160.2 Linking libgoogle-cloud-3.8.0-hbc29df5_0
#7 160.3 Linking azure-storage-blobs-cpp-12.18.0-h74b55db_1
#7 160.3 Linking aws-crt-cpp-0.40.1-h102d43b_3
#7 160.3 Linking libgoogle-cloud-storage-3.8.0-hdbdcf42_0
#7 160.3 Linking azure-storage-files-datalake-cpp-12.16.0-h1f05bef_1
#7 160.3 Linking aws-sdk-cpp-1.11.833-hc7390e0_9
#7 160.3 Linking libarrow-25.0.0-hcc2f0d9_4_cpu
#7 160.4 Linking libarrow-compute-25.0.0-h53684a4_4_cpu
#7 160.4 Linking libparquet-25.0.0-h7376487_4_cpu
#7 160.4 Linking libarrow-acero-25.0.0-h635bf11_4_cpu
#7 160.4 Linking libarrow-dataset-25.0.0-h635bf11_4_cpu
#7 160.4 Linking libarrow-substrait-25.0.0-h66fbfdd_4_cpu
#7 160.4 Linking perl-json-xs-4.04-pl5321h9948957_0
#7 160.4 Linking perl-io-compress-2.216-pl5321h503566f_0
#7 160.4 Linking entrez-direct-22.4-he881be0_0
#7 160.4 Linking htslib-1.24-ha79157c_0
#7 160.4 Linking samtools-1.22.1-h96c455f_0
#7 160.4 Linking pip-26.2.1-pyh145f28c_0
#7 160.6 Linking xyzservices-2026.9.1-pyhd8ed1ab_0
#7 160.6 Linking narwhals-2.26.0-pyh5ded981_0
#7 160.6 Linking munkres-1.1.4-pyhd8ed1ab_1
#7 160.6 Linking pyparsing-3.3.2-pyhcf101f3_0
#7 160.6 Linking cycler-0.12.1-pyhcf101f3_2
#7 160.6 Linking fsspec-2026.7.0-pyhd8ed1ab_0
#7 160.6 Linking zict-3.0.0-pyhd8ed1ab_1
#7 160.6 Linking toolz-1.1.0-pyhd8ed1ab_1
#7 160.6 Linking tblib-3.2.2-pyhcf101f3_0
#7 160.6 Linking sortedcontainers-2.4.0-pyhd8ed1ab_1
#7 160.6 Linking locket-1.0.0-pyhd8ed1ab_0
#7 160.6 Linking cloudpickle-3.1.2-pyhcf101f3_1
#7 160.6 Linking click-8.5.0-pyh5ded981_0
#7 160.6 Linking tomli-2.4.1-pyhcf101f3_0
#7 160.6 Linking pygments-2.21.0-pyhcf101f3_0
#7 160.6 Linking pluggy-1.6.0-pyhf9edf01_1
#7 160.6 Linking iniconfig-2.3.0-pyhd8ed1ab_0
#7 160.6 Linking colorama-0.4.6-pyhd8ed1ab_1
#7 160.6 Linking zipp-4.1.0-pyhcf101f3_0
#7 160.6 Linking typing_extensions-4.16.0-pyhcf101f3_0
#7 160.6 Linking soupsieve-2.9.2-pyhd8ed1ab_0
#7 160.6 Linking hyperframe-6.1.0-pyhd8ed1ab_0
#7 160.7 Linking hpack-4.2.0-pyhd8ed1ab_0
#7 160.7 Linking idna-3.20-pyh5ded981_0
#7 160.7 Linking charset-normalizer-3.5.1-pyhd8ed1ab_0
#7 160.7 Linking certifi-2026.7.22-pyhd8ed1ab_0
#7 160.7 Linking pysocks-1.7.1-pyha55dd90_7
#7 160.7 Linking archspec-0.2.5-pyhd8ed1ab_0
#7 160.7 Linking filetype-1.2.0-pyhd8ed1ab_0
#7 160.7 Linking six-1.17.0-pyhe01879c_1
#7 160.7 Linking packaging-26.3-pyhc364b38_0
#7 160.7 Linking setuptools-84.0.0-pyh332efcf_0
#7 160.8 Linking partd-1.4.2-pyhd8ed1ab_0
#7 160.8 Linking importlib-metadata-9.0.1-pyhcf101f3_0
#7 160.8 Linking exceptiongroup-1.3.1-pyhd8ed1ab_0
#7 160.8 Linking typing-extensions-4.16.0-h69aa097_0
#7 160.8 Linking h2-4.4.1-pyhcf101f3_0
#7 160.9 Linking python-dateutil-2.9.0.post0-pyhe01879c_2
#7 160.9 Linking pytest-9.1.1-pyhc364b38_2
#7 160.9 Linking beautifulsoup4-4.15.0-pyha770c72_0
#7 160.9 Linking perl-json-4.11-pl5321hdfd78af_0
#7 160.9 Linking perl-archive-tar-3.12-pl5321hdfd78af_0
#7 160.9 Linking pyvcf3-1.0.3-pyhdfd78af_0
#7 160.9 Linking markupsafe-3.0.3-py313h3dea7bd_1
#7 160.9 Linking pyarrow-core-25.0.0-py313h98bfbea_0_cpu
#7 160.9 Linking kiwisolver-1.5.1-py313h2551ef2_1
#7 160.9 Linking tornado-6.5.10-py313h995f894_0
#7 160.9 Linking pyyaml-6.0.3-py313h3dea7bd_1
#7 160.9 Linking psutil-7.2.2-py313hd42f317_3
#7 160.9 Linking msgpack-python-1.2.2-py313h2551ef2_2
#7 160.9 Linking lz4-4.4.5-py313h557dd98_2
#7 160.9 Linking brotli-python-1.2.0-py313h2fc2bef_4
#7 160.9 Linking backports.zstd-1.7.0-py313h8f72f4d_1
#7 161.0 Linking numpy-2.5.3-py313hb5f73ae_0
#7 161.0 Linking pyahocorasick-2.1.0-py313h536fd9c_1
#7 161.0 Linking lxml-6.1.3-py313h003a45f_0
#7 161.0 Linking jellyfish-1.2.1-py313h5c7d99a_1
#7 161.0 Linking fonttools-4.65.0-py313h6cd9899_0
#7 161.0 Linking cytoolz-1.1.0-py313h995f894_3
#7 161.1 Linking pyarrow-25.0.0-py313h78bf25f_0
#7 161.1 Linking contourpy-1.4.0-py313h2551ef2_1
#7 161.1 Linking scipy-1.18.1-py313he2a5f1a_1
#7 161.1 Linking pandas-3.0.6-np2py313h4900a6c_0
#7 161.2 Linking biopython-1.88-py313h995f894_1
#7 161.3 Linking pysam-0.24.0-py313h4b224ce_1
#7 161.3 Linking bowtie2-2.5.5-h63e9258_1
#7 161.4 Linking pyrodigal-3.7.1-py313h8c92656_1
#7 161.4 Linking blast-2.16.0-h66d330f_5
#7 161.4 Linking pillow-10.4.0-py313h5eee18b_0
#7 161.4 Linking jinja2-3.1.6-pyhcf101f3_1
#7 161.4 Linking dask-core-2026.8.0-pyhc364b38_0
#7 161.4 Linking urllib3-2.8.0-pyhd8ed1ab_0
#7 161.4 Linking bokeh-3.10.0-pyhd8ed1ab_0
#7 161.5 Linking distributed-2026.8.0-pyhc364b38_0
#7 161.5 Linking requests-2.32.4-pyhd8ed1ab_0
#7 161.5 Linking dask-2026.8.0-pyhc364b38_0
#7 161.5 Linking pyfaidx-0.9.0.4-pyhdfd78af_0
#7 161.5 Linking matplotlib-base-3.11.2-py313he85fb2c_1
#7 161.6 Linking seaborn-base-0.13.2-pyhd8ed1ab_3
#7 161.6 Linking rgi-6.0.8-pyh05cac1d_0
#7 161.6 
#7 161.6 Transaction finished
#7 161.6 
#7 161.6 
#7 161.6 To activate this environment, use:
#7 161.6 
#7 161.6     mamba activate rgi
#7 161.6 
#7 161.6 Or to execute a single command in this environment, use:
#7 161.6 
#7 161.6     mamba run -n rgi mycommand
#7 161.6 
#7 162.8 There are no unused tarball(s) to remove.
#7 162.8 Will remove 1 index cache(s).
#7 162.8 There are no unused package(s) to remove.
#7 162.8 There are no tempfile(s) to remove.
#7 162.8 There are no logfile(s) to remove.
#7 DONE 163.5s

#8 exporting to image
#8 exporting layers
#8 exporting layers 24.3s done
#8 writing image sha256:758cac5d7a1c66212031c9af8b2deab74e4de78f5605529b5677aecfe8eb2977 0.0s done
#8 naming to ghcr.io/bdrd-genomics/allinone-rgi:1.0.0 0.0s done
#8 naming to ghcr.io/bdrd-genomics/allinone-rgi:latest 0.0s done
#8 DONE 24.4s
SUCCESS: ghcr.io/bdrd-genomics/allinone-rgi

==================================================
Building: ghcr.io/bdrd-genomics/allinone-ribodetector:1.0.0
Dockerfile: Dockerfile.ribodetector
==================================================
#0 building with "default" instance using docker driver

#1 [internal] load build definition from Dockerfile.ribodetector
#1 transferring dockerfile: 1.46kB done
#1 DONE 0.0s

#2 [internal] load metadata for ghcr.io/bdrd-genomics/allinone-conda-base:1.0.1
#2 DONE 0.0s

#3 [internal] load .dockerignore
#3 transferring context: 2B done
#3 DONE 0.0s

#4 [1/5] FROM ghcr.io/bdrd-genomics/allinone-conda-base:1.0.1
#4 CACHED

#5 [2/5] RUN dnf install -y         procps-ng         findutils         which         gzip         tar         bzip2         xz         ca-certificates         git     && dnf clean all     && rm -rf /var/cache/dnf
#5 2.145 AlmaLinux 9 - AppStream                          17 MB/s |  26 MB     00:01    
#5 7.194 AlmaLinux 9 - BaseOS                             22 MB/s |  37 MB     00:01    
#5 10.68 AlmaLinux 9 - Extras                             26 kB/s |  22 kB     00:00    
#5 11.47 Package findutils-1:4.8.0-7.el9.x86_64 is already installed.
#5 11.47 Package which-2.21-30.el9_6.x86_64 is already installed.
#5 11.47 Package gzip-1.12-2.el9_8.x86_64 is already installed.
#5 11.47 Package tar-2:1.34-13.el9_8.x86_64 is already installed.
#5 11.47 Package bzip2-1.0.8-11.el9.x86_64 is already installed.
#5 11.47 Package xz-5.2.5-8.el9_0.x86_64 is already installed.
#5 11.47 Package ca-certificates-2025.2.80_v9.0.305-91.el9.noarch is already installed.
#5 11.49 Dependencies resolved.
#5 11.50 ================================================================================
#5 11.50  Package                  Arch     Version                    Repository   Size
#5 11.50 ================================================================================
#5 11.50 Installing:
#5 11.50  git                      x86_64   2.52.0-1.el9               appstream    39 k
#5 11.50  procps-ng                x86_64   3.3.17-14.el9              baseos      332 k
#5 11.50 Installing dependencies:
#5 11.50  git-core                 x86_64   2.52.0-1.el9               appstream   5.0 M
#5 11.50  git-core-doc             noarch   2.52.0-1.el9               appstream   2.8 M
#5 11.50  groff-base               x86_64   1.22.4-10.el9              baseos      1.0 M
#5 11.50  libcbor                  x86_64   0.7.0-5.el9                baseos       56 k
#5 11.50  libedit                  x86_64   3.1-39.20210216cvs.el9     baseos      103 k
#5 11.50  libfido2                 x86_64   1.13.0-2.el9               baseos       97 k
#5 11.50  ncurses                  x86_64   6.2-12.20210508.el9        baseos      399 k
#5 11.50  openssh                  x86_64   9.9p1-9.el9_8.alma.1       baseos      421 k
#5 11.50  openssh-clients          x86_64   9.9p1-9.el9_8.alma.1       baseos      768 k
#5 11.50  perl-AutoLoader          noarch   5.74-484.el9_8             appstream    20 k
#5 11.50  perl-B                   x86_64   1.80-484.el9_8             appstream   178 k
#5 11.50  perl-Carp                noarch   1.50-460.el9               appstream    29 k
#5 11.50  perl-Class-Struct        noarch   0.66-484.el9_8             appstream    21 k
#5 11.50  perl-Data-Dumper         x86_64   2.174-462.el9              appstream    55 k
#5 11.50  perl-Digest              noarch   1.19-4.el9                 appstream    25 k
#5 11.50  perl-Digest-MD5          x86_64   2.58-4.el9                 appstream    36 k
#5 11.50  perl-DynaLoader          x86_64   1.47-484.el9_8             appstream    24 k
#5 11.50  perl-Encode              x86_64   4:3.08-462.el9             appstream   1.7 M
#5 11.50  perl-Errno               x86_64   1.30-484.el9_8             appstream    14 k
#5 11.50  perl-Error               noarch   1:0.17029-7.el9            appstream    41 k
#5 11.50  perl-Exporter            noarch   5.74-461.el9               appstream    31 k
#5 11.50  perl-Fcntl               x86_64   1.13-484.el9_8             appstream    19 k
#5 11.50  perl-File-Basename       noarch   2.85-484.el9_8             appstream    16 k
#5 11.50  perl-File-Path           noarch   2.18-4.el9                 appstream    35 k
#5 11.50  perl-File-Temp           noarch   1:0.231.100-4.el9          appstream    59 k
#5 11.50  perl-File-stat           noarch   1.09-484.el9_8             appstream    16 k
#5 11.50  perl-FileHandle          noarch   2.03-484.el9_8             appstream    14 k
#5 11.50  perl-Getopt-Long         noarch   1:2.52-4.el9               appstream    59 k
#5 11.50  perl-Getopt-Std          noarch   1.12-484.el9_8             appstream    14 k
#5 11.50  perl-Git                 noarch   2.52.0-1.el9               appstream    37 k
#5 11.50  perl-HTTP-Tiny           noarch   0.076-462.el9              appstream    53 k
#5 11.50  perl-IO                  x86_64   1.43-484.el9_8             appstream    85 k
#5 11.50  perl-IO-Socket-IP        noarch   0.41-5.el9                 appstream    42 k
#5 11.50  perl-IO-Socket-SSL       noarch   2.073-2.el9                appstream   214 k
#5 11.50  perl-IPC-Open3           noarch   1.21-484.el9_8             appstream    21 k
#5 11.50  perl-MIME-Base64         x86_64   3.16-4.el9                 appstream    30 k
#5 11.50  perl-Mozilla-CA          noarch   20200520-6.el9             appstream    12 k
#5 11.50  perl-Net-SSLeay          x86_64   1.94-3.el9                 appstream   391 k
#5 11.50  perl-POSIX               x86_64   1.94-484.el9_8             appstream    95 k
#5 11.50  perl-PathTools           x86_64   3.78-461.el9               appstream    85 k
#5 11.50  perl-Pod-Escapes         noarch   1:1.07-460.el9             appstream    20 k
#5 11.50  perl-Pod-Perldoc         noarch   3.28.01-461.el9            appstream    83 k
#5 11.50  perl-Pod-Simple          noarch   1:3.42-4.el9               appstream   215 k
#5 11.50  perl-Pod-Usage           noarch   4:2.01-4.el9               appstream    40 k
#5 11.50  perl-Scalar-List-Utils   x86_64   4:1.56-462.el9             appstream    70 k
#5 11.50  perl-SelectSaver         noarch   1.02-484.el9_8             appstream    10 k
#5 11.50  perl-Socket              x86_64   4:2.031-4.el9              appstream    54 k
#5 11.50  perl-Storable            x86_64   1:3.21-460.el9             appstream    95 k
#5 11.50  perl-Symbol              noarch   1.08-484.el9_8             appstream    13 k
#5 11.50  perl-Term-ANSIColor      noarch   5.01-461.el9               appstream    48 k
#5 11.50  perl-Term-Cap            noarch   1.17-460.el9               appstream    22 k
#5 11.50  perl-TermReadKey         x86_64   2.38-11.el9                appstream    36 k
#5 11.50  perl-Text-ParseWords     noarch   3.30-460.el9               appstream    16 k
#5 11.50  perl-Text-Tabs+Wrap      noarch   2013.0523-460.el9          appstream    22 k
#5 11.50  perl-Time-Local          noarch   2:1.300-7.el9              appstream    33 k
#5 11.50  perl-URI                 noarch   5.09-3.el9                 appstream   108 k
#5 11.50  perl-base                noarch   2.27-484.el9_8             appstream    15 k
#5 11.50  perl-constant            noarch   1.33-461.el9               appstream    23 k
#5 11.50  perl-if                  noarch   0.60.800-484.el9_8         appstream    13 k
#5 11.50  perl-interpreter         x86_64   4:5.32.1-484.el9_8         appstream    69 k
#5 11.50  perl-lib                 x86_64   0.65-484.el9_8             appstream    14 k
#5 11.50  perl-libnet              noarch   3.13-4.el9                 appstream   125 k
#5 11.50  perl-libs                x86_64   4:5.32.1-484.el9_8         appstream   2.0 M
#5 11.50  perl-mro                 x86_64   1.23-484.el9_8             appstream    27 k
#5 11.50  perl-overload            noarch   1.31-484.el9_8             appstream    44 k
#5 11.50  perl-overloading         noarch   0.02-484.el9_8             appstream    11 k
#5 11.50  perl-parent              noarch   1:0.238-460.el9            appstream    14 k
#5 11.50  perl-podlators           noarch   1:4.14-460.el9             appstream   111 k
#5 11.50  perl-subs                noarch   1.03-484.el9_8             appstream    10 k
#5 11.50  perl-vars                noarch   1.05-484.el9_8             appstream    12 k
#5 11.50 Installing weak dependencies:
#5 11.50  perl-NDBM_File           x86_64   1.15-484.el9_8             appstream    21 k
#5 11.50 
#5 11.50 Transaction Summary
#5 11.50 ================================================================================
#5 11.50 Install  73 Packages
#5 11.50 
#5 11.50 Total download size: 18 M
#5 11.50 Installed size: 78 M
#5 11.50 Downloading Packages:
#5 12.27 (1/73): git-2.52.0-1.el9.x86_64.rpm              95 kB/s |  39 kB     00:00    
#5 12.37 (2/73): perl-AutoLoader-5.74-484.el9_8.noarch.r 200 kB/s |  20 kB     00:00    
#5 12.51 (3/73): git-core-doc-2.52.0-1.el9.noarch.rpm    4.4 MB/s | 2.8 MB     00:00    
#5 12.57 (4/73): perl-B-1.80-484.el9_8.x86_64.rpm        917 kB/s | 178 kB     00:00    
#5 12.60 (5/73): git-core-2.52.0-1.el9.x86_64.rpm        6.8 MB/s | 5.0 MB     00:00    
#5 12.62 (6/73): perl-Carp-1.50-460.el9.noarch.rpm       267 kB/s |  29 kB     00:00    
#5 12.67 (7/73): perl-Class-Struct-0.66-484.el9_8.noarch 207 kB/s |  21 kB     00:00    
#5 12.71 (8/73): perl-Data-Dumper-2.174-462.el9.x86_64.r 498 kB/s |  55 kB     00:00    
#5 12.72 (9/73): perl-Digest-1.19-4.el9.noarch.rpm       238 kB/s |  25 kB     00:00    
#5 12.78 (10/73): perl-Digest-MD5-2.58-4.el9.x86_64.rpm  323 kB/s |  36 kB     00:00    
#5 12.81 (11/73): perl-DynaLoader-1.47-484.el9_8.x86_64. 251 kB/s |  24 kB     00:00    
#5 12.86 (12/73): perl-Encode-3.08-462.el9.x86_64.rpm     13 MB/s | 1.7 MB     00:00    
#5 12.88 (13/73): perl-Errno-1.30-484.el9_8.x86_64.rpm   142 kB/s |  14 kB     00:00    
#5 12.91 (14/73): perl-Error-0.17029-7.el9.noarch.rpm    403 kB/s |  41 kB     00:00    
#5 12.96 (15/73): perl-Exporter-5.74-461.el9.noarch.rpm  296 kB/s |  31 kB     00:00    
#5 12.97 (16/73): perl-Fcntl-1.13-484.el9_8.x86_64.rpm   194 kB/s |  19 kB     00:00    
#5 13.01 (17/73): perl-File-Basename-2.85-484.el9_8.noar 157 kB/s |  16 kB     00:00    
#5 13.07 (18/73): perl-File-Path-2.18-4.el9.noarch.rpm   333 kB/s |  35 kB     00:00    
#5 13.08 (19/73): perl-File-Temp-0.231.100-4.el9.noarch. 556 kB/s |  59 kB     00:00    
#5 13.12 (20/73): perl-File-stat-1.09-484.el9_8.noarch.r 146 kB/s |  16 kB     00:00    
#5 13.18 (21/73): perl-FileHandle-2.03-484.el9_8.noarch. 133 kB/s |  14 kB     00:00    
#5 13.19 (22/73): perl-Getopt-Long-2.52-4.el9.noarch.rpm 562 kB/s |  59 kB     00:00    
#5 13.23 (23/73): perl-Getopt-Std-1.12-484.el9_8.noarch. 133 kB/s |  14 kB     00:00    
#5 13.28 (24/73): perl-Git-2.52.0-1.el9.noarch.rpm       343 kB/s |  37 kB     00:00    
#5 13.30 (25/73): perl-HTTP-Tiny-0.076-462.el9.noarch.rp 492 kB/s |  53 kB     00:00    
#5 13.34 (26/73): perl-IO-1.43-484.el9_8.x86_64.rpm      803 kB/s |  85 kB     00:00    
#5 13.39 (27/73): perl-IO-Socket-IP-0.41-5.el9.noarch.rp 390 kB/s |  42 kB     00:00    
#5 13.41 (28/73): perl-IO-Socket-SSL-2.073-2.el9.noarch. 1.9 MB/s | 214 kB     00:00    
#5 13.45 (29/73): perl-IPC-Open3-1.21-484.el9_8.noarch.r 200 kB/s |  21 kB     00:00    
#5 13.50 (30/73): perl-MIME-Base64-3.16-4.el9.x86_64.rpm 287 kB/s |  30 kB     00:00    
#5 13.51 (31/73): perl-Mozilla-CA-20200520-6.el9.noarch. 117 kB/s |  12 kB     00:00    
#5 13.55 (32/73): perl-NDBM_File-1.15-484.el9_8.x86_64.r 198 kB/s |  21 kB     00:00    
#5 13.61 (33/73): perl-POSIX-1.94-484.el9_8.x86_64.rpm   948 kB/s |  95 kB     00:00    
#5 13.62 (34/73): perl-Net-SSLeay-1.94-3.el9.x86_64.rpm  3.1 MB/s | 391 kB     00:00    
#5 13.65 (35/73): perl-PathTools-3.78-461.el9.x86_64.rpm 860 kB/s |  85 kB     00:00    
#5 13.70 (36/73): perl-Pod-Escapes-1.07-460.el9.noarch.r 215 kB/s |  20 kB     00:00    
#5 13.72 (37/73): perl-Pod-Perldoc-3.28.01-461.el9.noarc 842 kB/s |  83 kB     00:00    
#5 13.76 (38/73): perl-Pod-Simple-3.42-4.el9.noarch.rpm  1.9 MB/s | 215 kB     00:00    
#5 13.80 (39/73): perl-Pod-Usage-2.01-4.el9.noarch.rpm   412 kB/s |  40 kB     00:00    
#5 13.81 (40/73): perl-Scalar-List-Utils-1.56-462.el9.x8 761 kB/s |  70 kB     00:00    
#5 13.86 (41/73): perl-SelectSaver-1.02-484.el9_8.noarch 101 kB/s |  10 kB     00:00    
#5 13.90 (42/73): perl-Socket-2.031-4.el9.x86_64.rpm     537 kB/s |  54 kB     00:00    
#5 13.92 (43/73): perl-Storable-3.21-460.el9.x86_64.rpm  912 kB/s |  95 kB     00:00    
#5 13.96 (44/73): perl-Symbol-1.08-484.el9_8.noarch.rpm  133 kB/s |  13 kB     00:00    
#5 14.00 (45/73): perl-Term-ANSIColor-5.01-461.el9.noarc 485 kB/s |  48 kB     00:00    
#5 14.01 (46/73): perl-Term-Cap-1.17-460.el9.noarch.rpm  228 kB/s |  22 kB     00:00    
#5 14.05 (47/73): perl-TermReadKey-2.38-11.el9.x86_64.rp 383 kB/s |  36 kB     00:00    
#5 14.10 (48/73): perl-Text-ParseWords-3.30-460.el9.noar 155 kB/s |  16 kB     00:00    
#5 14.12 (49/73): perl-Text-Tabs+Wrap-2013.0523-460.el9. 223 kB/s |  22 kB     00:00    
#5 14.16 (50/73): perl-Time-Local-1.300-7.el9.noarch.rpm 315 kB/s |  33 kB     00:00    
#5 14.22 (51/73): perl-URI-5.09-3.el9.noarch.rpm         974 kB/s | 108 kB     00:00    
#5 14.23 (52/73): perl-base-2.27-484.el9_8.noarch.rpm    133 kB/s |  15 kB     00:00    
#5 14.27 (53/73): perl-constant-1.33-461.el9.noarch.rpm  208 kB/s |  23 kB     00:00    
#5 14.32 (54/73): perl-if-0.60.800-484.el9_8.noarch.rpm  118 kB/s |  13 kB     00:00    
#5 14.34 (55/73): perl-interpreter-5.32.1-484.el9_8.x86_ 648 kB/s |  69 kB     00:00    
#5 14.38 (56/73): perl-lib-0.65-484.el9_8.x86_64.rpm     129 kB/s |  14 kB     00:00    
#5 14.43 (57/73): perl-libnet-3.13-4.el9.noarch.rpm      1.1 MB/s | 125 kB     00:00    
#5 14.49 (58/73): perl-mro-1.23-484.el9_8.x86_64.rpm     245 kB/s |  27 kB     00:00    
#5 14.54 (59/73): perl-overload-1.31-484.el9_8.noarch.rp 416 kB/s |  44 kB     00:00    
#5 14.56 (60/73): perl-libs-5.32.1-484.el9_8.x86_64.rpm  9.0 MB/s | 2.0 MB     00:00    
#5 14.59 (61/73): perl-overloading-0.02-484.el9_8.noarch 114 kB/s |  11 kB     00:00    
#5 14.64 (62/73): perl-parent-0.238-460.el9.noarch.rpm   141 kB/s |  14 kB     00:00    
#5 14.66 (63/73): perl-podlators-4.14-460.el9.noarch.rpm 1.1 MB/s | 111 kB     00:00    
#5 14.69 (64/73): perl-subs-1.03-484.el9_8.noarch.rpm    105 kB/s |  10 kB     00:00    
#5 14.74 (65/73): perl-vars-1.05-484.el9_8.noarch.rpm    117 kB/s |  12 kB     00:00    
#5 14.77 (66/73): groff-base-1.22.4-10.el9.x86_64.rpm    9.2 MB/s | 1.0 MB     00:00    
#5 14.80 (67/73): libcbor-0.7.0-5.el9.x86_64.rpm         518 kB/s |  56 kB     00:00    
#5 14.85 (68/73): libedit-3.1-39.20210216cvs.el9.x86_64. 932 kB/s | 103 kB     00:00    
#5 14.87 (69/73): libfido2-1.13.0-2.el9.x86_64.rpm       997 kB/s |  97 kB     00:00    
#5 14.91 (70/73): ncurses-6.2-12.20210508.el9.x86_64.rpm 3.6 MB/s | 399 kB     00:00    
#5 14.96 (71/73): openssh-9.9p1-9.el9_8.alma.1.x86_64.rp 3.9 MB/s | 421 kB     00:00    
#5 14.98 (72/73): openssh-clients-9.9p1-9.el9_8.alma.1.x 7.0 MB/s | 768 kB     00:00    
#5 15.02 (73/73): procps-ng-3.3.17-14.el9.x86_64.rpm     2.8 MB/s | 332 kB     00:00    
#5 15.03 --------------------------------------------------------------------------------
#5 15.03 Total                                           5.1 MB/s |  18 MB     00:03     
#5 16.60 Running transaction check
#5 16.62 Transaction check succeeded.
#5 16.62 Running transaction test
#5 16.76 Transaction test succeeded.
#5 16.76 Running transaction
#5 19.12   Preparing        :                                                        1/1 
#5 19.16   Running scriptlet: openssh-9.9p1-9.el9_8.alma.1.x86_64                   1/73 
#5 19.27   Installing       : openssh-9.9p1-9.el9_8.alma.1.x86_64                   1/73 
#5 19.31   Installing       : ncurses-6.2-12.20210508.el9.x86_64                    2/73 
#5 19.33   Installing       : libedit-3.1-39.20210216cvs.el9.x86_64                 3/73 
#5 19.34   Installing       : libcbor-0.7.0-5.el9.x86_64                            4/73 
#5 19.36   Installing       : libfido2-1.13.0-2.el9.x86_64                          5/73 
#5 19.38   Installing       : openssh-clients-9.9p1-9.el9_8.alma.1.x86_64           6/73 
#5 19.40   Running scriptlet: openssh-clients-9.9p1-9.el9_8.alma.1.x86_64           6/73 
#5 19.50   Installing       : git-core-2.52.0-1.el9.x86_64                          7/73 
#5 19.61   Installing       : git-core-doc-2.52.0-1.el9.noarch                      8/73 
#5 19.64   Running scriptlet: groff-base-1.22.4-10.el9.x86_64                       9/73 
#5 19.68   Installing       : groff-base-1.22.4-10.el9.x86_64                       9/73 
#5 19.70   Running scriptlet: groff-base-1.22.4-10.el9.x86_64                       9/73 
#5 19.71   Installing       : perl-Digest-1.19-4.el9.noarch                        10/73 
#5 19.72   Installing       : perl-Digest-MD5-2.58-4.el9.x86_64                    11/73 
#5 19.74   Installing       : perl-B-1.80-484.el9_8.x86_64                         12/73 
#5 19.75   Installing       : perl-FileHandle-2.03-484.el9_8.noarch                13/73 
#5 19.77   Installing       : perl-Data-Dumper-2.174-462.el9.x86_64                14/73 
#5 19.79   Installing       : perl-libnet-3.13-4.el9.noarch                        15/73 
#5 19.80   Installing       : perl-base-2.27-484.el9_8.noarch                      16/73 
#5 19.82   Installing       : perl-URI-5.09-3.el9.noarch                           17/73 
#5 19.84   Installing       : perl-AutoLoader-5.74-484.el9_8.noarch                18/73 
#5 19.85   Installing       : perl-Mozilla-CA-20200520-6.el9.noarch                19/73 
#5 19.87   Installing       : perl-if-0.60.800-484.el9_8.noarch                    20/73 
#5 19.88   Installing       : perl-IO-Socket-IP-0.41-5.el9.noarch                  21/73 
#5 19.89   Installing       : perl-Time-Local-2:1.300-7.el9.noarch                 22/73 
#5 19.91   Installing       : perl-File-Path-2.18-4.el9.noarch                     23/73 
#5 19.92   Installing       : perl-Pod-Escapes-1:1.07-460.el9.noarch               24/73 
#5 19.94   Installing       : perl-Text-Tabs+Wrap-2013.0523-460.el9.noarch         25/73 
#5 19.96   Installing       : perl-IO-Socket-SSL-2.073-2.el9.noarch                26/73 
#5 19.98   Installing       : perl-Net-SSLeay-1.94-3.el9.x86_64                    27/73 
#5 20.00   Installing       : perl-Class-Struct-0.66-484.el9_8.noarch              28/73 
#5 20.02   Installing       : perl-POSIX-1.94-484.el9_8.x86_64                     29/73 
#5 20.03   Installing       : perl-Term-ANSIColor-5.01-461.el9.noarch              30/73 
#5 20.04   Installing       : perl-IPC-Open3-1.21-484.el9_8.noarch                 31/73 
#5 20.06   Installing       : perl-subs-1.03-484.el9_8.noarch                      32/73 
#5 20.07   Installing       : perl-File-Temp-1:0.231.100-4.el9.noarch              33/73 
#5 20.09   Installing       : perl-Term-Cap-1.17-460.el9.noarch                    34/73 
#5 20.11   Installing       : perl-Pod-Simple-1:3.42-4.el9.noarch                  35/73 
#5 20.13   Installing       : perl-HTTP-Tiny-0.076-462.el9.noarch                  36/73 
#5 20.14   Installing       : perl-Socket-4:2.031-4.el9.x86_64                     37/73 
#5 20.16   Installing       : perl-SelectSaver-1.02-484.el9_8.noarch               38/73 
#5 20.17   Installing       : perl-Symbol-1.08-484.el9_8.noarch                    39/73 
#5 20.19   Installing       : perl-File-stat-1.09-484.el9_8.noarch                 40/73 
#5 20.21   Installing       : perl-podlators-1:4.14-460.el9.noarch                 41/73 
#5 20.24   Installing       : perl-Pod-Perldoc-3.28.01-461.el9.noarch              42/73 
#5 20.26   Installing       : perl-Fcntl-1.13-484.el9_8.x86_64                     43/73 
#5 20.27   Installing       : perl-Text-ParseWords-3.30-460.el9.noarch             44/73 
#5 20.29   Installing       : perl-mro-1.23-484.el9_8.x86_64                       45/73 
#5 20.31   Installing       : perl-IO-1.43-484.el9_8.x86_64                        46/73 
#5 20.32   Installing       : perl-overloading-0.02-484.el9_8.noarch               47/73 
#5 20.33   Installing       : perl-Pod-Usage-4:2.01-4.el9.noarch                   48/73 
#5 20.34   Installing       : perl-Errno-1.30-484.el9_8.x86_64                     49/73 
#5 20.35   Installing       : perl-File-Basename-2.85-484.el9_8.noarch             50/73 
#5 20.36   Installing       : perl-Getopt-Std-1.12-484.el9_8.noarch                51/73 
#5 20.38   Installing       : perl-MIME-Base64-3.16-4.el9.x86_64                   52/73 
#5 20.39   Installing       : perl-Scalar-List-Utils-4:1.56-462.el9.x86_64         53/73 
#5 20.41   Installing       : perl-constant-1.33-461.el9.noarch                    54/73 
#5 20.43   Installing       : perl-Storable-1:3.21-460.el9.x86_64                  55/73 
#5 20.44   Installing       : perl-overload-1.31-484.el9_8.noarch                  56/73 
#5 20.45   Installing       : perl-parent-1:0.238-460.el9.noarch                   57/73 
#5 20.47   Installing       : perl-vars-1.05-484.el9_8.noarch                      58/73 
#5 20.48   Installing       : perl-Getopt-Long-1:2.52-4.el9.noarch                 59/73 
#5 20.49   Installing       : perl-Carp-1.50-460.el9.noarch                        60/73 
#5 20.51   Installing       : perl-Exporter-5.74-461.el9.noarch                    61/73 
#5 20.52   Installing       : perl-NDBM_File-1.15-484.el9_8.x86_64                 62/73 
#5 20.54   Installing       : perl-PathTools-3.78-461.el9.x86_64                   63/73 
#5 20.59   Installing       : perl-Encode-4:3.08-462.el9.x86_64                    64/73 
#5 20.67   Installing       : perl-libs-4:5.32.1-484.el9_8.x86_64                  65/73 
#5 20.69   Installing       : perl-interpreter-4:5.32.1-484.el9_8.x86_64           66/73 
#5 20.70   Installing       : perl-DynaLoader-1.47-484.el9_8.x86_64                67/73 
#5 20.72   Installing       : perl-TermReadKey-2.38-11.el9.x86_64                  68/73 
#5 20.73   Installing       : perl-Error-1:0.17029-7.el9.noarch                    69/73 
#5 20.74   Installing       : perl-lib-0.65-484.el9_8.x86_64                       70/73 
#5 20.76   Installing       : perl-Git-2.52.0-1.el9.noarch                         71/73 
#5 20.77   Installing       : git-2.52.0-1.el9.x86_64                              72/73 
#5 20.80   Installing       : procps-ng-3.3.17-14.el9.x86_64                       73/73 
#5 20.83   Running scriptlet: procps-ng-3.3.17-14.el9.x86_64                       73/73 
#5 20.98   Verifying        : git-2.52.0-1.el9.x86_64                               1/73 
#5 20.98   Verifying        : git-core-2.52.0-1.el9.x86_64                          2/73 
#5 20.98   Verifying        : git-core-doc-2.52.0-1.el9.noarch                      3/73 
#5 20.98   Verifying        : perl-AutoLoader-5.74-484.el9_8.noarch                 4/73 
#5 20.98   Verifying        : perl-B-1.80-484.el9_8.x86_64                          5/73 
#5 20.98   Verifying        : perl-Carp-1.50-460.el9.noarch                         6/73 
#5 20.98   Verifying        : perl-Class-Struct-0.66-484.el9_8.noarch               7/73 
#5 20.98   Verifying        : perl-Data-Dumper-2.174-462.el9.x86_64                 8/73 
#5 20.98   Verifying        : perl-Digest-1.19-4.el9.noarch                         9/73 
#5 20.98   Verifying        : perl-Digest-MD5-2.58-4.el9.x86_64                    10/73 
#5 20.98   Verifying        : perl-DynaLoader-1.47-484.el9_8.x86_64                11/73 
#5 20.98   Verifying        : perl-Encode-4:3.08-462.el9.x86_64                    12/73 
#5 20.98   Verifying        : perl-Errno-1.30-484.el9_8.x86_64                     13/73 
#5 20.98   Verifying        : perl-Error-1:0.17029-7.el9.noarch                    14/73 
#5 20.98   Verifying        : perl-Exporter-5.74-461.el9.noarch                    15/73 
#5 20.98   Verifying        : perl-Fcntl-1.13-484.el9_8.x86_64                     16/73 
#5 20.98   Verifying        : perl-File-Basename-2.85-484.el9_8.noarch             17/73 
#5 20.98   Verifying        : perl-File-Path-2.18-4.el9.noarch                     18/73 
#5 20.98   Verifying        : perl-File-Temp-1:0.231.100-4.el9.noarch              19/73 
#5 20.98   Verifying        : perl-File-stat-1.09-484.el9_8.noarch                 20/73 
#5 20.98   Verifying        : perl-FileHandle-2.03-484.el9_8.noarch                21/73 
#5 20.98   Verifying        : perl-Getopt-Long-1:2.52-4.el9.noarch                 22/73 
#5 20.98   Verifying        : perl-Getopt-Std-1.12-484.el9_8.noarch                23/73 
#5 20.98   Verifying        : perl-Git-2.52.0-1.el9.noarch                         24/73 
#5 20.98   Verifying        : perl-HTTP-Tiny-0.076-462.el9.noarch                  25/73 
#5 20.98   Verifying        : perl-IO-1.43-484.el9_8.x86_64                        26/73 
#5 20.98   Verifying        : perl-IO-Socket-IP-0.41-5.el9.noarch                  27/73 
#5 20.98   Verifying        : perl-IO-Socket-SSL-2.073-2.el9.noarch                28/73 
#5 20.98   Verifying        : perl-IPC-Open3-1.21-484.el9_8.noarch                 29/73 
#5 20.98   Verifying        : perl-MIME-Base64-3.16-4.el9.x86_64                   30/73 
#5 20.98   Verifying        : perl-Mozilla-CA-20200520-6.el9.noarch                31/73 
#5 20.98   Verifying        : perl-NDBM_File-1.15-484.el9_8.x86_64                 32/73 
#5 20.98   Verifying        : perl-Net-SSLeay-1.94-3.el9.x86_64                    33/73 
#5 20.98   Verifying        : perl-POSIX-1.94-484.el9_8.x86_64                     34/73 
#5 20.98   Verifying        : perl-PathTools-3.78-461.el9.x86_64                   35/73 
#5 20.98   Verifying        : perl-Pod-Escapes-1:1.07-460.el9.noarch               36/73 
#5 20.98   Verifying        : perl-Pod-Perldoc-3.28.01-461.el9.noarch              37/73 
#5 20.98   Verifying        : perl-Pod-Simple-1:3.42-4.el9.noarch                  38/73 
#5 20.98   Verifying        : perl-Pod-Usage-4:2.01-4.el9.noarch                   39/73 
#5 20.98   Verifying        : perl-Scalar-List-Utils-4:1.56-462.el9.x86_64         40/73 
#5 20.98   Verifying        : perl-SelectSaver-1.02-484.el9_8.noarch               41/73 
#5 20.98   Verifying        : perl-Socket-4:2.031-4.el9.x86_64                     42/73 
#5 20.98   Verifying        : perl-Storable-1:3.21-460.el9.x86_64                  43/73 
#5 20.98   Verifying        : perl-Symbol-1.08-484.el9_8.noarch                    44/73 
#5 20.98   Verifying        : perl-Term-ANSIColor-5.01-461.el9.noarch              45/73 
#5 20.98   Verifying        : perl-Term-Cap-1.17-460.el9.noarch                    46/73 
#5 20.98   Verifying        : perl-TermReadKey-2.38-11.el9.x86_64                  47/73 
#5 20.98   Verifying        : perl-Text-ParseWords-3.30-460.el9.noarch             48/73 
#5 20.98   Verifying        : perl-Text-Tabs+Wrap-2013.0523-460.el9.noarch         49/73 
#5 20.98   Verifying        : perl-Time-Local-2:1.300-7.el9.noarch                 50/73 
#5 20.98   Verifying        : perl-URI-5.09-3.el9.noarch                           51/73 
#5 20.98   Verifying        : perl-base-2.27-484.el9_8.noarch                      52/73 
#5 20.98   Verifying        : perl-constant-1.33-461.el9.noarch                    53/73 
#5 20.98   Verifying        : perl-if-0.60.800-484.el9_8.noarch                    54/73 
#5 20.98   Verifying        : perl-interpreter-4:5.32.1-484.el9_8.x86_64           55/73 
#5 20.98   Verifying        : perl-lib-0.65-484.el9_8.x86_64                       56/73 
#5 20.98   Verifying        : perl-libnet-3.13-4.el9.noarch                        57/73 
#5 20.98   Verifying        : perl-libs-4:5.32.1-484.el9_8.x86_64                  58/73 
#5 20.98   Verifying        : perl-mro-1.23-484.el9_8.x86_64                       59/73 
#5 20.98   Verifying        : perl-overload-1.31-484.el9_8.noarch                  60/73 
#5 20.98   Verifying        : perl-overloading-0.02-484.el9_8.noarch               61/73 
#5 20.98   Verifying        : perl-parent-1:0.238-460.el9.noarch                   62/73 
#5 20.98   Verifying        : perl-podlators-1:4.14-460.el9.noarch                 63/73 
#5 20.98   Verifying        : perl-subs-1.03-484.el9_8.noarch                      64/73 
#5 20.98   Verifying        : perl-vars-1.05-484.el9_8.noarch                      65/73 
#5 20.98   Verifying        : groff-base-1.22.4-10.el9.x86_64                      66/73 
#5 20.98   Verifying        : libcbor-0.7.0-5.el9.x86_64                           67/73 
#5 20.98   Verifying        : libedit-3.1-39.20210216cvs.el9.x86_64                68/73 
#5 20.98   Verifying        : libfido2-1.13.0-2.el9.x86_64                         69/73 
#5 20.98   Verifying        : ncurses-6.2-12.20210508.el9.x86_64                   70/73 
#5 20.98   Verifying        : openssh-9.9p1-9.el9_8.alma.1.x86_64                  71/73 
#5 20.98   Verifying        : openssh-clients-9.9p1-9.el9_8.alma.1.x86_64          72/73 
#5 20.98   Verifying        : procps-ng-3.3.17-14.el9.x86_64                       73/73 
#5 21.84 
#5 21.84 Installed:
#5 21.84   git-2.52.0-1.el9.x86_64                                                       
#5 21.84   git-core-2.52.0-1.el9.x86_64                                                  
#5 21.84   git-core-doc-2.52.0-1.el9.noarch                                              
#5 21.84   groff-base-1.22.4-10.el9.x86_64                                               
#5 21.84   libcbor-0.7.0-5.el9.x86_64                                                    
#5 21.84   libedit-3.1-39.20210216cvs.el9.x86_64                                         
#5 21.84   libfido2-1.13.0-2.el9.x86_64                                                  
#5 21.84   ncurses-6.2-12.20210508.el9.x86_64                                            
#5 21.84   openssh-9.9p1-9.el9_8.alma.1.x86_64                                           
#5 21.84   openssh-clients-9.9p1-9.el9_8.alma.1.x86_64                                   
#5 21.84   perl-AutoLoader-5.74-484.el9_8.noarch                                         
#5 21.84   perl-B-1.80-484.el9_8.x86_64                                                  
#5 21.84   perl-Carp-1.50-460.el9.noarch                                                 
#5 21.84   perl-Class-Struct-0.66-484.el9_8.noarch                                       
#5 21.84   perl-Data-Dumper-2.174-462.el9.x86_64                                         
#5 21.84   perl-Digest-1.19-4.el9.noarch                                                 
#5 21.84   perl-Digest-MD5-2.58-4.el9.x86_64                                             
#5 21.84   perl-DynaLoader-1.47-484.el9_8.x86_64                                         
#5 21.84   perl-Encode-4:3.08-462.el9.x86_64                                             
#5 21.84   perl-Errno-1.30-484.el9_8.x86_64                                              
#5 21.84   perl-Error-1:0.17029-7.el9.noarch                                             
#5 21.84   perl-Exporter-5.74-461.el9.noarch                                             
#5 21.84   perl-Fcntl-1.13-484.el9_8.x86_64                                              
#5 21.84   perl-File-Basename-2.85-484.el9_8.noarch                                      
#5 21.84   perl-File-Path-2.18-4.el9.noarch                                              
#5 21.84   perl-File-Temp-1:0.231.100-4.el9.noarch                                       
#5 21.84   perl-File-stat-1.09-484.el9_8.noarch                                          
#5 21.84   perl-FileHandle-2.03-484.el9_8.noarch                                         
#5 21.84   perl-Getopt-Long-1:2.52-4.el9.noarch                                          
#5 21.84   perl-Getopt-Std-1.12-484.el9_8.noarch                                         
#5 21.84   perl-Git-2.52.0-1.el9.noarch                                                  
#5 21.84   perl-HTTP-Tiny-0.076-462.el9.noarch                                           
#5 21.84   perl-IO-1.43-484.el9_8.x86_64                                                 
#5 21.84   perl-IO-Socket-IP-0.41-5.el9.noarch                                           
#5 21.84   perl-IO-Socket-SSL-2.073-2.el9.noarch                                         
#5 21.84   perl-IPC-Open3-1.21-484.el9_8.noarch                                          
#5 21.84   perl-MIME-Base64-3.16-4.el9.x86_64                                            
#5 21.84   perl-Mozilla-CA-20200520-6.el9.noarch                                         
#5 21.84   perl-NDBM_File-1.15-484.el9_8.x86_64                                          
#5 21.84   perl-Net-SSLeay-1.94-3.el9.x86_64                                             
#5 21.84   perl-POSIX-1.94-484.el9_8.x86_64                                              
#5 21.84   perl-PathTools-3.78-461.el9.x86_64                                            
#5 21.84   perl-Pod-Escapes-1:1.07-460.el9.noarch                                        
#5 21.84   perl-Pod-Perldoc-3.28.01-461.el9.noarch                                       
#5 21.84   perl-Pod-Simple-1:3.42-4.el9.noarch                                           
#5 21.84   perl-Pod-Usage-4:2.01-4.el9.noarch                                            
#5 21.84   perl-Scalar-List-Utils-4:1.56-462.el9.x86_64                                  
#5 21.84   perl-SelectSaver-1.02-484.el9_8.noarch                                        
#5 21.84   perl-Socket-4:2.031-4.el9.x86_64                                              
#5 21.84   perl-Storable-1:3.21-460.el9.x86_64                                           
#5 21.84   perl-Symbol-1.08-484.el9_8.noarch                                             
#5 21.84   perl-Term-ANSIColor-5.01-461.el9.noarch                                       
#5 21.84   perl-Term-Cap-1.17-460.el9.noarch                                             
#5 21.84   perl-TermReadKey-2.38-11.el9.x86_64                                           
#5 21.84   perl-Text-ParseWords-3.30-460.el9.noarch                                      
#5 21.84   perl-Text-Tabs+Wrap-2013.0523-460.el9.noarch                                  
#5 21.84   perl-Time-Local-2:1.300-7.el9.noarch                                          
#5 21.84   perl-URI-5.09-3.el9.noarch                                                    
#5 21.84   perl-base-2.27-484.el9_8.noarch                                               
#5 21.84   perl-constant-1.33-461.el9.noarch                                             
#5 21.84   perl-if-0.60.800-484.el9_8.noarch                                             
#5 21.84   perl-interpreter-4:5.32.1-484.el9_8.x86_64                                    
#5 21.84   perl-lib-0.65-484.el9_8.x86_64                                                
#5 21.84   perl-libnet-3.13-4.el9.noarch                                                 
#5 21.84   perl-libs-4:5.32.1-484.el9_8.x86_64                                           
#5 21.84   perl-mro-1.23-484.el9_8.x86_64                                                
#5 21.84   perl-overload-1.31-484.el9_8.noarch                                           
#5 21.84   perl-overloading-0.02-484.el9_8.noarch                                        
#5 21.84   perl-parent-1:0.238-460.el9.noarch                                            
#5 21.84   perl-podlators-1:4.14-460.el9.noarch                                          
#5 21.84   perl-subs-1.03-484.el9_8.noarch                                               
#5 21.84   perl-vars-1.05-484.el9_8.noarch                                               
#5 21.84   procps-ng-3.3.17-14.el9.x86_64                                                
#5 21.84 
#5 21.84 Complete!
#5 22.08 26 files removed
#5 DONE 22.2s

#6 [3/5] RUN mamba create -y -n ribodetector         -c conda-forge         -c bioconda         python=3.10         ribodetector=0.3.3         bbmap         pigz         pip     && mamba clean -a -y
#6 0.632 Fetch Shard Index for conda-forge/linux-64                                                      ⧖ Starting
#6 0.827 Fetch Shard Index for conda-forge/linux-64                                                ✔ Done (0.2 sec)
#6 0.827 Fetch Shard Index for conda-forge/noarch                                                        ⧖ Starting
#6 1.021 Fetch Shard Index for conda-forge/noarch                                                  ✔ Done (0.2 sec)
#6 1.021 Fetching and Parsing Packages' Shards                                                           ⧖ Starting
#6 3.794 Fetching and Parsing Packages' Shards                                                     ✔ Done (2.8 sec)
#6 3.892 Fetch Shard Index for bioconda/linux-64                                                         ⧖ Starting
#6 4.052 Fetch Shard Index for bioconda/linux-64                                                   ✔ Done (0.2 sec)
#6 4.052 Fetch Shard Index for bioconda/noarch                                                           ⧖ Starting
#6 4.212 Fetch Shard Index for bioconda/noarch                                                     ✔ Done (0.2 sec)
#6 4.212 Fetching and Parsing Packages' Shards                                                           ⧖ Starting
#6 4.694 Fetching and Parsing Packages' Shards                                                     ✔ Done (0.5 sec)
#6 4.705 Using Cached Shard Index for conda-forge/linux-64                                                   ✔ Done
#6 4.711 Using Cached Shard Index for conda-forge/noarch                                                     ✔ Done
#6 4.711 Fetching and Parsing Packages' Shards                                                           ⧖ Starting
#6 14.08 Fetching and Parsing Packages' Shards                                                     ✔ Done (9.4 sec)
#6 14.76 Using Cached Shard Index for bioconda/linux-64                                                      ✔ Done
#6 14.76 Using Cached Shard Index for bioconda/noarch                                                        ✔ Done
#6 14.76 Fetching and Parsing Packages' Shards                                                           ⧖ Starting
#6 15.08 Fetching and Parsing Packages' Shards                                                     ✔ Done (0.3 sec)
#6 15.10 
#6 15.10 Resolving Environment                                                                           ⧖ Starting
#6 15.78 Resolving Environment                                                                     ✔ Done (0.7 sec)
#6 15.78 
#6 15.78 Transaction
#6 15.78 
#6 15.78   Prefix: /opt/conda/envs/ribodetector
#6 15.78 
#6 15.78   Updating specs:
#6 15.78 
#6 15.78    - python=3.10
#6 15.78    - ribodetector=0.3.3
#6 15.78    - bbmap
#6 15.78    - pigz
#6 15.78    - pip
#6 15.78 
#6 15.78 
#6 15.88 warning  libmamba Security Warning: This transaction includes executing package scripts (pre/post-link/unlink) if present. These scripts can contain arbitrary code. Please ensure you trust the package sources.
#6 15.88   Package                           Version  Build                       Channel           Size
#6 15.88 ─────────────────────────────────────────────────────────────────────────────────────────────────
#6 15.88   Install:
#6 15.88 ─────────────────────────────────────────────────────────────────────────────────────────────────
#6 15.88 
#6 15.88   + _openmp_mutex                       4.5  8_kmp_llvm                  conda-forge        8kB
#6 15.88   + alsa-lib                       1.2.16.1  h7cc23a3_1                  conda-forge      595kB
#6 15.88   + bbmap                             40.02  h09cc210_0                  bioconda         109MB
#6 15.88   + biopython                          1.88  py310h7c4b9e2_0             conda-forge        3MB
#6 15.88   + bzip2                             1.0.8  hda65f42_10                 conda-forge     Cached
#6 15.88   + c-ares                           1.34.8  hebe6cf0_2                  conda-forge     Cached
#6 15.88   + ca-certificates               2026.7.22  hbd8a1cb_0                  conda-forge     Cached
#6 15.88   + cairo                            1.18.4  h3394656_0                  conda-forge      978kB
#6 15.88   + cpython                         3.10.21  py310hd8ed1ab_0             conda-forge       50kB
#6 15.88   + filelock                         3.32.5  pyhd8ed1ab_0                conda-forge       79kB
#6 15.88   + fmt                              12.1.0  h76c4fd7_1                  conda-forge     Cached
#6 15.88   + font-ttf-dejavu-sans-mono          2.37  hab24e00_0                  conda-forge      397kB
#6 15.88   + font-ttf-inconsolata              3.000  h77eed37_0                  conda-forge       97kB
#6 15.88   + font-ttf-source-code-pro          2.038  h77eed37_0                  conda-forge      701kB
#6 15.88   + font-ttf-ubuntu                    0.83  h77eed37_3                  conda-forge        2MB
#6 15.88   + fontconfig                       2.18.3  h4db4eae_1                  conda-forge      296kB
#6 15.88   + fonts-conda-ecosystem                 1  0                           conda-forge        4kB
#6 15.88   + fonts-conda-forge                     1  hc364b38_1                  conda-forge        4kB
#6 15.88   + freetype                         2.14.3  ha770c72_2                  conda-forge      175kB
#6 15.88   + fsspec                         2026.7.0  pyhd8ed1ab_0                conda-forge      152kB
#6 15.88   + giflib                            5.2.2  ha257d8a_1                  conda-forge       77kB
#6 15.88   + gmp                               6.3.0  hfd2156b_3                  conda-forge      493kB
#6 15.88   + gmpy2                             2.3.1  py310haf1ad51_0             conda-forge      312kB
#6 15.88   + graphite2                        1.3.15  h54a6638_1                  conda-forge      103kB
#6 15.88   + harfbuzz                         12.1.0  h15599e2_0                  conda-forge        2MB
#6 15.88   + htslib                             1.24  ha79157c_0                  bioconda           1MB
#6 15.88   + icu                                75.1  he02047a_0                  conda-forge       12MB
#6 15.88   + jinja2                            3.1.6  pyhcf101f3_1                conda-forge     Cached
#6 15.88   + keyutils                          1.6.3  h7cc23a3_1                  conda-forge     Cached
#6 15.88   + krb5                             1.22.2  hbc21106_2                  conda-forge     Cached
#6 15.88   + lcms2                            2.19.1  h9073bf1_3                  conda-forge      254kB
#6 15.88   + ld_impl_linux-64                 2.46.1  default_hbd61a6d_102        conda-forge      745kB
#6 15.88   + lerc                              4.2.0  hdb68285_0                  conda-forge      271kB
#6 15.88   + libabseil                    20260526.0  cxx17_h0dc7533_2            conda-forge        1MB
#6 15.88   + libblas                          3.11.0  11_h5875eb1_mkl             conda-forge       19kB
#6 15.88   + libcblas                         3.11.0  11_hfef963f_mkl             conda-forge       18kB
#6 15.88   + libcups                           2.3.3  h7a8fb5f_6                  conda-forge        5MB
#6 15.88   + libcurl                          8.21.0  hcf29cc6_1                  conda-forge      479kB
#6 15.88   + libdeflate                         1.25  hd45a770_1                  conda-forge       74kB
#6 15.88   + libedit                    3.1.20250104  pl5321h373387f_1            conda-forge     Cached
#6 15.88   + libev                              4.33  h280c20c_3                  conda-forge     Cached
#6 15.88   + libexpat                          2.8.1  hecca717_1                  conda-forge     Cached
#6 15.88   + libffi                            3.4.6  h2dba641_1                  conda-forge       57kB
#6 15.88   + libfreetype                      2.14.3  ha770c72_2                  conda-forge        8kB
#6 15.88   + libfreetype6                     2.14.3  h5e6c136_2                  conda-forge      388kB
#6 15.88   + libgcc                           16.2.0  ha9f2e26_5                  conda-forge        1MB
#6 15.88   + libgcc-ng                        16.2.0  h69a702a_5                  conda-forge       29kB
#6 15.88   + libglib                          2.86.0  h1fed272_0                  conda-forge        4MB
#6 15.88   + libhwloc                         2.13.0  default_he001693_1000       conda-forge        2MB
#6 15.88   + libiconv                           1.18  h0cb94f2_3                  conda-forge     Cached
#6 15.88   + libjpeg-turbo                     3.2.0  hb03c661_1                  conda-forge      650kB
#6 15.88   + liblapack                        3.11.0  11_h5e43f62_mkl             conda-forge       18kB
#6 15.88   + liblzma                           5.8.3  hb03c661_1                  conda-forge     Cached
#6 15.88   + liblzma-devel                     5.8.3  hb03c661_1                  conda-forge      492kB
#6 15.88   + libnghttp2                       1.68.1  h74cf4be_1                  conda-forge     Cached
#6 15.88   + libnsl                            2.0.1  hb9d3cd8_1                  conda-forge       34kB
#6 15.88   + libpng                           1.6.58  h922cc85_1                  conda-forge      317kB
#6 15.88   + libprotobuf                      7.35.1  h622638d_3                  conda-forge        4MB
#6 15.88   + libsqlite                        3.53.4  h0737f62_1                  conda-forge      969kB
#6 15.88   + libssh2                          1.11.1  h6154650_1                  conda-forge     Cached
#6 15.88   + libstdcxx                        16.2.0  h934c35e_5                  conda-forge        7MB
#6 15.88   + libstdcxx-ng                     16.2.0  hdf11a46_5                  conda-forge       29kB
#6 15.88   + libtiff                           4.7.2  hcc2c06a_1                  conda-forge      460kB
#6 15.88   + libtorch                         2.13.0  cpu_mkl_h40bd1c6_102        conda-forge       61MB
#6 15.88   + libuuid                          2.42.3  hcfc3c73_0                  conda-forge     Cached
#6 15.88   + libuv                            1.52.1  h280c20c_1                  conda-forge      420kB
#6 15.88   + libwebp-base                      1.6.0  hd42ef1d_1                  conda-forge      428kB
#6 15.88   + libxcb                           1.17.0  hb83e432_2                  conda-forge      395kB
#6 15.88   + libxml2                          2.15.1  h26afc86_0                  conda-forge       45kB
#6 15.88   + libxml2-16                       2.15.1  ha9997c6_0                  conda-forge      556kB
#6 15.88   + libzlib                           1.3.2  h25fd6f3_3                  conda-forge     Cached
#6 15.88   + llvm-openmp                      23.1.1  h7148c6a_0                  conda-forge        6MB
#6 15.88   + markupsafe                        3.0.3  py310h3406613_1             conda-forge       24kB
#6 15.88   + mkl                            2026.1.0  hd2095e1_245                conda-forge      142MB
#6 15.88   + mpc                               1.4.0  ha2cb11d_1                  conda-forge      101kB
#6 15.88   + mpfr                              4.2.2  ha2cb11d_1                  conda-forge      730kB
#6 15.88   + mpmath                            1.4.1  pyhd8ed1ab_0                conda-forge      465kB
#6 15.88   + ncurses                             6.6  hdb14827_1                  conda-forge     Cached
#6 15.88   + networkx                          3.4.2  pyh267e887_2                conda-forge        1MB
#6 15.88   + numpy                             2.2.6  py310hefbff90_0             conda-forge        8MB
#6 15.88   + onednn                             3.12  omp_h83de36e_0              conda-forge       13MB
#6 15.88   + onnxruntime                      1.29.0  py310hb3d8b4a_0_cpu         conda-forge       17MB
#6 15.88   + openjdk                          25.0.1  h5755bd7_0                  conda-forge      117MB
#6 15.88   + openssl                           3.6.4  h781a0a9_0                  conda-forge     Cached
#6 15.88   + optree                           0.20.0  py310h30172d9_0             conda-forge      526kB
#6 15.88   + packaging                          26.3  pyhc364b38_0                conda-forge     Cached
#6 15.88   + pandas                            2.3.3  py310h0158d43_2             conda-forge       12MB
#6 15.88   + pcre2                             10.46  h1321c63_0                  conda-forge        1MB
#6 15.88   + pigz                                2.8  h421ea60_2                  conda-forge       81kB
#6 15.88   + pip                              26.2.1  pyh8b19718_0                conda-forge        1MB
#6 15.88   + pixman                           0.46.4  h54a6638_3                  conda-forge      377kB
#6 15.88   + protobuf                         7.35.1  py310hffa8988_1             conda-forge      411kB
#6 15.88   + pthread-stubs                       0.4  h7cc23a3_1004               conda-forge       10kB
#6 15.88   + pybind11                          3.0.4  pyh293190f_0                conda-forge      251kB
#6 15.88   + pybind11-abi                         11  hc364b38_1                  conda-forge     Cached
#6 15.88   + pybind11-global                   3.0.4  pyh648e204_0                conda-forge      244kB
#6 15.88   + python                           3.10.0  h543edf9_3_cpython          conda-forge       31MB
#6 15.88   + python-dateutil             2.9.0.post0  pyhe01879c_2                conda-forge      233kB
#6 15.88   + python-flatbuffers             25.12.19  pyh9d96877_0                conda-forge       36kB
#6 15.88   + python-tzdata                    2026.3  pyhd8ed1ab_0                conda-forge      147kB
#6 15.88   + python_abi                         3.10  9_cp310                     conda-forge        7kB
#6 15.88   + pytorch                          2.13.0  cpu_mkl_py310_h4f736ff_102  conda-forge       23MB
#6 15.88   + pytz                       2026.3.post1  pyhcf101f3_0                conda-forge      201kB
#6 15.88   + readline                            8.3  hd6e31c0_1                  conda-forge     Cached
#6 15.88   + ribodetector                      0.3.3  pyhdfd78af_0                bioconda           1MB
#6 15.88   + samtools                           1.24  h9dcdb79_1                  bioconda         504kB
#6 15.88   + setuptools                       81.0.0  pyh332efcf_0                conda-forge      677kB
#6 15.88   + six                              1.17.0  pyhe01879c_1                conda-forge       18kB
#6 15.88   + sleef                             3.9.0  ha0421bc_0                  conda-forge        2MB
#6 15.88   + sqlite                           3.53.4  h6e79ffa_1                  conda-forge      206kB
#6 15.88   + sympy                            1.14.0  pyh2585a3b_106              conda-forge        5MB
#6 15.88   + tbb                            2023.1.0  hfd44327_0                  conda-forge      187kB
#6 15.88   + tk                               8.6.13  noxft_h1df4ec4_4            conda-forge     Cached
#6 15.88   + tqdm                             4.70.0  pyh8f84b5b_0                conda-forge     Cached
#6 15.88   + typing-extensions                4.16.0  h69aa097_0                  conda-forge     Cached
#6 15.88   + typing_extensions                4.16.0  pyhcf101f3_0                conda-forge     Cached
#6 15.88   + tzdata                            2026c  h151e31d_0                  conda-forge     Cached
#6 15.88   + wheel                            0.48.0  pyhd8ed1ab_0                conda-forge       35kB
#6 15.88   + xorg-libice                       1.1.2  h280c20c_0                  conda-forge       63kB
#6 15.88   + xorg-libsm                        1.2.6  h0d788c3_1                  conda-forge       31kB
#6 15.88   + xorg-libx11                      1.8.13  he1eb515_1                  conda-forge      840kB
#6 15.88   + xorg-libxau                      1.0.12  h7cc23a3_2                  conda-forge       19kB
#6 15.88   + xorg-libxdmcp                     1.1.5  h7cc23a3_2                  conda-forge       23kB
#6 15.88   + xorg-libxext                      1.3.7  h7cc23a3_1                  conda-forge       53kB
#6 15.88   + xorg-libxfixes                    6.0.2  h7cc23a3_1                  conda-forge       21kB
#6 15.88   + xorg-libxi                        1.8.3  h7cc23a3_1                  conda-forge       49kB
#6 15.88   + xorg-libxrandr                    1.5.5  h7cc23a3_1                  conda-forge       31kB
#6 15.88   + xorg-libxrender                  0.9.12  hb03c661_1                  conda-forge       35kB
#6 15.88   + xorg-libxt                        1.3.1  h7cc23a3_1                  conda-forge      384kB
#6 15.88   + xorg-libxtst                      1.2.5  h7cc23a3_4                  conda-forge       35kB
#6 15.88   + xz                                5.8.3  ha02ee65_1                  conda-forge       24kB
#6 15.88   + xz-gpl-tools                      5.8.3  ha02ee65_1                  conda-forge       40kB
#6 15.88   + xz-tools                          5.8.3  hb03c661_1                  conda-forge       96kB
#6 15.88   + zstd                              1.5.7  hb78ec9c_7                  conda-forge     Cached
#6 15.88 
#6 15.88   Summary:
#6 15.88 
#6 15.88   Install: 134 packages
#6 15.88 
#6 15.88   Total download: 613MB
#6 15.88 
#6 15.88 ─────────────────────────────────────────────────────────────────────────────────────────────────
#6 15.88 
#6 15.88 
#6 15.88 
#6 15.88 Transaction starting
#6 22.08 Linking python_abi-3.10-9_cp310
#6 22.08 Linking pybind11-abi-11-hc364b38_1
#6 22.08 Linking tzdata-2026c-h151e31d_0
#6 22.22 Linking font-ttf-dejavu-sans-mono-2.37-hab24e00_0
#6 22.22 Linking font-ttf-inconsolata-3.000-h77eed37_0
#6 22.22 Linking font-ttf-source-code-pro-2.038-h77eed37_0
#6 22.22 Linking font-ttf-ubuntu-0.83-h77eed37_3
#6 22.22 Linking ca-certificates-2026.7.22-hbd8a1cb_0
#6 22.22 Linking fonts-conda-forge-1-hc364b38_1
#6 22.22 Linking fonts-conda-ecosystem-1-0
#6 22.22 Linking libzlib-1.3.2-h25fd6f3_3
#6 22.22 Linking llvm-openmp-23.1.1-h7148c6a_0
#6 22.22 Linking zstd-1.5.7-hb78ec9c_7
#6 22.22 Linking _openmp_mutex-4.5-8_kmp_llvm
#6 22.23 Linking ld_impl_linux-64-2.46.1-default_hbd61a6d_102
#6 22.24 Linking libgcc-16.2.0-ha9f2e26_5
#6 22.24 Linking xorg-libxau-1.0.12-h7cc23a3_2
#6 22.24 Linking xorg-libxdmcp-1.1.5-h7cc23a3_2
#6 22.24 Linking xorg-libice-1.1.2-h280c20c_0
#6 22.24 Linking c-ares-1.34.8-hebe6cf0_2
#6 22.27 Linking libev-4.33-h280c20c_3
#6 22.27 Linking keyutils-1.6.3-h7cc23a3_1
#6 22.28 Linking alsa-lib-1.2.16.1-h7cc23a3_1
#6 22.29 Linking libwebp-base-1.6.0-hd42ef1d_1
#6 22.29 Linking libdeflate-1.25-hd45a770_1
#6 22.29 Linking pthread-stubs-0.4-h7cc23a3_1004
#6 22.29 Linking libjpeg-turbo-3.2.0-hb03c661_1
#6 22.29 Linking giflib-5.2.2-ha257d8a_1
#6 22.29 Linking libsqlite-3.53.4-h0737f62_1
#6 22.29 Linking libiconv-1.18-h0cb94f2_3
#6 22.31 Linking libpng-1.6.58-h922cc85_1
#6 22.31 Linking libexpat-2.8.1-hecca717_1
#6 22.31 Linking bzip2-1.0.8-hda65f42_10
#6 22.31 Linking libnsl-2.0.1-hb9d3cd8_1
#6 22.31 Linking libuuid-2.42.3-hcfc3c73_0
#6 22.31 Linking libffi-3.4.6-h2dba641_1
#6 22.32 Linking openssl-3.6.4-h781a0a9_0
#6 22.35 Linking liblzma-5.8.3-hb03c661_1
#6 22.35 Linking ncurses-6.6-hdb14827_1
#6 23.54 Linking tk-8.6.13-noxft_h1df4ec4_4
#6 23.63 Linking libuv-1.52.1-h280c20c_1
#6 23.63 Linking libgcc-ng-16.2.0-h69a702a_5
#6 23.63 Linking libstdcxx-16.2.0-h934c35e_5
#6 23.63 Linking pigz-2.8-h421ea60_2
#6 23.63 Linking libxcb-1.17.0-hb83e432_2
#6 23.64 Linking libfreetype6-2.14.3-h5e6c136_2
#6 23.64 Linking pcre2-10.46-h1321c63_0
#6 23.65 Linking xorg-libsm-1.2.6-h0d788c3_1
#6 23.65 Linking libssh2-1.11.1-h6154650_1
#6 23.68 Linking xz-gpl-tools-5.8.3-ha02ee65_1
#6 23.68 Linking liblzma-devel-5.8.3-hb03c661_1
#6 23.71 Linking xz-tools-5.8.3-hb03c661_1
#6 23.71 Linking libedit-3.1.20250104-pl5321h373387f_1
#6 23.72 Linking readline-8.3-hd6e31c0_1
#6 23.72 Linking graphite2-1.3.15-h54a6638_1
#6 23.73 Linking libnghttp2-1.68.1-h74cf4be_1
#6 23.73 Linking lerc-4.2.0-hdb68285_0
#6 23.73 Linking gmp-6.3.0-hfd2156b_3
#6 23.73 Linking pixman-0.46.4-h54a6638_3
#6 23.73 Linking libstdcxx-ng-16.2.0-hdf11a46_5
#6 23.73 Linking onednn-3.12-omp_h83de36e_0
#6 23.73 Linking fmt-12.1.0-h76c4fd7_1
#6 23.74 Linking libabseil-20260526.0-cxx17_h0dc7533_2
#6 23.80 Linking sleef-3.9.0-ha0421bc_0
#6 23.80 Linking xorg-libx11-1.8.13-he1eb515_1
#6 23.82 Linking libfreetype-2.14.3-ha770c72_2
#6 23.82 Linking libglib-2.86.0-h1fed272_0
#6 23.83 Linking xz-5.8.3-ha02ee65_1
#6 23.83 Linking krb5-1.22.2-hbc21106_2
#6 23.86 Linking sqlite-3.53.4-h6e79ffa_1
#6 23.86 Linking libtiff-4.7.2-hcc2c06a_1
#6 23.86 Linking mpfr-4.2.2-ha2cb11d_1
#6 23.86 Linking icu-75.1-he02047a_0
#6 23.87 Linking libprotobuf-7.35.1-h622638d_3
#6 23.89 Linking xorg-libxfixes-6.0.2-h7cc23a3_1
#6 23.89 Linking xorg-libxt-1.3.1-h7cc23a3_1
#6 23.90 Linking xorg-libxrender-0.9.12-hb03c661_1
#6 23.90 Linking xorg-libxext-1.3.7-h7cc23a3_1
#6 23.90 Linking freetype-2.14.3-ha770c72_2
#6 23.90 Linking fontconfig-2.18.3-h4db4eae_1
#6 23.91 Linking libcurl-8.21.0-hcf29cc6_1
#6 23.91 Linking libcups-2.3.3-h7a8fb5f_6
#6 23.92 Linking python-3.10.0-h543edf9_3_cpython
#6 24.07 Linking lcms2-2.19.1-h9073bf1_3
#6 24.08 Linking mpc-1.4.0-ha2cb11d_1
#6 24.08 Linking libxml2-16-2.15.1-ha9997c6_0
#6 24.08 Linking xorg-libxrandr-1.5.5-h7cc23a3_1
#6 24.08 Linking xorg-libxi-1.8.3-h7cc23a3_1
#6 24.08 Linking cairo-1.18.4-h3394656_0
#6 24.08 Linking markupsafe-3.0.3-py310h3406613_1
#6 24.09 Linking protobuf-7.35.1-py310hffa8988_1
#6 24.09 Linking gmpy2-2.3.1-py310haf1ad51_0
#6 24.09 Linking libxml2-2.15.1-h26afc86_0
#6 24.09 Linking xorg-libxtst-1.2.5-h7cc23a3_4
#6 24.09 Linking harfbuzz-12.1.0-h15599e2_0
#6 24.10 Linking libhwloc-2.13.0-default_he001693_1000
#6 24.12 Linking openjdk-25.0.1-h5755bd7_0
#6 24.36 Linking tbb-2023.1.0-hfd44327_0
#6 24.36 Linking mkl-2026.1.0-hd2095e1_245
#6 24.36 Linking libblas-3.11.0-11_h5875eb1_mkl
#6 24.39 Linking libcblas-3.11.0-11_hfef963f_mkl
#6 24.41 Linking liblapack-3.11.0-11_h5e43f62_mkl
#6 24.43 Linking libtorch-2.13.0-cpu_mkl_h40bd1c6_102
#6 24.80 Linking numpy-2.2.6-py310hefbff90_0
#6 24.86 Linking biopython-1.88-py310h7c4b9e2_0
#6 24.90 Linking htslib-1.24-ha79157c_0
#6 24.92 Linking samtools-1.24-h9dcdb79_1
#6 24.92 Linking bbmap-40.02-h09cc210_0
#6 25.66 Linking pybind11-global-3.0.4-pyh648e204_0
#6 25.66 Linking python-flatbuffers-25.12.19-pyh9d96877_0
#6 25.67 Linking six-1.17.0-pyhe01879c_1
#6 25.67 Linking mpmath-1.4.1-pyhd8ed1ab_0
#6 25.68 Linking cpython-3.10.21-py310hd8ed1ab_0
#6 25.68 Linking packaging-26.3-pyhc364b38_0
#6 25.69 Linking tqdm-4.70.0-pyh8f84b5b_0
#6 25.70 Linking networkx-3.4.2-pyh267e887_2
#6 25.73 Linking filelock-3.32.5-pyhd8ed1ab_0
#6 25.73 Linking typing_extensions-4.16.0-pyhcf101f3_0
#6 25.74 Linking fsspec-2026.7.0-pyhd8ed1ab_0
#6 25.74 Linking setuptools-81.0.0-pyh332efcf_0
#6 25.79 Linking python-tzdata-2026.3-pyhd8ed1ab_0
#6 25.85 Linking pytz-2026.3.post1-pyhcf101f3_0
#6 25.90 Linking jinja2-3.1.6-pyhcf101f3_1
#6 25.93 Linking pybind11-3.0.4-pyh293190f_0
#6 25.94 Linking python-dateutil-2.9.0.post0-pyhe01879c_2
#6 25.94 Linking sympy-1.14.0-pyh2585a3b_106
#6 26.07 Linking wheel-0.48.0-pyhd8ed1ab_0
#6 26.08 Linking typing-extensions-4.16.0-h69aa097_0
#6 26.09 Linking pip-26.2.1-pyh8b19718_0
#6 26.14 Linking onnxruntime-1.29.0-py310hb3d8b4a_0_cpu
#6 26.20 Linking pandas-2.3.3-py310h0158d43_2
#6 26.38 Linking optree-0.20.0-py310h30172d9_0
#6 26.39 Linking pytorch-2.13.0-cpu_mkl_py310_h4f736ff_102
#6 26.87 Linking ribodetector-0.3.3-pyhdfd78af_0
#6 26.90 
#6 26.90 Transaction finished
#6 26.90 
#6 26.90 
#6 26.90 To activate this environment, use:
#6 26.90 
#6 26.90     mamba activate ribodetector
#6 26.90 
#6 26.90 Or to execute a single command in this environment, use:
#6 26.90 
#6 26.90     mamba run -n ribodetector mycommand
#6 26.90 
#6 26.96 Collect information..
#6 26.96 Cleaning index cache..
#6 26.99 Cleaning lock files..
#6 27.17   Package file                                           Size
#6 27.17 ───────────────────────────────────────────────────────────────
#6 27.17   /opt/conda/pkgs
#6 27.17 ───────────────────────────────────────────────────────────────
#6 27.17 
#6 27.17   _openmp_mutex-4.5-8_kmp_llvm.conda                      8kB
#6 27.17   a.tar.bz2                                             123 B
#6 27.17   alsa-lib-1.2.16.1-h7cc23a3_1.conda                    595kB
#6 27.17   another_bad_package.conda                               0 B
#6 27.17   b.tar.bz2                                             125 B
#6 27.17   bad_package.tar.bz2                                    16 B
#6 27.17   bbmap-40.02-h09cc210_0.conda                          109MB
#6 27.17   biopython-1.88-py310h7c4b9e2_0.conda                    3MB
#6 27.17   cairo-1.18.4-h3394656_0.conda                         978kB
#6 27.17   conda-forge-repodata-patches-20180828-0.tar.bz2        33kB
#6 27.17   conda-index-pkg-a-1.0-py27h5e241af_0.conda              9kB
#6 27.17   conda-index-pkg-a-1.0-py27h5e241af_0.tar.bz2            9kB
#6 27.17   conda-index-pkg-a-1.0-pyhed9eced_1.tar.bz2              8kB
#6 27.17   cph_test_data-0.0.1-0.tar.bz2                           3kB
#6 27.17   cpython-3.10.21-py310hd8ed1ab_0.conda                  50kB
#6 27.17   dummy-package-1.0-0.tar.bz2                             3kB
#6 27.17   dummy-package-2.0-0.tar.bz2                             3kB
#6 27.17   filelock-3.32.5-pyhd8ed1ab_0.conda                     79kB
#6 27.17   flask-0.11.1-py_0.tar.bz2                               5kB
#6 27.17   fly-2.5.2-0.tar.bz2                                     6kB
#6 27.17   font-ttf-dejavu-sans-mono-2.37-hab24e00_0.tar.bz2     397kB
#6 27.17   font-ttf-inconsolata-3.000-h77eed37_0.tar.bz2          97kB
#6 27.17   font-ttf-source-code-pro-2.038-h77eed37_0.tar.bz2     701kB
#6 27.17   font-ttf-ubuntu-0.83-h77eed37_3.conda                   2MB
#6 27.17   fontconfig-2.18.3-h4db4eae_1.conda                    296kB
#6 27.17   fonts-conda-ecosystem-1-0.tar.bz2                       4kB
#6 27.17   fonts-conda-forge-1-hc364b38_1.conda                    4kB
#6 27.17   freetype-2.14.3-ha770c72_2.conda                      175kB
#6 27.17   fsspec-2026.7.0-pyhd8ed1ab_0.conda                    152kB
#6 27.17   giflib-5.2.2-ha257d8a_1.conda                          77kB
#6 27.17   gmp-6.3.0-hfd2156b_3.conda                            493kB
#6 27.17   gmpy2-2.3.1-py310haf1ad51_0.conda                     312kB
#6 27.17   graphite2-1.3.15-h54a6638_1.conda                     103kB
#6 27.17   harfbuzz-12.1.0-h15599e2_0.conda                        2MB
#6 27.17   hotfix_depends_test-1.0-dummy_0.conda                   3kB
#6 27.17   hotfix_depends_test-1.0-dummy_0.tar.bz2                 2kB
#6 27.17   htslib-1.24-ha79157c_0.conda                            1MB
#6 27.17   icu-75.1-he02047a_0.conda                              12MB
#6 27.17   lcms2-2.19.1-h9073bf1_3.conda                         254kB
#6 27.17   ld_impl_linux-64-2.46.1-default_hbd61a6d_102.conda    745kB
#6 27.17   lerc-4.2.0-hdb68285_0.conda                           271kB
#6 27.17   libabseil-20260526.0-cxx17_h0dc7533_2.conda             1MB
#6 27.17   libblas-3.11.0-11_h5875eb1_mkl.conda                   19kB
#6 27.17   libcblas-3.11.0-11_hfef963f_mkl.conda                  18kB
#6 27.17   libcups-2.3.3-h7a8fb5f_6.conda                          5MB
#6 27.17   libcurl-8.21.0-hcf29cc6_1.conda                       479kB
#6 27.17   libdeflate-1.25-hd45a770_1.conda                       74kB
#6 27.17   libffi-3.4.6-h2dba641_1.conda                          57kB
#6 27.17   libfreetype-2.14.3-ha770c72_2.conda                     8kB
#6 27.17   libfreetype6-2.14.3-h5e6c136_2.conda                  388kB
#6 27.17   libgcc-16.2.0-ha9f2e26_5.conda                          1MB
#6 27.17   libgcc-ng-16.2.0-h69a702a_5.conda                      29kB
#6 27.17   libglib-2.86.0-h1fed272_0.conda                         4MB
#6 27.17   libhwloc-2.13.0-default_he001693_1000.conda             2MB
#6 27.17   libjpeg-turbo-3.2.0-hb03c661_1.conda                  650kB
#6 27.17   liblapack-3.11.0-11_h5e43f62_mkl.conda                 18kB
#6 27.17   liblzma-devel-5.8.3-hb03c661_1.conda                  492kB
#6 27.17   libnsl-2.0.1-hb9d3cd8_1.conda                          34kB
#6 27.17   libpng-1.6.58-h922cc85_1.conda                        317kB
#6 27.17   libprotobuf-7.35.1-h622638d_3.conda                     4MB
#6 27.17   libsqlite-3.53.4-h0737f62_1.conda                     969kB
#6 27.17   libstdcxx-16.2.0-h934c35e_5.conda                       7MB
#6 27.17   libstdcxx-ng-16.2.0-hdf11a46_5.conda                   29kB
#6 27.17   libtiff-4.7.2-hcc2c06a_1.conda                        460kB
#6 27.17   libtorch-2.13.0-cpu_mkl_h40bd1c6_102.conda             61MB
#6 27.17   libuv-1.52.1-h280c20c_1.conda                         420kB
#6 27.17   libwebp-base-1.6.0-hd42ef1d_1.conda                   428kB
#6 27.17   libxcb-1.17.0-hb83e432_2.conda                        395kB
#6 27.17   libxml2-16-2.15.1-ha9997c6_0.conda                    556kB
#6 27.17   libxml2-2.15.1-h26afc86_0.conda                        45kB
#6 27.17   llvm-openmp-23.1.1-h7148c6a_0.conda                     6MB
#6 27.17   markupsafe-3.0.3-py310h3406613_1.conda                 24kB
#6 27.17   mkl-2026.1.0-hd2095e1_245.conda                       142MB
#6 27.17   mock-2.0.0-py37_1000.conda                            113kB
#6 27.17   mock-2.0.0-py37_1000.tar.bz2                          107kB
#6 27.17   mpc-1.4.0-ha2cb11d_1.conda                            101kB
#6 27.17   mpfr-4.2.2-ha2cb11d_1.conda                           730kB
#6 27.17   mpmath-1.4.1-pyhd8ed1ab_0.conda                       465kB
#6 27.17   nano-2.4.1-0.tar.bz2                                  790 B
#6 27.17   networkx-3.4.2-pyh267e887_2.conda                       1MB
#6 27.17   numpy-2.2.6-py310hefbff90_0.conda                       8MB
#6 27.17   onednn-3.12-omp_h83de36e_0.conda                       13MB
#6 27.17   onnxruntime-1.29.0-py310hb3d8b4a_0_cpu.conda           17MB
#6 27.17   openjdk-25.0.1-h5755bd7_0.conda                       117MB
#6 27.17   optree-0.20.0-py310h30172d9_0.conda                   526kB
#6 27.17   pandas-2.3.3-py310h0158d43_2.conda                     12MB
#6 27.17   pcre2-10.46-h1321c63_0.conda                            1MB
#6 27.17   pigz-2.8-h421ea60_2.conda                              81kB
#6 27.17   pip-26.2.1-pyh8b19718_0.conda                           1MB
#6 27.17   pixman-0.46.4-h54a6638_3.conda                        377kB
#6 27.17   protobuf-7.35.1-py310hffa8988_1.conda                 411kB
#6 27.17   pthread-stubs-0.4-h7cc23a3_1004.conda                  10kB
#6 27.17   pybind11-3.0.4-pyh293190f_0.conda                     251kB
#6 27.17   pybind11-global-3.0.4-pyh648e204_0.conda              244kB
#6 27.17   python-3.10.0-h543edf9_3_cpython.tar.bz2               31MB
#6 27.17   python-dateutil-2.9.0.post0-pyhe01879c_2.conda        233kB
#6 27.17   python-flatbuffers-25.12.19-pyh9d96877_0.conda         36kB
#6 27.17   python-tzdata-2026.3-pyhd8ed1ab_0.conda               147kB
#6 27.17   python_abi-3.10-9_cp310.conda                           7kB
#6 27.17   pytorch-2.13.0-cpu_mkl_py310_h4f736ff_102.conda        23MB
#6 27.17   pytz-2026.3.post1-pyhcf101f3_0.conda                  201kB
#6 27.17   remove_test-1.0-0.conda                                 3kB
#6 27.17   remove_test-1.0-0.tar.bz2                               2kB
#6 27.17   revoke_test-1.0-0.conda                                 3kB
#6 27.17   revoke_test-1.0-0.tar.bz2                               2kB
#6 27.17   ribodetector-0.3.3-pyhdfd78af_0.conda                   1MB
#6 27.17   run_exports_versions-1.0-he35c369_0.tar.bz2             3kB
#6 27.17   run_exports_versions-2.0-h39de5ba_0.tar.bz2             3kB
#6 27.17   samtools-1.24-h9dcdb79_1.conda                        504kB
#6 27.17   setuptools-81.0.0-pyh332efcf_0.conda                  677kB
#6 27.17   six-1.17.0-pyhe01879c_1.conda                          18kB
#6 27.17   sleef-3.9.0-ha0421bc_0.conda                            2MB
#6 27.17   spiffy-test-app-0.5-pyh6afbcc8_0.tar.bz2                4kB
#6 27.17   sqlite-3.53.4-h6e79ffa_1.conda                        206kB
#6 27.17   subfolder.tar.bz2                                     174 B
#6 27.17   subfolder2.tar.bz2                                    176 B
#6 27.17   sympy-1.14.0-pyh2585a3b_106.conda                       5MB
#6 27.17   tbb-2023.1.0-hfd44327_0.conda                         187kB
#6 27.17   test_debug_pkg-1.0-0.tar.bz2                            4kB
#6 27.17   test_index_of_removed_pkg-1.0-1.tar.bz2                 2kB
#6 27.17   track_features_test-1.0-0.conda                         3kB
#6 27.17   track_features_test-1.0-0.tar.bz2                       2kB
#6 27.17   wheel-0.48.0-pyhd8ed1ab_0.conda                        35kB
#6 27.17   xorg-libice-1.1.2-h280c20c_0.conda                     63kB
#6 27.17   xorg-libsm-1.2.6-h0d788c3_1.conda                      31kB
#6 27.17   xorg-libx11-1.8.13-he1eb515_1.conda                   840kB
#6 27.17   xorg-libxau-1.0.12-h7cc23a3_2.conda                    19kB
#6 27.17   xorg-libxdmcp-1.1.5-h7cc23a3_2.conda                   23kB
#6 27.17   xorg-libxext-1.3.7-h7cc23a3_1.conda                    53kB
#6 27.17   xorg-libxfixes-6.0.2-h7cc23a3_1.conda                  21kB
#6 27.17   xorg-libxi-1.8.3-h7cc23a3_1.conda                      49kB
#6 27.17   xorg-libxrandr-1.5.5-h7cc23a3_1.conda                  31kB
#6 27.17   xorg-libxrender-0.9.12-hb03c661_1.conda                35kB
#6 27.17   xorg-libxt-1.3.1-h7cc23a3_1.conda                     384kB
#6 27.17   xorg-libxtst-1.2.5-h7cc23a3_4.conda                    35kB
#6 27.17   xz-5.8.3-ha02ee65_1.conda                              24kB
#6 27.17   xz-gpl-tools-5.8.3-ha02ee65_1.conda                    40kB
#6 27.17   xz-tools-5.8.3-hb03c661_1.conda                        96kB
#6 27.17 
#6 27.17   /root/.mamba/pkgs
#6 27.17 ───────────────────────────────────────────────────────────────
#6 27.17 
#6 27.17 
#6 27.17   
#6 27.17 ───────────────────────────────────────────────────────────────
#6 27.17 
#6 27.17   Total size:                                           613MB
#6 27.17 Cleaning tarballs..
#6 30.03 warning  libmamba This does not check for packages installed using
#6 30.03     symlinks back to the package cache.
#6 30.03   Package folder                  Size
#6 30.03 ────────────────────────────────────────
#6 30.03   /opt/conda/pkgs
#6 30.03 ────────────────────────────────────────
#6 30.03 
#6 30.03   conda-26.7.2-py314h9e666f3_1     6MB
#6 30.03 
#6 30.03   /root/.mamba/pkgs
#6 30.03 ────────────────────────────────────────
#6 30.03 
#6 30.03 
#6 30.03   
#6 30.03 ────────────────────────────────────────
#6 30.03 
#6 30.03   Total size:                      6MB
#6 30.03 Cleaning packages..
#6 DONE 35.2s

#7 [4/5] RUN source /opt/conda/etc/profile.d/conda.sh     && conda activate ribodetector     && pip uninstall -y torch torchvision torchaudio || true     && pip install --no-cache-dir         torch==2.6.0+cu124         torchvision==0.21.0+cu124         torchaudio==2.6.0+cu124         --index-url https://download.pytorch.org/whl/cu124
#7 0.863 Found existing installation: torch 2.13.0
#7 1.099 Uninstalling torch-2.13.0:
#7 1.644   Successfully uninstalled torch-2.13.0
#7 1.733 WARNING: Skipping torchvision as it is not installed.
#7 1.736 WARNING: Skipping torchaudio as it is not installed.
#7 1.736 WARNING: Running pip as the 'root' user can result in broken permissions and conflicting behaviour with the system package manager, possibly rendering your system unusable. It is recommended to use a virtual environment instead: https://pip.pypa.io/warnings/venv. Use the --root-user-action option if you know what you are doing and want to suppress this warning.
#7 2.594 Looking in indexes: https://download.pytorch.org/whl/cu124
#7 2.853 Collecting torch==2.6.0+cu124
#7 3.096   Downloading torch-2.6.0%2Bcu124-cp310-cp310-linux_x86_64.whl.metadata (28 kB)
#7 3.150 Collecting torchvision==0.21.0+cu124
#7 3.217   Downloading torchvision-0.21.0%2Bcu124-cp310-cp310-linux_x86_64.whl.metadata (6.1 kB)
#7 3.272 Collecting torchaudio==2.6.0+cu124
#7 3.335   Downloading torchaudio-2.6.0%2Bcu124-cp310-cp310-linux_x86_64.whl.metadata (6.6 kB)
#7 3.338 Requirement already satisfied: filelock in ./opt/conda/envs/ribodetector/lib/python3.10/site-packages (from torch==2.6.0+cu124) (3.32.5)
#7 3.340 Requirement already satisfied: typing-extensions>=4.10.0 in ./opt/conda/envs/ribodetector/lib/python3.10/site-packages (from torch==2.6.0+cu124) (4.16.0)
#7 3.340 Requirement already satisfied: networkx in ./opt/conda/envs/ribodetector/lib/python3.10/site-packages (from torch==2.6.0+cu124) (3.4.2)
#7 3.341 Requirement already satisfied: jinja2 in ./opt/conda/envs/ribodetector/lib/python3.10/site-packages (from torch==2.6.0+cu124) (3.1.6)
#7 3.343 Requirement already satisfied: fsspec in ./opt/conda/envs/ribodetector/lib/python3.10/site-packages (from torch==2.6.0+cu124) (2026.7.0)
#7 3.375 Collecting nvidia-cuda-nvrtc-cu12==12.4.127 (from torch==2.6.0+cu124)
#7 3.522   Downloading nvidia_cuda_nvrtc_cu12-12.4.127-py3-none-manylinux2014_x86_64.whl (24.6 MB)
#7 3.861      ━━━━━━━━━━━━━━━━━━━━━━━━━━━━━━━━━━━━━━━━ 24.6/24.6 MB 89.0 MB/s  0:00:00
#7 3.903 Collecting nvidia-cuda-runtime-cu12==12.4.127 (from torch==2.6.0+cu124)
#7 3.945   Downloading nvidia_cuda_runtime_cu12-12.4.127-py3-none-manylinux2014_x86_64.whl (883 kB)
#7 3.954      ━━━━━━━━━━━━━━━━━━━━━━━━━━━━━━━━━━━━━━━━ 883.7/883.7 kB 115.8 MB/s  0:00:00
#7 3.983 Collecting nvidia-cuda-cupti-cu12==12.4.127 (from torch==2.6.0+cu124)
#7 4.018   Downloading nvidia_cuda_cupti_cu12-12.4.127-py3-none-manylinux2014_x86_64.whl (13.8 MB)
#7 4.156      ━━━━━━━━━━━━━━━━━━━━━━━━━━━━━━━━━━━━━━━━ 13.8/13.8 MB 100.3 MB/s  0:00:00
#7 4.207 Collecting nvidia-cudnn-cu12==9.1.0.70 (from torch==2.6.0+cu124)
#7 4.226   Downloading nvidia_cudnn_cu12-9.1.0.70-py3-none-manylinux2014_x86_64.whl (664.8 MB)
#7 9.982      ━━━━━━━━━━━━━━━━━━━━━━━━━━━━━━━━━━━━━━━━ 664.8/664.8 MB 117.4 MB/s  0:00:05
#7 10.46 Collecting nvidia-cublas-cu12==12.4.5.8 (from torch==2.6.0+cu124)
#7 10.52   Downloading nvidia_cublas_cu12-12.4.5.8-py3-none-manylinux2014_x86_64.whl (363.4 MB)
#7 14.53      ━━━━━━━━━━━━━━━━━━━━━━━━━━━━━━━━━━━━━━━━ 363.4/363.4 MB 87.7 MB/s  0:00:04
#7 14.81 Collecting nvidia-cufft-cu12==11.2.1.3 (from torch==2.6.0+cu124)
#7 14.84   Downloading nvidia_cufft_cu12-11.2.1.3-py3-none-manylinux2014_x86_64.whl (211.5 MB)
#7 17.03      ━━━━━━━━━━━━━━━━━━━━━━━━━━━━━━━━━━━━━━━━ 211.5/211.5 MB 96.8 MB/s  0:00:02
#7 17.20 Collecting nvidia-curand-cu12==10.3.5.147 (from torch==2.6.0+cu124)
#7 17.25   Downloading nvidia_curand_cu12-10.3.5.147-py3-none-manylinux2014_x86_64.whl (56.3 MB)
#7 17.77      ━━━━━━━━━━━━━━━━━━━━━━━━━━━━━━━━━━━━━━━━ 56.3/56.3 MB 108.9 MB/s  0:00:00
#7 17.84 Collecting nvidia-cusolver-cu12==11.6.1.9 (from torch==2.6.0+cu124)
#7 17.88   Downloading nvidia_cusolver_cu12-11.6.1.9-py3-none-manylinux2014_x86_64.whl (127.9 MB)
#7 19.17      ━━━━━━━━━━━━━━━━━━━━━━━━━━━━━━━━━━━━━━━━ 127.9/127.9 MB 99.0 MB/s  0:00:01
#7 19.29 Collecting nvidia-cusparse-cu12==12.3.1.170 (from torch==2.6.0+cu124)
#7 19.32   Downloading nvidia_cusparse_cu12-12.3.1.170-py3-none-manylinux2014_x86_64.whl (207.5 MB)
#7 21.63      ━━━━━━━━━━━━━━━━━━━━━━━━━━━━━━━━━━━━━━━━ 207.5/207.5 MB 90.0 MB/s  0:00:02
#7 21.79 Collecting nvidia-cusparselt-cu12==0.6.2 (from torch==2.6.0+cu124)
#7 21.83   Downloading nvidia_cusparselt_cu12-0.6.2-py3-none-manylinux2014_x86_64.whl (150.1 MB)
#7 23.49      ━━━━━━━━━━━━━━━━━━━━━━━━━━━━━━━━━━━━━━━━ 150.1/150.1 MB 90.4 MB/s  0:00:01
#7 23.64 Collecting nvidia-nccl-cu12==2.21.5 (from torch==2.6.0+cu124)
#7 23.68   Downloading nvidia_nccl_cu12-2.21.5-py3-none-manylinux2014_x86_64.whl (188.7 MB)
#7 25.99      ━━━━━━━━━━━━━━━━━━━━━━━━━━━━━━━━━━━━━━━━ 188.7/188.7 MB 81.7 MB/s  0:00:02
#7 26.15 Collecting nvidia-nvtx-cu12==12.4.127 (from torch==2.6.0+cu124)
#7 26.28   Downloading nvidia_nvtx_cu12-12.4.127-py3-none-manylinux2014_x86_64.whl (99 kB)
#7 26.32 Collecting nvidia-nvjitlink-cu12==12.4.127 (from torch==2.6.0+cu124)
#7 26.37   Downloading nvidia_nvjitlink_cu12-12.4.127-py3-none-manylinux2014_x86_64.whl (21.1 MB)
#7 26.58      ━━━━━━━━━━━━━━━━━━━━━━━━━━━━━━━━━━━━━━━━ 21.1/21.1 MB 103.1 MB/s  0:00:00
#7 26.64 Collecting triton==3.2.0 (from torch==2.6.0+cu124)
#7 26.71   Downloading triton-3.2.0-cp310-cp310-manylinux_2_27_x86_64.manylinux_2_28_x86_64.whl.metadata (1.4 kB)
#7 26.76 Collecting sympy==1.13.1 (from torch==2.6.0+cu124)
#7 26.87   Downloading sympy-1.13.1-py3-none-any.whl.metadata (12 kB)
#7 26.87 Requirement already satisfied: numpy in ./opt/conda/envs/ribodetector/lib/python3.10/site-packages (from torchvision==0.21.0+cu124) (2.2.6)
#7 27.07 Collecting pillow!=8.3.*,>=5.3.0 (from torchvision==0.21.0+cu124)
#7 27.09   Downloading pillow-12.3.0-cp310-cp310-manylinux_2_27_x86_64.manylinux_2_28_x86_64.whl.metadata (9.1 kB)
#7 27.12 Collecting mpmath<1.4,>=1.1.0 (from sympy==1.13.1->torch==2.6.0+cu124)
#7 27.14   Downloading mpmath-1.3.0-py3-none-any.whl.metadata (8.6 kB)
#7 27.17 Requirement already satisfied: MarkupSafe>=2.0 in ./opt/conda/envs/ribodetector/lib/python3.10/site-packages (from jinja2->torch==2.6.0+cu124) (3.0.3)
#7 27.24 Downloading torch-2.6.0%2Bcu124-cp310-cp310-linux_x86_64.whl (768.4 MB)
#7 38.04    ━━━━━━━━━━━━━━━━━━━━━━━━━━━━━━━━━━━━━━━━ 768.4/768.4 MB 117.5 MB/s  0:00:10
#7 38.11 Downloading torchvision-0.21.0%2Bcu124-cp310-cp310-linux_x86_64.whl (7.3 MB)
#7 38.21    ━━━━━━━━━━━━━━━━━━━━━━━━━━━━━━━━━━━━━━━━ 7.3/7.3 MB 92.1 MB/s  0:00:00
#7 38.28 Downloading torchaudio-2.6.0%2Bcu124-cp310-cp310-linux_x86_64.whl (3.4 MB)
#7 38.33    ━━━━━━━━━━━━━━━━━━━━━━━━━━━━━━━━━━━━━━━━ 3.4/3.4 MB 75.3 MB/s  0:00:00
#7 38.35 Downloading sympy-1.13.1-py3-none-any.whl (6.2 MB)
#7 38.49    ━━━━━━━━━━━━━━━━━━━━━━━━━━━━━━━━━━━━━━━━ 6.2/6.2 MB 65.8 MB/s  0:00:00
#7 38.56 Downloading triton-3.2.0-cp310-cp310-manylinux_2_27_x86_64.manylinux_2_28_x86_64.whl (166.6 MB)
#7 41.08    ━━━━━━━━━━━━━━━━━━━━━━━━━━━━━━━━━━━━━━━━ 166.6/166.6 MB 66.2 MB/s  0:00:02
#7 41.10 Downloading mpmath-1.3.0-py3-none-any.whl (536 kB)
#7 41.11    ━━━━━━━━━━━━━━━━━━━━━━━━━━━━━━━━━━━━━━━━ 536.2/536.2 kB 75.4 MB/s  0:00:00
#7 41.13 Downloading pillow-12.3.0-cp310-cp310-manylinux_2_27_x86_64.manylinux_2_28_x86_64.whl (6.9 MB)
#7 41.19    ━━━━━━━━━━━━━━━━━━━━━━━━━━━━━━━━━━━━━━━━ 6.9/6.9 MB 116.9 MB/s  0:00:00
#7 42.01 Installing collected packages: triton, nvidia-cusparselt-cu12, mpmath, sympy, pillow, nvidia-nvtx-cu12, nvidia-nvjitlink-cu12, nvidia-nccl-cu12, nvidia-curand-cu12, nvidia-cufft-cu12, nvidia-cuda-runtime-cu12, nvidia-cuda-nvrtc-cu12, nvidia-cuda-cupti-cu12, nvidia-cublas-cu12, nvidia-cusparse-cu12, nvidia-cudnn-cu12, nvidia-cusolver-cu12, torch, torchvision, torchaudio
#7 44.83   Attempting uninstall: mpmath
#7 44.83     Found existing installation: mpmath 1.4.1
#7 44.83     Uninstalling mpmath-1.4.1:
#7 44.85       Successfully uninstalled mpmath-1.4.1
#7 45.06   Attempting uninstall: sympy
#7 45.06     Found existing installation: sympy 1.14.0
#7 45.15     Uninstalling sympy-1.14.0:
#7 45.52       Successfully uninstalled sympy-1.14.0
#7 94.02 
#7 94.03 Successfully installed mpmath-1.3.0 nvidia-cublas-cu12-12.4.5.8 nvidia-cuda-cupti-cu12-12.4.127 nvidia-cuda-nvrtc-cu12-12.4.127 nvidia-cuda-runtime-cu12-12.4.127 nvidia-cudnn-cu12-9.1.0.70 nvidia-cufft-cu12-11.2.1.3 nvidia-curand-cu12-10.3.5.147 nvidia-cusolver-cu12-11.6.1.9 nvidia-cusparse-cu12-12.3.1.170 nvidia-cusparselt-cu12-0.6.2 nvidia-nccl-cu12-2.21.5 nvidia-nvjitlink-cu12-12.4.127 nvidia-nvtx-cu12-12.4.127 pillow-12.3.0 sympy-1.13.1 torch-2.6.0+cu124 torchaudio-2.6.0+cu124 torchvision-0.21.0+cu124 triton-3.2.0
#7 94.03 WARNING: Running pip as the 'root' user can result in broken permissions and conflicting behaviour with the system package manager, possibly rendering your system unusable. It is recommended to use a virtual environment instead: https://pip.pypa.io/warnings/venv. Use the --root-user-action option if you know what you are doing and want to suppress this warning.
#7 DONE 95.5s

#8 [5/5] WORKDIR /data
#8 DONE 0.2s

#9 exporting to image
#9 exporting layers
#9 exporting layers 35.2s done
#9 writing image sha256:7531343cae51c537c23bcb3f8a99899e066989e0b4a56e1be6eb9bcfffbc2414 done
#9 naming to ghcr.io/bdrd-genomics/allinone-ribodetector:1.0.0 0.0s done
#9 naming to ghcr.io/bdrd-genomics/allinone-ribodetector:latest 0.0s done
#9 DONE 35.3s
SUCCESS: ghcr.io/bdrd-genomics/allinone-ribodetector

==================================================
Building: ghcr.io/bdrd-genomics/allinone-spades:1.0.0
Dockerfile: Dockerfile.spades
==================================================
#0 building with "default" instance using docker driver

#1 [internal] load build definition from Dockerfile.spades
#1 transferring dockerfile: 478B done
#1 DONE 0.0s

#2 [internal] load metadata for ghcr.io/bdrd-genomics/allinone-conda-base:1.0.1
#2 DONE 0.0s

#3 [internal] load .dockerignore
#3 transferring context: 2B done
#3 DONE 0.1s

#4 [1/3] FROM ghcr.io/bdrd-genomics/allinone-conda-base:1.0.1
#4 CACHED

#5 [internal] load build context
#5 transferring context: 1.27kB done
#5 DONE 0.0s

#6 [2/3] COPY environment.spades.yml /tmp/environment.yml
#6 DONE 0.1s

#7 [3/3] RUN /opt/conda/bin/mamba env create -f /tmp/environment.yml &&     /opt/conda/bin/conda clean -a -y
#7 1.072 ⚠ Shard Index for compbiocore/linux-64 not available, falling back to flat repodata
#7 1.072 Using Flat Repodata for compbiocore/linux-64                                                    ✔ Starting
#7 1.077 Using Flat Repodata for compbiocore/linux-64                                              ✔ Done (0.0 sec)
#7 1.077 ⚠ Shard Index for compbiocore/noarch not available, falling back to flat repodata
#7 1.077 Using Flat Repodata for compbiocore/noarch                                                      ✔ Starting
#7 1.078 Using Flat Repodata for compbiocore/noarch                                                ✔ Done (0.0 sec)
#7 1.078 ⚠ Shard Index for nanoporetech/linux-64 not available, falling back to flat repodata
#7 1.078 Using Flat Repodata for nanoporetech/linux-64                                                   ✔ Starting
#7 1.081 Using Flat Repodata for nanoporetech/linux-64                                             ✔ Done (0.0 sec)
#7 1.081 ⚠ Shard Index for nanoporetech/noarch not available, falling back to flat repodata
#7 1.081 Using Flat Repodata for nanoporetech/noarch                                                     ✔ Starting
#7 1.083 Using Flat Repodata for nanoporetech/noarch                                               ✔ Done (0.0 sec)
#7 1.083 ⚠ Shard Index for gurobi/linux-64 not available, falling back to flat repodata
#7 1.083 Using Flat Repodata for gurobi/linux-64                                                         ✔ Starting
#7 1.084 Using Flat Repodata for gurobi/linux-64                                                   ✔ Done (0.0 sec)
#7 1.084 ⚠ Shard Index for gurobi/noarch not available, falling back to flat repodata
#7 1.084 Using Flat Repodata for gurobi/noarch                                                           ✔ Starting
#7 1.085 Using Flat Repodata for gurobi/noarch                                                     ✔ Done (0.0 sec)
#7 1.087 Fetch Shard Index for conda-forge/linux-64                                                      ⧖ Starting
#7 1.269 Fetch Shard Index for conda-forge/linux-64                                                ✔ Done (0.2 sec)
#7 1.269 Fetch Shard Index for conda-forge/noarch                                                        ⧖ Starting
#7 1.454 Fetch Shard Index for conda-forge/noarch                                                  ✔ Done (0.2 sec)
#7 1.454 Fetching and Parsing Packages' Shards                                                           ⧖ Starting
#7 3.816 Fetching and Parsing Packages' Shards                                                     ✔ Done (2.4 sec)
#7 3.909 Fetch Shard Index for bioconda/linux-64                                                         ⧖ Starting
#7 4.078 Fetch Shard Index for bioconda/linux-64                                                   ✔ Done (0.2 sec)
#7 4.078 Fetch Shard Index for bioconda/noarch                                                           ⧖ Starting
#7 4.240 Fetch Shard Index for bioconda/noarch                                                     ✔ Done (0.2 sec)
#7 4.240 Fetching and Parsing Packages' Shards                                                           ⧖ Starting
#7 4.463 Fetching and Parsing Packages' Shards                                                     ✔ Done (0.2 sec)
#7 4.476 Using Cached Shard Index for bioconda/noarch                                                        ✔ Done
#7 4.481 Using Cached Shard Index for bioconda/linux-64                                                      ✔ Done
#7 4.481 Fetching and Parsing Packages' Shards                                                           ⧖ Starting
#7 4.483 Fetching and Parsing Packages' Shards                                                     ✔ Done (0.0 sec)
#7 4.739 Using Flat Repodata for bioconda/noarch                                                         ✔ Starting
#7 5.184 Using Flat Repodata for bioconda/noarch                                                   ✔ Done (0.4 sec)
#7 5.184 Fetch Shard Index for anaconda/linux-64                                                         ⧖ Starting
#7 5.324 Fetch Shard Index for anaconda/linux-64                                                   ✔ Done (0.1 sec)
#7 5.324 Fetch Shard Index for anaconda/noarch                                                           ⧖ Starting
#7 5.448 Fetch Shard Index for anaconda/noarch                                                     ✔ Done (0.1 sec)
#7 5.448 Fetching and Parsing Packages' Shards                                                           ⧖ Starting
#7 6.875 Fetching and Parsing Packages' Shards                                                     ✔ Done (1.4 sec)
#7 6.910 Fetch Shard Index for r/linux-64                                                                ⧖ Starting
#7 7.043 Fetch Shard Index for r/linux-64                                                          ✔ Done (0.1 sec)
#7 7.043 Fetch Shard Index for r/noarch                                                                  ⧖ Starting
#7 7.203 Fetch Shard Index for r/noarch                                                            ✔ Done (0.2 sec)
#7 7.203 Fetching and Parsing Packages' Shards                                                           ⧖ Starting
#7 7.203 Fetching and Parsing Packages' Shards                                                     ✔ Done (0.0 sec)
#7 7.388 Using Flat Repodata for r/linux-64                                                              ✔ Starting
#7 7.462 Using Flat Repodata for r/linux-64                                                        ✔ Done (0.1 sec)
#7 7.464 Using Cached Shard Index for r/noarch                                                               ✔ Done
#7 7.464 Using Cached Shard Index for r/linux-64                                                             ✔ Done
#7 7.464 Fetching and Parsing Packages' Shards                                                           ⧖ Starting
#7 7.464 Fetching and Parsing Packages' Shards                                                     ✔ Done (0.0 sec)
#7 7.635 Using Flat Repodata for r/noarch                                                                ✔ Starting
#7 7.731 Using Flat Repodata for r/noarch                                                          ✔ Done (0.1 sec)
#7 7.734 Using Cached Shard Index for conda-forge/linux-64                                                   ✔ Done
#7 7.740 Using Cached Shard Index for conda-forge/noarch                                                     ✔ Done
#7 7.740 Fetching and Parsing Packages' Shards                                                           ⧖ Starting
#7 9.182 Fetching and Parsing Packages' Shards                                                     ✔ Done (1.4 sec)
#7 9.286 Using Cached Shard Index for bioconda/linux-64                                                      ✔ Done
#7 9.289 Using Cached Shard Index for bioconda/noarch                                                        ✔ Done
#7 9.289 Fetching and Parsing Packages' Shards                                                           ⧖ Starting
#7 9.289 Fetching and Parsing Packages' Shards                                                     ✔ Done (0.0 sec)
#7 9.293 Using Cached Shard Index for bioconda/noarch                                                        ✔ Done
#7 9.294 Using Cached Shard Index for bioconda/linux-64                                                      ✔ Done
#7 9.294 Fetching and Parsing Packages' Shards                                                           ⧖ Starting
#7 9.295 Fetching and Parsing Packages' Shards                                                     ✔ Done (0.0 sec)
#7 9.295 Using Flat Repodata for bioconda/noarch                                                         ✔ Starting
#7 9.732 Using Flat Repodata for bioconda/noarch                                                   ✔ Done (0.4 sec)
#7 9.733 Using Cached Shard Index for anaconda/linux-64                                                      ✔ Done
#7 9.733 Using Cached Shard Index for anaconda/noarch                                                        ✔ Done
#7 9.733 Fetching and Parsing Packages' Shards                                                           ⧖ Starting
#7 10.08 Fetching and Parsing Packages' Shards                                                     ✔ Done (0.3 sec)
#7 10.10 Using Cached Shard Index for r/linux-64                                                             ✔ Done
#7 10.10 Using Cached Shard Index for r/noarch                                                               ✔ Done
#7 10.10 Fetching and Parsing Packages' Shards                                                           ⧖ Starting
#7 10.10 Fetching and Parsing Packages' Shards                                                     ✔ Done (0.0 sec)
#7 10.11 Using Flat Repodata for r/linux-64                                                              ✔ Starting
#7 10.17 Using Flat Repodata for r/linux-64                                                        ✔ Done (0.1 sec)
#7 10.17 Using Cached Shard Index for r/noarch                                                               ✔ Done
#7 10.17 Using Cached Shard Index for r/linux-64                                                             ✔ Done
#7 10.17 Fetching and Parsing Packages' Shards                                                           ⧖ Starting
#7 10.17 Fetching and Parsing Packages' Shards                                                     ✔ Done (0.0 sec)
#7 10.17 Using Flat Repodata for r/noarch                                                                ✔ Starting
#7 10.25 Using Flat Repodata for r/noarch                                                          ✔ Done (0.1 sec)
#7 10.25 Parsing Packages' Records                                                                 ✔ Done (9.2 sec)
#7 10.25 
#7 10.25 Resolving Environment                                                                           ⧖ Starting
#7 10.50 Resolving Environment                                                                     ✔ Done (0.2 sec)
#7 10.50 
#7 10.50 Transaction
#7 10.50 
#7 10.50   Prefix: /opt/conda/envs/spades
#7 10.50 
#7 10.50   Updating specs:
#7 10.50 
#7 10.50    - _libgcc_mutex=0.1=conda_forge
#7 10.50    - _openmp_mutex=4.5=2_gnu
#7 10.50    - _sysroot_linux-64_curr_repodata_hack=3=h69a702a_13
#7 10.50    - bzip2=1.0.8=hd590300_5
#7 10.50    - ca-certificates=2024.6.2=hbcca054_0
#7 10.50    - kernel-headers_linux-64=3.10.0=h4a8ded7_14
#7 10.50    - ld_impl_linux-64=2.40=h55db66e_0
#7 10.50    - libexpat=2.6.2=h59595ed_0
#7 10.50    - libffi=3.4.2=h7f98852_5
#7 10.50    - libgcc-ng=13.2.0=h77fa898_7
#7 10.50    - libgomp=13.2.0=h77fa898_7
#7 10.50    - libnsl=2.0.1=hd590300_0
#7 10.50    - libsqlite=3.45.3=h2797004_0
#7 10.50    - libstdcxx-ng=13.2.0=hc0a3c3a_7
#7 10.50    - libuuid=2.38.1=h0b41bf4_0
#7 10.50    - libxcrypt=4.4.36=hd590300_1
#7 10.50    - libzlib=1.2.13=hd590300_5
#7 10.50    - llvm-openmp=8.0.1=hc9558a2_0
#7 10.50    - ncurses=6.4.20240210=h59595ed_0
#7 10.50    - openmp=8.0.1=0
#7 10.50    - openssl=3.3.0=h4ab18f5_3
#7 10.50    - pip=24.0=pyhd8ed1ab_0
#7 10.50    - python=3.12.3=hab00c5b_0_cpython
#7 10.50    - readline=8.2=h8228510_1
#7 10.50    - setuptools=69.5.1=pyhd8ed1ab_0
#7 10.50    - spades=4.0.0=h5fb382e_0
#7 10.50    - sysroot_linux-64=2.17=h4a8ded7_14
#7 10.50    - tk=8.6.13=noxft_h4845f30_101
#7 10.50    - tzdata=2024a=h0c530f3_0
#7 10.50    - wheel=0.43.0=pyhd8ed1ab_1
#7 10.50    - xz=5.2.6=h166bdaf_0
#7 10.50 
#7 10.50 
#7 10.52   Package                                      Version  Build               Channel          Size
#7 10.52 ───────────────────────────────────────────────────────────────────────────────────────────────────
#7 10.52   Install:
#7 10.52 ───────────────────────────────────────────────────────────────────────────────────────────────────
#7 10.52 
#7 10.52   + _libgcc_mutex                                  0.1  conda_forge         conda-forge       3kB
#7 10.52   + _openmp_mutex                                  4.5  2_gnu               conda-forge      24kB
#7 10.52   + _sysroot_linux-64_curr_repodata_hack             3  h69a702a_13         conda-forge      21kB
#7 10.52   + bzip2                                        1.0.8  hd590300_5          conda-forge     254kB
#7 10.52   + ca-certificates                           2024.6.2  hbcca054_0          conda-forge     156kB
#7 10.52   + kernel-headers_linux-64                     3.10.0  h4a8ded7_14         conda-forge     945kB
#7 10.52   + ld_impl_linux-64                              2.40  h55db66e_0          conda-forge     713kB
#7 10.52   + libexpat                                     2.6.2  h59595ed_0          conda-forge      74kB
#7 10.52   + libffi                                       3.4.2  h7f98852_5          conda-forge      58kB
#7 10.52   + libgcc-ng                                   13.2.0  h77fa898_7          conda-forge     776kB
#7 10.52   + libgomp                                     13.2.0  h77fa898_7          conda-forge     422kB
#7 10.52   + libnsl                                       2.0.1  hd590300_0          conda-forge      33kB
#7 10.52   + libsqlite                                   3.45.3  h2797004_0          conda-forge     860kB
#7 10.52   + libstdcxx-ng                                13.2.0  hc0a3c3a_7          conda-forge       4MB
#7 10.52   + libuuid                                     2.38.1  h0b41bf4_0          conda-forge      34kB
#7 10.52   + libxcrypt                                   4.4.36  hd590300_1          conda-forge     100kB
#7 10.52   + libzlib                                     1.2.13  hd590300_5          conda-forge      62kB
#7 10.52   + llvm-openmp                                  8.0.1  hc9558a2_0          conda-forge     449kB
#7 10.52   + ncurses                               6.4.20240210  h59595ed_0          conda-forge     896kB
#7 10.52   + openmp                                       8.0.1  0                   conda-forge       8kB
#7 10.52   + openssl                                      3.3.0  h4ab18f5_3          conda-forge       3MB
#7 10.52   + pip                                           24.0  pyhd8ed1ab_0        conda-forge       1MB
#7 10.52   + python                                      3.12.3  hab00c5b_0_cpython  conda-forge      32MB
#7 10.52   + readline                                       8.2  h8228510_1          conda-forge     281kB
#7 10.52   + setuptools                                  69.5.1  pyhd8ed1ab_0        conda-forge     502kB
#7 10.52   + spades                                       4.0.0  h5fb382e_0          bioconda         45MB
#7 10.52   + sysroot_linux-64                              2.17  h4a8ded7_14         conda-forge      16MB
#7 10.52   + tk                                          8.6.13  noxft_h4845f30_101  conda-forge       3MB
#7 10.52   + tzdata                                       2024a  h0c530f3_0          conda-forge     120kB
#7 10.52   + wheel                                       0.43.0  pyhd8ed1ab_1        conda-forge      58kB
#7 10.52   + xz                                           5.2.6  h166bdaf_0          conda-forge     418kB
#7 10.52 
#7 10.52   Summary:
#7 10.52 
#7 10.52   Install: 31 packages
#7 10.52 
#7 10.52   Total download: 112MB
#7 10.52 
#7 10.52 ───────────────────────────────────────────────────────────────────────────────────────────────────
#7 10.52 
#7 10.52 
#7 10.52 Confirm changes: [Y/n] warning  libmamba Security Warning: This transaction includes executing package scripts (pre/post-link/unlink) if present. These scripts can contain arbitrary code. Please ensure you trust the package sources.
#7 10.52 
#7 10.52 Transaction starting
#7 16.13 Linking _libgcc_mutex-0.1-conda_forge
#7 16.13 Linking ca-certificates-2024.6.2-hbcca054_0
#7 16.14 Linking ld_impl_linux-64-2.40-h55db66e_0
#7 16.14 Linking libstdcxx-ng-13.2.0-hc0a3c3a_7
#7 16.14 Linking libgomp-13.2.0-h77fa898_7
#7 16.14 Linking _openmp_mutex-4.5-2_gnu
#7 16.14 Linking libgcc-ng-13.2.0-h77fa898_7
#7 16.14 Linking xz-5.2.6-h166bdaf_0
#7 16.15 Linking openssl-3.3.0-h4ab18f5_3
#7 16.17 Linking ncurses-6.4.20240210-h59595ed_0
#7 17.11 Linking llvm-openmp-8.0.1-hc9558a2_0
#7 17.11 Linking libzlib-1.2.13-hd590300_5
#7 17.11 Linking libxcrypt-4.4.36-hd590300_1
#7 17.11 Linking libuuid-2.38.1-h0b41bf4_0
#7 17.11 Linking libnsl-2.0.1-hd590300_0
#7 17.11 Linking libffi-3.4.2-h7f98852_5
#7 17.12 Linking libexpat-2.6.2-h59595ed_0
#7 17.12 Linking bzip2-1.0.8-hd590300_5
#7 17.12 Linking readline-8.2-h8228510_1
#7 17.12 Linking openmp-8.0.1-0
#7 17.12 Linking tk-8.6.13-noxft_h4845f30_101
#7 17.14 Linking libsqlite-3.45.3-h2797004_0
#7 17.14 Linking _sysroot_linux-64_curr_repodata_hack-3-h69a702a_13
#7 17.15 Linking tzdata-2024a-h0c530f3_0
#7 17.17 Linking kernel-headers_linux-64-3.10.0-h4a8ded7_14
#7 17.20 Linking sysroot_linux-64-2.17-h4a8ded7_14
#7 17.34 Linking python-3.12.3-hab00c5b_0_cpython
#7 17.50 Linking wheel-0.43.0-pyhd8ed1ab_1
#7 17.50 Linking setuptools-69.5.1-pyhd8ed1ab_0
#7 17.52 Linking pip-24.0-pyhd8ed1ab_0
#7 17.54 Linking spades-4.0.0-h5fb382e_0
#7 17.55 warning  libmamba Executing post-link script for package 'spades'.
#7 17.58 
#7 17.71 
#7 17.71 Transaction finished
#7 17.71 
#7 17.71 
#7 17.71 To activate this environment, use:
#7 17.71 
#7 17.71     mamba activate spades
#7 17.71 
#7 17.71 Or to execute a single command in this environment, use:
#7 17.71 
#7 17.71     mamba run -n spades mycommand
#7 17.71 
#7 18.23 There are no unused tarball(s) to remove.
#7 18.23 Will remove 1 index cache(s).
#7 18.23 There are no unused package(s) to remove.
#7 18.23 There are no tempfile(s) to remove.
#7 18.23 There are no logfile(s) to remove.
#7 DONE 18.8s

#8 exporting to image
#8 exporting layers
#8 exporting layers 7.0s done
#8 writing image sha256:940fcababbe1a484864c51798cb0759f97288454f795fa8cd7f0761d4885d169 0.0s done
#8 naming to ghcr.io/bdrd-genomics/allinone-spades:1.0.0 0.0s done
#8 naming to ghcr.io/bdrd-genomics/allinone-spades:latest 0.0s done
#8 DONE 7.1s
SUCCESS: ghcr.io/bdrd-genomics/allinone-spades

==================================================
Building: ghcr.io/bdrd-genomics/allinone-unicycler:1.0.0
Dockerfile: Dockerfile.unicycler
==================================================
#0 building with "default" instance using docker driver

#1 [internal] load build definition from Dockerfile.unicycler
#1 transferring dockerfile: 493B done
#1 DONE 0.0s

#2 [internal] load metadata for ghcr.io/bdrd-genomics/allinone-conda-base:1.0.1
#2 DONE 0.0s

#3 [internal] load .dockerignore
#3 transferring context: 2B done
#3 DONE 0.1s

#4 [1/3] FROM ghcr.io/bdrd-genomics/allinone-conda-base:1.0.1
#4 CACHED

#5 [internal] load build context
#5 transferring context: 4.01kB done
#5 DONE 0.1s

#6 [2/3] COPY environment.unicycler.yml /tmp/environment.yml
#6 DONE 0.1s

#7 [3/3] RUN /opt/conda/bin/mamba env create -f /tmp/environment.yml &&     /opt/conda/bin/conda clean -a -y
#7 1.071 ⚠ Shard Index for compbiocore/linux-64 not available, falling back to flat repodata
#7 1.071 Using Flat Repodata for compbiocore/linux-64                                                    ✔ Starting
#7 1.075 Using Flat Repodata for compbiocore/linux-64                                              ✔ Done (0.0 sec)
#7 1.075 ⚠ Shard Index for compbiocore/noarch not available, falling back to flat repodata
#7 1.075 Using Flat Repodata for compbiocore/noarch                                                      ✔ Starting
#7 1.076 Using Flat Repodata for compbiocore/noarch                                                ✔ Done (0.0 sec)
#7 1.076 ⚠ Shard Index for nanoporetech/linux-64 not available, falling back to flat repodata
#7 1.076 Using Flat Repodata for nanoporetech/linux-64                                                   ✔ Starting
#7 1.079 Using Flat Repodata for nanoporetech/linux-64                                             ✔ Done (0.0 sec)
#7 1.079 ⚠ Shard Index for nanoporetech/noarch not available, falling back to flat repodata
#7 1.079 Using Flat Repodata for nanoporetech/noarch                                                     ✔ Starting
#7 1.081 Using Flat Repodata for nanoporetech/noarch                                               ✔ Done (0.0 sec)
#7 1.081 ⚠ Shard Index for gurobi/linux-64 not available, falling back to flat repodata
#7 1.081 Using Flat Repodata for gurobi/linux-64                                                         ✔ Starting
#7 1.083 Using Flat Repodata for gurobi/linux-64                                                   ✔ Done (0.0 sec)
#7 1.083 ⚠ Shard Index for gurobi/noarch not available, falling back to flat repodata
#7 1.083 Using Flat Repodata for gurobi/noarch                                                           ✔ Starting
#7 1.083 Using Flat Repodata for gurobi/noarch                                                     ✔ Done (0.0 sec)
#7 1.087 Fetch Shard Index for conda-forge/linux-64                                                      ⧖ Starting
#7 1.246 Fetch Shard Index for conda-forge/linux-64                                                ✔ Done (0.2 sec)
#7 1.246 Fetch Shard Index for conda-forge/noarch                                                        ⧖ Starting
#7 1.420 Fetch Shard Index for conda-forge/noarch                                                  ✔ Done (0.2 sec)
#7 1.420 Fetching and Parsing Packages' Shards                                                           ⧖ Starting
#7 3.892 Fetching and Parsing Packages' Shards                                                     ✔ Done (2.5 sec)
#7 4.007 Fetch Shard Index for bioconda/linux-64                                                         ⧖ Starting
#7 4.159 Fetch Shard Index for bioconda/linux-64                                                   ✔ Done (0.2 sec)
#7 4.159 Fetch Shard Index for bioconda/noarch                                                           ⧖ Starting
#7 4.314 Fetch Shard Index for bioconda/noarch                                                     ✔ Done (0.2 sec)
#7 4.314 Fetching and Parsing Packages' Shards                                                           ⧖ Starting
#7 5.988 Fetching and Parsing Packages' Shards                                                     ✔ Done (1.7 sec)
#7 6.005 Fetch Shard Index for anaconda/linux-64                                                         ⧖ Starting
#7 6.136 Fetch Shard Index for anaconda/linux-64                                                   ✔ Done (0.1 sec)
#7 6.136 Fetch Shard Index for anaconda/noarch                                                           ⧖ Starting
#7 6.253 Fetch Shard Index for anaconda/noarch                                                     ✔ Done (0.1 sec)
#7 6.253 Fetching and Parsing Packages' Shards                                                           ⧖ Starting
#7 12.53 Fetching and Parsing Packages' Shards                                                     ✔ Done (6.3 sec)
#7 12.61 Fetch Shard Index for r/linux-64                                                                ⧖ Starting
#7 12.74 Fetch Shard Index for r/linux-64                                                          ✔ Done (0.1 sec)
#7 12.74 Fetch Shard Index for r/noarch                                                                  ⧖ Starting
#7 12.90 Fetch Shard Index for r/noarch                                                            ✔ Done (0.2 sec)
#7 12.90 Fetching and Parsing Packages' Shards                                                           ⧖ Starting
#7 13.02 Fetching and Parsing Packages' Shards                                                     ✔ Done (0.1 sec)
#7 13.20 Using Flat Repodata for r/linux-64                                                              ✔ Starting
#7 13.27 Using Flat Repodata for r/linux-64                                                        ✔ Done (0.1 sec)
#7 13.27 Using Cached Shard Index for r/noarch                                                               ✔ Done
#7 13.27 Using Cached Shard Index for r/linux-64                                                             ✔ Done
#7 13.27 Fetching and Parsing Packages' Shards                                                           ⧖ Starting
#7 13.27 Fetching and Parsing Packages' Shards                                                     ✔ Done (0.0 sec)
#7 13.47 Using Flat Repodata for r/noarch                                                                ✔ Starting
#7 13.55 Using Flat Repodata for r/noarch                                                          ✔ Done (0.1 sec)
#7 13.56 Using Cached Shard Index for conda-forge/linux-64                                                   ✔ Done
#7 13.56 Using Cached Shard Index for conda-forge/noarch                                                     ✔ Done
#7 13.56 Fetching and Parsing Packages' Shards                                                           ⧖ Starting
#7 18.50 Fetching and Parsing Packages' Shards                                                     ✔ Done (4.9 sec)
#7 18.81 Using Cached Shard Index for bioconda/linux-64                                                      ✔ Done
#7 18.82 Using Cached Shard Index for bioconda/noarch                                                        ✔ Done
#7 18.82 Fetching and Parsing Packages' Shards                                                           ⧖ Starting
#7 19.14 Fetching and Parsing Packages' Shards                                                     ✔ Done (0.3 sec)
#7 19.15 Using Cached Shard Index for anaconda/linux-64                                                      ✔ Done
#7 19.15 Using Cached Shard Index for anaconda/noarch                                                        ✔ Done
#7 19.15 Fetching and Parsing Packages' Shards                                                           ⧖ Starting
#7 23.74 Fetching and Parsing Packages' Shards                                                     ✔ Done (4.6 sec)
#7 23.86 Using Cached Shard Index for r/linux-64                                                             ✔ Done
#7 23.86 Using Cached Shard Index for r/noarch                                                               ✔ Done
#7 23.86 Fetching and Parsing Packages' Shards                                                           ⧖ Starting
#7 23.86 Fetching and Parsing Packages' Shards                                                     ✔ Done (0.0 sec)
#7 23.86 Using Flat Repodata for r/linux-64                                                              ✔ Starting
#7 23.93 Using Flat Repodata for r/linux-64                                                        ✔ Done (0.1 sec)
#7 23.93 Using Cached Shard Index for r/noarch                                                               ✔ Done
#7 23.93 Using Cached Shard Index for r/linux-64                                                             ✔ Done
#7 23.93 Fetching and Parsing Packages' Shards                                                           ⧖ Starting
#7 23.93 Fetching and Parsing Packages' Shards                                                     ✔ Done (0.0 sec)
#7 23.93 Using Flat Repodata for r/noarch                                                                ✔ Starting
#7 24.01 Using Flat Repodata for r/noarch                                                          ✔ Done (0.1 sec)
#7 24.01 Parsing Packages' Records                                                                ✔ Done (22.9 sec)
#7 24.02 
#7 24.02 Resolving Environment                                                                           ⧖ Starting
#7 24.57 Resolving Environment                                                                     ✔ Done (0.6 sec)
#7 24.57 
#7 24.57 Transaction
#7 24.57 
#7 24.57   Prefix: /opt/conda/envs/unicycler
#7 24.57 
#7 24.57   Updating specs:
#7 24.57 
#7 24.57    - _libgcc_mutex=0.1=conda_forge
#7 24.57    - _openmp_mutex=4.5=2_gnu
#7 24.57    - _sysroot_linux-64_curr_repodata_hack=3=h69a702a_13
#7 24.57    - blast=2.15.0=pl5321h6f7f691_1
#7 24.57    - bzip2=1.0.8=hd590300_5
#7 24.57    - c-ares=1.24.0=hd590300_0
#7 24.57    - ca-certificates=2023.11.17=hbcca054_0
#7 24.57    - curl=8.5.0=hca28451_0
#7 24.57    - entrez-direct=16.2=he881be0_1
#7 24.57    - gettext=0.21.1=h27087fc_0
#7 24.57    - icu=70.1=h27087fc_0
#7 24.57    - kernel-headers_linux-64=3.10.0=h4a8ded7_13
#7 24.57    - keyutils=1.6.1=h166bdaf_0
#7 24.57    - krb5=1.21.2=h659d440_0
#7 24.57    - ld_impl_linux-64=2.40=h41732ed_0
#7 24.57    - libcurl=8.5.0=hca28451_0
#7 24.57    - libedit=3.1.20191231=he28a2e2_2
#7 24.57    - libev=4.33=hd590300_2
#7 24.57    - libffi=3.4.2=h7f98852_5
#7 24.57    - libgcc-ng=13.2.0=h807b86a_3
#7 24.57    - libgomp=13.2.0=h807b86a_3
#7 24.57    - libiconv=1.17=hd590300_2
#7 24.57    - libidn2=2.3.4=h166bdaf_0
#7 24.57    - libnghttp2=1.58.0=h47da74e_1
#7 24.57    - libnsl=2.0.1=hd590300_0
#7 24.57    - libsqlite=3.44.2=h2797004_0
#7 24.57    - libssh2=1.11.0=h0841786_0
#7 24.57    - libstdcxx-ng=13.2.0=h7e041cc_3
#7 24.57    - libunistring=0.9.10=h7f98852_0
#7 24.57    - libuuid=2.38.1=h0b41bf4_0
#7 24.57    - libxml2=2.9.14=h22db469_4
#7 24.57    - libzlib=1.2.13=hd590300_5
#7 24.57    - llvm-openmp=8.0.1=hc9558a2_0
#7 24.57    - miniasm=0.3=he4a0461_2
#7 24.57    - ncbi-vdb=3.0.10=hdbdd923_0
#7 24.57    - ncurses=6.4=h59595ed_2
#7 24.57    - openmp=8.0.1=0
#7 24.57    - openssl=3.2.0=hd590300_1
#7 24.57    - ossuuid=1.6.2=hf484d3e_1000
#7 24.57    - pcre=8.45=h9c3ff4c_0
#7 24.57    - perl=5.32.1=5_hd590300_perl5
#7 24.57    - perl-alien-build=2.48=pl5321hec16e2b_0
#7 24.57    - perl-alien-libxml2=0.17=pl5321hec16e2b_0
#7 24.57    - perl-archive-tar=2.40=pl5321hdfd78af_0
#7 24.57    - perl-business-isbn=3.7=pl5321hd8ed1ab_0
#7 24.57    - perl-business-isbn-data=20210112.6=pl5321hd8ed1ab_0
#7 24.57    - perl-capture-tiny=0.48=pl5321ha770c72_1
#7 24.57    - perl-carp=1.50=pl5321hd8ed1ab_0
#7 24.57    - perl-common-sense=3.75=pl5321hd8ed1ab_0
#7 24.57    - perl-compress-raw-bzip2=2.201=pl5321h166bdaf_0
#7 24.57    - perl-compress-raw-zlib=2.202=pl5321h166bdaf_0
#7 24.57    - perl-constant=1.33=pl5321hd8ed1ab_0
#7 24.57    - perl-encode=3.19=pl5321h166bdaf_0
#7 24.57    - perl-exporter=5.74=pl5321hd8ed1ab_0
#7 24.57    - perl-exporter-tiny=1.2002=pl5321hd8ed1ab_0
#7 24.57    - perl-extutils-makemaker=7.70=pl5321hd8ed1ab_0
#7 24.57    - perl-ffi-checklib=0.28=pl5321hdfd78af_0
#7 24.57    - perl-file-chdir=0.1011=pl5321hd8ed1ab_0
#7 24.57    - perl-file-path=2.18=pl5321hd8ed1ab_0
#7 24.57    - perl-file-temp=0.2304=pl5321hd8ed1ab_0
#7 24.57    - perl-file-which=1.24=pl5321hd8ed1ab_0
#7 24.57    - perl-importer=0.26=pl5321hd8ed1ab_0
#7 24.57    - perl-io-compress=2.201=pl5321hdbdd923_2
#7 24.57    - perl-io-zlib=1.14=pl5321hdfd78af_0
#7 24.57    - perl-json=4.10=pl5321hdfd78af_0
#7 24.57    - perl-json-xs=2.34=pl5321h4ac6f70_6
#7 24.57    - perl-list-moreutils=0.430=pl5321hdfd78af_0
#7 24.57    - perl-list-moreutils-xs=0.430=pl5321h031d066_2
#7 24.57    - perl-parent=0.241=pl5321hd8ed1ab_0
#7 24.57    - perl-path-tiny=0.124=pl5321hd8ed1ab_0
#7 24.57    - perl-pathtools=3.75=pl5321h166bdaf_0
#7 24.57    - perl-scalar-list-utils=1.63=pl5321h166bdaf_0
#7 24.57    - perl-scope-guard=0.21=pl5321hd8ed1ab_0
#7 24.57    - perl-storable=3.15=pl5321h166bdaf_0
#7 24.57    - perl-sub-info=0.2=pl5321hd8ed1ab_0
#7 24.57    - perl-term-table=0.16=pl5321hdfd78af_0
#7 24.57    - perl-test-fatal=0.16=pl5321ha770c72_0
#7 24.57    - perl-test-warnings=0.31=pl5321ha770c72_0
#7 24.57    - perl-test2-suite=0.145=pl5321hdfd78af_0
#7 24.57    - perl-try-tiny=0.31=pl5321ha770c72_0
#7 24.57    - perl-types-serialiser=1.1=pl5321hdfd78af_0
#7 24.57    - perl-uri=5.17=pl5321ha770c72_0
#7 24.57    - perl-xml-libxml=2.207=pl5321h661654b_0
#7 24.57    - perl-xml-namespacesupport=1.12=pl5321hd8ed1ab_0
#7 24.57    - perl-xml-sax=1.2=pl5321hd8ed1ab_0
#7 24.57    - perl-xml-sax-base=1.9=pl5321hd8ed1ab_0
#7 24.57    - pip=23.3.2=pyhd8ed1ab_0
#7 24.57    - python=3.10.13=hd12c33a_0_cpython
#7 24.57    - python_abi=3.10=4_cp310
#7 24.57    - racon=1.5.0=h21ec9f0_2
#7 24.57    - readline=8.2=h8228510_1
#7 24.57    - setuptools=68.2.2=pyhd8ed1ab_0
#7 24.57    - spades=3.15.5=h95f258a_1
#7 24.57    - sysroot_linux-64=2.17=h4a8ded7_13
#7 24.57    - tk=8.6.13=noxft_h4845f30_101
#7 24.57    - tzdata=2023d=h0c530f3_0
#7 24.57    - unicycler=0.5.0=py310h6cc9453_3
#7 24.57    - wget=1.20.3=ha35d2d1_1
#7 24.57    - wheel=0.42.0=pyhd8ed1ab_0
#7 24.57    - xz=5.2.6=h166bdaf_0
#7 24.57    - zlib=1.2.13=hd590300_5
#7 24.57    - zstd=1.5.5=hfc55251_0
#7 24.57 
#7 24.57 
#7 24.62 warning  libmamba Security Warning: This transaction includes executing package scripts (pre/post-link/unlink) if present. These scripts can contain arbitrary code. Please ensure you trust the package sources.
#7 24.62   Package                                      Version  Build               Channel          Size
#7 24.62 ───────────────────────────────────────────────────────────────────────────────────────────────────
#7 24.62   Install:
#7 24.62 ───────────────────────────────────────────────────────────────────────────────────────────────────
#7 24.62 
#7 24.62   + _libgcc_mutex                                  0.1  conda_forge         conda-forge       3kB
#7 24.62   + _openmp_mutex                                  4.5  2_gnu               conda-forge      24kB
#7 24.62   + _sysroot_linux-64_curr_repodata_hack             3  h69a702a_13         conda-forge      21kB
#7 24.62   + blast                                       2.15.0  pl5321h6f7f691_1    bioconda        153MB
#7 24.62   + bzip2                                        1.0.8  hd590300_5          conda-forge     254kB
#7 24.62   + c-ares                                      1.24.0  hd590300_0          conda-forge     156kB
#7 24.62   + ca-certificates                         2023.11.17  hbcca054_0          conda-forge     154kB
#7 24.62   + curl                                         8.5.0  hca28451_0          conda-forge      95kB
#7 24.62   + entrez-direct                                 16.2  he881be0_1          bioconda          8MB
#7 24.62   + gettext                                     0.21.1  h27087fc_0          conda-forge       4MB
#7 24.62   + icu                                           70.1  h27087fc_0          conda-forge      14MB
#7 24.62   + kernel-headers_linux-64                     3.10.0  h4a8ded7_13         conda-forge     976kB
#7 24.62   + keyutils                                     1.6.1  h166bdaf_0          conda-forge     118kB
#7 24.62   + krb5                                        1.21.2  h659d440_0          conda-forge       1MB
#7 24.62   + ld_impl_linux-64                              2.40  h41732ed_0          conda-forge     705kB
#7 24.62   + libcurl                                      8.5.0  hca28451_0          conda-forge     389kB
#7 24.62   + libedit                               3.1.20191231  he28a2e2_2          conda-forge     124kB
#7 24.62   + libev                                         4.33  hd590300_2          conda-forge     113kB
#7 24.62   + libffi                                       3.4.2  h7f98852_5          conda-forge      58kB
#7 24.62   + libgcc-ng                                   13.2.0  h807b86a_3          conda-forge     774kB
#7 24.62   + libgomp                                     13.2.0  h807b86a_3          conda-forge     422kB
#7 24.62   + libiconv                                      1.17  hd590300_2          conda-forge     706kB
#7 24.62   + libidn2                                      2.3.4  h166bdaf_0          conda-forge     160kB
#7 24.62   + libnghttp2                                  1.58.0  h47da74e_1          conda-forge     632kB
#7 24.62   + libnsl                                       2.0.1  hd590300_0          conda-forge      33kB
#7 24.62   + libsqlite                                   3.44.2  h2797004_0          conda-forge     846kB
#7 24.62   + libssh2                                     1.11.0  h0841786_0          conda-forge     271kB
#7 24.62   + libstdcxx-ng                                13.2.0  h7e041cc_3          conda-forge       4MB
#7 24.62   + libunistring                                0.9.10  h7f98852_0          conda-forge       1MB
#7 24.62   + libuuid                                     2.38.1  h0b41bf4_0          conda-forge      34kB
#7 24.62   + libxml2                                     2.9.14  h22db469_4          conda-forge     789kB
#7 24.62   + libzlib                                     1.2.13  hd590300_5          conda-forge      62kB
#7 24.62   + llvm-openmp                                  8.0.1  hc9558a2_0          conda-forge     449kB
#7 24.62   + miniasm                                        0.3  he4a0461_2          bioconda        130kB
#7 24.62   + ncbi-vdb                                    3.0.10  hdbdd923_0          bioconda         11MB
#7 24.62   + ncurses                                        6.4  h59595ed_2          conda-forge     884kB
#7 24.62   + openmp                                       8.0.1  0                   conda-forge       8kB
#7 24.62   + openssl                                      3.2.0  hd590300_1          conda-forge       3MB
#7 24.62   + ossuuid                                      1.6.2  hf484d3e_1000       conda-forge      57kB
#7 24.62   + pcre                                          8.45  h9c3ff4c_0          conda-forge     259kB
#7 24.62   + perl                                        5.32.1  5_hd590300_perl5    conda-forge      13MB
#7 24.62   + perl-alien-build                              2.48  pl5321hec16e2b_0    bioconda        176kB
#7 24.62   + perl-alien-libxml2                            0.17  pl5321hec16e2b_0    bioconda         13kB
#7 24.62   + perl-archive-tar                              2.40  pl5321hdfd78af_0    bioconda         34kB
#7 24.62   + perl-business-isbn                           3.007  pl5321hd8ed1ab_0    conda-forge      18kB
#7 24.62   + perl-business-isbn-data               20210112.006  pl5321hd8ed1ab_0    conda-forge      22kB
#7 24.62   + perl-capture-tiny                             0.48  pl5321ha770c72_1    conda-forge      17kB
#7 24.62   + perl-carp                                     1.50  pl5321hd8ed1ab_0    conda-forge      22kB
#7 24.62   + perl-common-sense                             3.75  pl5321hd8ed1ab_0    conda-forge      20kB
#7 24.62   + perl-compress-raw-bzip2                      2.201  pl5321h166bdaf_0    conda-forge      55kB
#7 24.62   + perl-compress-raw-zlib                       2.202  pl5321h166bdaf_0    conda-forge      85kB
#7 24.62   + perl-constant                                 1.33  pl5321hd8ed1ab_0    conda-forge      16kB
#7 24.62   + perl-encode                                   3.19  pl5321h166bdaf_0    conda-forge       2MB
#7 24.62   + perl-exporter                                 5.74  pl5321hd8ed1ab_0    conda-forge      19kB
#7 24.62   + perl-exporter-tiny                        1.002002  pl5321hd8ed1ab_0    conda-forge      29kB
#7 24.62   + perl-extutils-makemaker                       7.70  pl5321hd8ed1ab_0    conda-forge     157kB
#7 24.62   + perl-ffi-checklib                             0.28  pl5321hdfd78af_0    bioconda         16kB
#7 24.62   + perl-file-chdir                             0.1011  pl5321hd8ed1ab_0    conda-forge      17kB
#7 24.62   + perl-file-path                                2.18  pl5321hd8ed1ab_0    conda-forge      22kB
#7 24.62   + perl-file-temp                              0.2304  pl5321hd8ed1ab_0    conda-forge      32kB
#7 24.62   + perl-file-which                               1.24  pl5321hd8ed1ab_0    conda-forge      17kB
#7 24.62   + perl-importer                                0.026  pl5321hd8ed1ab_0    conda-forge      27kB
#7 24.62   + perl-io-compress                             2.201  pl5321hdbdd923_2    bioconda         87kB
#7 24.62   + perl-io-zlib                                  1.14  pl5321hdfd78af_0    bioconda         12kB
#7 24.62   + perl-json                                     4.10  pl5321hdfd78af_0    bioconda         57kB
#7 24.62   + perl-json-xs                                  2.34  pl5321h4ac6f70_6    bioconda         67kB
#7 24.62   + perl-list-moreutils                          0.430  pl5321hdfd78af_0    bioconda         32kB
#7 24.62   + perl-list-moreutils-xs                       0.430  pl5321h031d066_2    bioconda         51kB
#7 24.62   + perl-parent                                  0.241  pl5321hd8ed1ab_0    conda-forge      14kB
#7 24.62   + perl-path-tiny                               0.124  pl5321hd8ed1ab_0    conda-forge      42kB
#7 24.62   + perl-pathtools                                3.75  pl5321h166bdaf_0    conda-forge      50kB
#7 24.62   + perl-scalar-list-utils                        1.63  pl5321h166bdaf_0    conda-forge      51kB
#7 24.62   + perl-scope-guard                              0.21  pl5321hd8ed1ab_0    conda-forge      16kB
#7 24.62   + perl-storable                                 3.15  pl5321h166bdaf_0    conda-forge      72kB
#7 24.62   + perl-sub-info                                0.002  pl5321hd8ed1ab_0    conda-forge      19kB
#7 24.62   + perl-term-table                              0.016  pl5321hdfd78af_0    bioconda         24kB
#7 24.62   + perl-test-fatal                              0.016  pl5321ha770c72_0    conda-forge      20kB
#7 24.62   + perl-test-warnings                           0.031  pl5321ha770c72_0    conda-forge      22kB
#7 24.62   + perl-test2-suite                          0.000145  pl5321hdfd78af_0    bioconda        200kB
#7 24.62   + perl-try-tiny                                 0.31  pl5321ha770c72_0    conda-forge      18kB
#7 24.62   + perl-types-serialiser                         1.01  pl5321hdfd78af_0    bioconda         13kB
#7 24.62   + perl-uri                                      5.17  pl5321ha770c72_0    conda-forge      68kB
#7 24.62   + perl-xml-libxml                             2.0207  pl5321h661654b_0    bioconda        259kB
#7 24.62   + perl-xml-namespacesupport                     1.12  pl5321hd8ed1ab_0    conda-forge      23kB
#7 24.62   + perl-xml-sax                                  1.02  pl5321hd8ed1ab_0    conda-forge      44kB
#7 24.62   + perl-xml-sax-base                             1.09  pl5321hd8ed1ab_0    conda-forge      28kB
#7 24.62   + pip                                         23.3.2  pyhd8ed1ab_0        conda-forge       1MB
#7 24.62   + python                                     3.10.13  hd12c33a_0_cpython  conda-forge      25MB
#7 24.62   + python_abi                                    3.10  4_cp310             conda-forge       6kB
#7 24.62   + racon                                        1.5.0  h21ec9f0_2          bioconda        164kB
#7 24.62   + readline                                       8.2  h8228510_1          conda-forge     281kB
#7 24.62   + setuptools                                  68.2.2  pyhd8ed1ab_0        conda-forge     464kB
#7 24.62   + spades                                      3.15.5  h95f258a_1          bioconda         50MB
#7 24.62   + sysroot_linux-64                              2.17  h4a8ded7_13         conda-forge      36MB
#7 24.62   + tk                                          8.6.13  noxft_h4845f30_101  conda-forge       3MB
#7 24.62   + tzdata                                       2023d  h0c530f3_0          conda-forge     120kB
#7 24.62   + unicycler                                    0.5.0  py310h6cc9453_3     bioconda          1MB
#7 24.62   + wget                                        1.20.3  ha35d2d1_1          conda-forge     835kB
#7 24.62   + wheel                                       0.42.0  pyhd8ed1ab_0        conda-forge      58kB
#7 24.62   + xz                                           5.2.6  h166bdaf_0          conda-forge     418kB
#7 24.62   + zlib                                        1.2.13  hd590300_5          conda-forge      93kB
#7 24.62   + zstd                                         1.5.5  hfc55251_0          conda-forge     545kB
#7 24.62 
#7 24.62   Summary:
#7 24.62 
#7 24.62   Install: 102 packages
#7 24.62 
#7 24.62   Total download: 348MB
#7 24.62 
#7 24.62 ───────────────────────────────────────────────────────────────────────────────────────────────────
#7 24.62 
#7 24.62 
#7 24.62 Confirm changes: [Y/n] 
#7 24.62 Transaction starting
#7 39.59 Linking _libgcc_mutex-0.1-conda_forge
#7 39.59 Linking ca-certificates-2023.11.17-hbcca054_0
#7 39.59 Linking ld_impl_linux-64-2.40-h41732ed_0
#7 39.59 Linking libstdcxx-ng-13.2.0-h7e041cc_3
#7 39.59 Linking python_abi-3.10-4_cp310
#7 39.59 Linking libgomp-13.2.0-h807b86a_3
#7 39.59 Linking _openmp_mutex-4.5-2_gnu
#7 39.60 Linking libgcc-ng-13.2.0-h807b86a_3
#7 39.60 Linking xz-5.2.6-h166bdaf_0
#7 39.61 Linking pcre-8.45-h9c3ff4c_0
#7 39.61 Linking ossuuid-1.6.2-hf484d3e_1000
#7 39.61 Linking openssl-3.2.0-hd590300_1
#7 39.63 Linking ncurses-6.4-h59595ed_2
#7 40.53 Linking llvm-openmp-8.0.1-hc9558a2_0
#7 40.53 Linking libzlib-1.2.13-hd590300_5
#7 40.53 Linking libuuid-2.38.1-h0b41bf4_0
#7 40.54 warning  libmamba [libuuid-2.38.1-h0b41bf4_0] The following files were already present in the environment:
#7 40.54     - lib/libuuid.a
#7 40.54     - lib/libuuid.so
#7 40.54     - lib/pkgconfig/uuid.pc
#7 40.54 Linking libunistring-0.9.10-h7f98852_0
#7 40.54 Linking libnsl-2.0.1-hd590300_0
#7 40.55 Linking libiconv-1.17-hd590300_2
#7 40.55 Linking libffi-3.4.2-h7f98852_5
#7 40.55 Linking libev-4.33-hd590300_2
#7 40.55 Linking keyutils-1.6.1-h166bdaf_0
#7 40.55 Linking icu-70.1-h27087fc_0
#7 40.56 Linking gettext-0.21.1-h27087fc_0
#7 40.65 Linking c-ares-1.24.0-hd590300_0
#7 40.65 Linking bzip2-1.0.8-hd590300_5
#7 40.66 Linking readline-8.2-h8228510_1
#7 40.66 Linking libedit-3.1.20191231-he28a2e2_2
#7 40.66 Linking openmp-8.0.1-0
#7 40.66 Linking zstd-1.5.5-hfc55251_0
#7 40.66 Linking zlib-1.2.13-hd590300_5
#7 40.66 Linking tk-8.6.13-noxft_h4845f30_101
#7 40.69 Linking libssh2-1.11.0-h0841786_0
#7 40.70 Linking libsqlite-3.44.2-h2797004_0
#7 40.70 Linking perl-5.32.1-5_hd590300_perl5
#7 40.84 Linking libxml2-2.9.14-h22db469_4
#7 40.84 Linking libidn2-2.3.4-h166bdaf_0
#7 40.84 Linking libnghttp2-1.58.0-h47da74e_1
#7 40.84 Linking krb5-1.21.2-h659d440_0
#7 40.85 Linking perl-try-tiny-0.31-pl5321ha770c72_0
#7 40.85 Linking perl-test-warnings-0.031-pl5321ha770c72_0
#7 40.85 Linking perl-storable-3.15-pl5321h166bdaf_0
#7 40.86 Linking perl-scalar-list-utils-1.63-pl5321h166bdaf_0
#7 40.86 Linking perl-compress-raw-zlib-2.202-pl5321h166bdaf_0
#7 40.86 Linking perl-compress-raw-bzip2-2.201-pl5321h166bdaf_0
#7 40.86 Linking perl-capture-tiny-0.48-pl5321ha770c72_1
#7 40.86 Linking wget-1.20.3-ha35d2d1_1
#7 40.86 Linking libcurl-8.5.0-hca28451_0
#7 40.86 Linking perl-test-fatal-0.016-pl5321ha770c72_0
#7 40.86 Linking curl-8.5.0-hca28451_0
#7 40.86 Linking _sysroot_linux-64_curr_repodata_hack-3-h69a702a_13
#7 40.86 Linking tzdata-2023d-h0c530f3_0
#7 40.89 Linking perl-xml-sax-base-1.09-pl5321hd8ed1ab_0
#7 40.89 Linking perl-scope-guard-0.21-pl5321hd8ed1ab_0
#7 40.89 Linking perl-path-tiny-0.124-pl5321hd8ed1ab_0
#7 40.89 Linking perl-parent-0.241-pl5321hd8ed1ab_0
#7 40.89 Linking perl-importer-0.026-pl5321hd8ed1ab_0
#7 40.89 Linking perl-file-which-1.24-pl5321hd8ed1ab_0
#7 40.89 Linking perl-extutils-makemaker-7.70-pl5321hd8ed1ab_0
#7 40.89 Linking perl-exporter-tiny-1.002002-pl5321hd8ed1ab_0
#7 40.89 Linking perl-exporter-5.74-pl5321hd8ed1ab_0
#7 40.89 Linking perl-constant-1.33-pl5321hd8ed1ab_0
#7 40.89 Linking perl-common-sense-3.75-pl5321hd8ed1ab_0
#7 40.89 Linking kernel-headers_linux-64-3.10.0-h4a8ded7_13
#7 40.92 Linking perl-file-path-2.18-pl5321hd8ed1ab_0
#7 40.92 Linking perl-carp-1.50-pl5321hd8ed1ab_0
#7 40.93 Linking perl-xml-namespacesupport-1.12-pl5321hd8ed1ab_0
#7 40.93 Linking sysroot_linux-64-2.17-h4a8ded7_13
#7 41.06 Linking perl-sub-info-0.002-pl5321hd8ed1ab_0
#7 41.06 Linking perl-file-temp-0.2304-pl5321hd8ed1ab_0
#7 41.06 Linking perl-business-isbn-data-20210112.006-pl5321hd8ed1ab_0
#7 41.06 Linking perl-xml-sax-1.02-pl5321hd8ed1ab_0
#7 41.07 Linking perl-business-isbn-3.007-pl5321hd8ed1ab_0
#7 41.07 Linking miniasm-0.3-he4a0461_2
#7 41.07 Linking perl-list-moreutils-xs-0.430-pl5321h031d066_2
#7 41.07 Linking entrez-direct-16.2-he881be0_1
#7 41.07 Linking perl-io-zlib-1.14-pl5321hdfd78af_0
#7 41.07 Linking perl-ffi-checklib-0.28-pl5321hdfd78af_0
#7 41.07 Linking perl-types-serialiser-1.01-pl5321hdfd78af_0
#7 41.07 Linking perl-term-table-0.016-pl5321hdfd78af_0
#7 41.08 Linking perl-list-moreutils-0.430-pl5321hdfd78af_0
#7 41.08 Linking perl-test2-suite-0.000145-pl5321hdfd78af_0
#7 41.09 Linking python-3.10.13-hd12c33a_0_cpython
#7 41.21 Linking perl-encode-3.19-pl5321h166bdaf_0
#7 41.23 Linking perl-pathtools-3.75-pl5321h166bdaf_0
#7 41.23 Linking perl-uri-5.17-pl5321ha770c72_0
#7 41.23 Linking perl-json-xs-2.34-pl5321h4ac6f70_6
#7 41.23 Linking spades-3.15.5-h95f258a_1
#7 41.24 warning  libmamba Executing post-link script for package 'spades'.
#7 41.28 
#7 41.28 Linking racon-1.5.0-h21ec9f0_2
#7 41.28 Linking perl-io-compress-2.201-pl5321hdbdd923_2
#7 41.28 Linking wheel-0.42.0-pyhd8ed1ab_0
#7 41.29 Linking setuptools-68.2.2-pyhd8ed1ab_0
#7 41.31 Linking perl-file-chdir-0.1011-pl5321hd8ed1ab_0
#7 41.31 Linking pip-23.3.2-pyhd8ed1ab_0
#7 41.34 Linking perl-json-4.10-pl5321hdfd78af_0
#7 41.34 Linking perl-archive-tar-2.40-pl5321hdfd78af_0
#7 41.34 Linking perl-alien-build-2.48-pl5321hec16e2b_0
#7 41.35 Linking perl-alien-libxml2-0.17-pl5321hec16e2b_0
#7 41.35 Linking perl-xml-libxml-2.0207-pl5321h661654b_0
#7 41.35 Linking ncbi-vdb-3.0.10-hdbdd923_0
#7 41.42 Linking blast-2.15.0-pl5321h6f7f691_1
#7 41.45 Linking unicycler-0.5.0-py310h6cc9453_3
#7 41.48 
#7 41.48 Transaction finished
#7 41.48 
#7 41.48 
#7 41.48 To activate this environment, use:
#7 41.48 
#7 41.48     mamba activate unicycler
#7 41.48 
#7 41.48 Or to execute a single command in this environment, use:
#7 41.48 
#7 41.48     mamba run -n unicycler mycommand
#7 41.48 
#7 42.05 There are no unused tarball(s) to remove.
#7 42.05 Will remove 1 index cache(s).
#7 42.05 There are no unused package(s) to remove.
#7 42.05 There are no tempfile(s) to remove.
#7 42.05 There are no logfile(s) to remove.
#7 DONE 43.3s

#8 exporting to image
#8 exporting layers
#8 exporting layers 12.9s done
#8 writing image sha256:8e7179c06d1c9646d0d421b04844d9f5f89da4a8088e0ad1c37af2d4996fc20a 0.0s done
#8 naming to ghcr.io/bdrd-genomics/allinone-unicycler:1.0.0 0.0s done
#8 naming to ghcr.io/bdrd-genomics/allinone-unicycler:latest 0.0s done
#8 DONE 13.0s
SUCCESS: ghcr.io/bdrd-genomics/allinone-unicycler

==================================================
Building: ghcr.io/bdrd-genomics/allinone-vs:1.0.0
Dockerfile: Dockerfile.vs
==================================================
#0 building with "default" instance using docker driver

#1 [internal] load build definition from Dockerfile.vs
#1 transferring dockerfile: 458B done
#1 DONE 0.1s

#2 [internal] load metadata for ghcr.io/bdrd-genomics/allinone-conda-base:1.0.1
#2 DONE 0.0s

#3 [internal] load .dockerignore
#3 transferring context: 2B done
#3 DONE 0.1s

#4 [1/3] FROM ghcr.io/bdrd-genomics/allinone-conda-base:1.0.1
#4 CACHED

#5 [internal] load build context
#5 transferring context: 12.14kB done
#5 DONE 0.1s

#6 [2/3] COPY environment.vs.yml /tmp/environment.yml
#6 DONE 0.2s

#7 [3/3] RUN /opt/conda/bin/mamba env create -f /tmp/environment.yml &&     /opt/conda/bin/conda clean -a -y
#7 1.111 ⚠ Shard Index for compbiocore/linux-64 not available, falling back to flat repodata
#7 1.111 Using Flat Repodata for compbiocore/linux-64                                                    ✔ Starting
#7 1.116 Using Flat Repodata for compbiocore/linux-64                                              ✔ Done (0.0 sec)
#7 1.116 ⚠ Shard Index for compbiocore/noarch not available, falling back to flat repodata
#7 1.116 Using Flat Repodata for compbiocore/noarch                                                      ✔ Starting
#7 1.117 Using Flat Repodata for compbiocore/noarch                                                ✔ Done (0.0 sec)
#7 1.117 ⚠ Shard Index for nanoporetech/linux-64 not available, falling back to flat repodata
#7 1.117 Using Flat Repodata for nanoporetech/linux-64                                                   ✔ Starting
#7 1.120 Using Flat Repodata for nanoporetech/linux-64                                             ✔ Done (0.0 sec)
#7 1.120 ⚠ Shard Index for nanoporetech/noarch not available, falling back to flat repodata
#7 1.120 Using Flat Repodata for nanoporetech/noarch                                                     ✔ Starting
#7 1.123 Using Flat Repodata for nanoporetech/noarch                                               ✔ Done (0.0 sec)
#7 1.123 ⚠ Shard Index for gurobi/linux-64 not available, falling back to flat repodata
#7 1.123 Using Flat Repodata for gurobi/linux-64                                                         ✔ Starting
#7 1.124 Using Flat Repodata for gurobi/linux-64                                                   ✔ Done (0.0 sec)
#7 1.124 ⚠ Shard Index for gurobi/noarch not available, falling back to flat repodata
#7 1.124 Using Flat Repodata for gurobi/noarch                                                           ✔ Starting
#7 1.125 Using Flat Repodata for gurobi/noarch                                                     ✔ Done (0.0 sec)
#7 1.127 Fetch Shard Index for conda-forge/linux-64                                                      ⧖ Starting
#7 1.339 Fetch Shard Index for conda-forge/linux-64                                                ✔ Done (0.2 sec)
#7 1.339 Fetch Shard Index for conda-forge/noarch                                                        ⧖ Starting
#7 1.528 Fetch Shard Index for conda-forge/noarch                                                  ✔ Done (0.2 sec)
#7 1.528 Fetching and Parsing Packages' Shards                                                           ⧖ Starting
#7 11.97 Fetching and Parsing Packages' Shards                                                    ✔ Done (10.4 sec)
#7 12.62 Fetch Shard Index for bioconda/linux-64                                                         ⧖ Starting
#7 12.78 Fetch Shard Index for bioconda/linux-64                                                   ✔ Done (0.2 sec)
#7 12.78 Fetch Shard Index for bioconda/noarch                                                           ⧖ Starting
#7 12.95 Fetch Shard Index for bioconda/noarch                                                     ✔ Done (0.2 sec)
#7 12.95 Fetching and Parsing Packages' Shards                                                           ⧖ Starting
#7 16.72 Fetching and Parsing Packages' Shards                                                     ✔ Done (3.8 sec)
#7 16.75 Fetch Shard Index for anaconda/linux-64                                                         ⧖ Starting
#7 16.89 Fetch Shard Index for anaconda/linux-64                                                   ✔ Done (0.1 sec)
#7 16.89 Fetch Shard Index for anaconda/noarch                                                           ⧖ Starting
#7 17.01 Fetch Shard Index for anaconda/noarch                                                     ✔ Done (0.1 sec)
#7 17.01 Fetching and Parsing Packages' Shards                                                           ⧖ Starting
#7 26.30 Fetching and Parsing Packages' Shards                                                     ✔ Done (9.3 sec)
#7 26.48 Fetch Shard Index for r/linux-64                                                                ⧖ Starting
#7 26.61 Fetch Shard Index for r/linux-64                                                          ✔ Done (0.1 sec)
#7 26.61 Fetch Shard Index for r/noarch                                                                  ⧖ Starting
#7 26.75 Fetch Shard Index for r/noarch                                                            ✔ Done (0.1 sec)
#7 26.75 Fetching and Parsing Packages' Shards                                                           ⧖ Starting
#7 26.87 Fetching and Parsing Packages' Shards                                                     ✔ Done (0.1 sec)
#7 27.04 Using Flat Repodata for r/linux-64                                                              ✔ Starting
#7 27.13 Using Flat Repodata for r/linux-64                                                        ✔ Done (0.1 sec)
#7 27.13 Using Cached Shard Index for r/noarch                                                               ✔ Done
#7 27.13 Using Cached Shard Index for r/linux-64                                                             ✔ Done
#7 27.13 Fetching and Parsing Packages' Shards                                                           ⧖ Starting
#7 27.13 Fetching and Parsing Packages' Shards                                                     ✔ Done (0.0 sec)
#7 27.32 Using Flat Repodata for r/noarch                                                                ✔ Starting
#7 27.43 Using Flat Repodata for r/noarch                                                          ✔ Done (0.1 sec)
#7 27.43 Using Cached Shard Index for conda-forge/linux-64                                                   ✔ Done
#7 27.44 Using Cached Shard Index for conda-forge/noarch                                                     ✔ Done
#7 27.44 Fetching and Parsing Packages' Shards                                                           ⧖ Starting
#7 34.07 Fetching and Parsing Packages' Shards                                                     ✔ Done (6.6 sec)
#7 34.99 Using Cached Shard Index for bioconda/linux-64                                                      ✔ Done
#7 34.99 Using Cached Shard Index for bioconda/noarch                                                        ✔ Done
#7 34.99 Fetching and Parsing Packages' Shards                                                           ⧖ Starting
#7 35.34 Fetching and Parsing Packages' Shards                                                     ✔ Done (0.4 sec)
#7 35.38 Using Cached Shard Index for anaconda/linux-64                                                      ✔ Done
#7 35.38 Using Cached Shard Index for anaconda/noarch                                                        ✔ Done
#7 35.38 Fetching and Parsing Packages' Shards                                                           ⧖ Starting
#7 37.80 Fetching and Parsing Packages' Shards                                                     ✔ Done (2.4 sec)
#7 38.01 Using Cached Shard Index for r/linux-64                                                             ✔ Done
#7 38.01 Using Cached Shard Index for r/noarch                                                               ✔ Done
#7 38.01 Fetching and Parsing Packages' Shards                                                           ⧖ Starting
#7 38.01 Fetching and Parsing Packages' Shards                                                     ✔ Done (0.0 sec)
#7 38.01 Using Flat Repodata for r/linux-64                                                              ✔ Starting
#7 38.10 Using Flat Repodata for r/linux-64                                                        ✔ Done (0.1 sec)
#7 38.10 Using Cached Shard Index for r/noarch                                                               ✔ Done
#7 38.10 Using Cached Shard Index for r/linux-64                                                             ✔ Done
#7 38.10 Fetching and Parsing Packages' Shards                                                           ⧖ Starting
#7 38.10 Fetching and Parsing Packages' Shards                                                     ✔ Done (0.0 sec)
#7 38.10 Using Flat Repodata for r/noarch                                                                ✔ Starting
#7 38.19 Using Flat Repodata for r/noarch                                                          ✔ Done (0.1 sec)
#7 38.19 Parsing Packages' Records                                                                ✔ Done (37.1 sec)
#7 38.20 
#7 38.20 Resolving Environment                                                                           ⧖ Starting
#7 41.07 Resolving Environment                                                                     ✔ Done (2.9 sec)
#7 41.08 
#7 41.08 Transaction
#7 41.08 
#7 41.08   Prefix: /opt/conda/envs/vs
#7 41.08 
#7 41.08   Updating specs:
#7 41.08 
#7 41.08    - _libgcc_mutex=0.1=conda_forge
#7 41.08    - _openmp_mutex=4.5=2_gnu
#7 41.08    - _sysroot_linux-64_curr_repodata_hack=3=h69a702a_13
#7 41.08    - alsa-lib=1.2.6.1=h7f98852_0
#7 41.08    - argtable2=2.13=h14c3975_1001
#7 41.08    - aria2=1.36.0=h1e4e653_3
#7 41.08    - bbmap=39.1=h92535d8_1
#7 41.08    - biopython=1.82=py311h459d7ec_0
#7 41.08    - blast=2.15.0=pl5321h6f7f691_1
#7 41.08    - blast-legacy=2.2.26=h9ee0642_3
#7 41.08    - bwa=0.7.17=he4a0461_11
#7 41.08    - bzip2=1.0.8=hd590300_5
#7 41.08    - c-ares=1.23.0=hd590300_0
#7 41.08    - ca-certificates=2024.8.30=hbcca054_0
#7 41.08    - cairo=1.16.0=h18b612c_1001
#7 41.08    - clustalo=1.2.4=hdbdd923_7
#7 41.08    - clustalw=2.1=h4ac6f70_9
#7 41.08    - curl=8.4.0=hdbd6064_0
#7 41.08    - dbus=1.13.18=hb2f20db_0
#7 41.08    - diamond=2.1.8=h43eeafb_0
#7 41.08    - entrez-direct=16.2=he881be0_1
#7 41.08    - ete3=3.1.3=pyhd8ed1ab_0
#7 41.08    - expat=2.5.0=hcb278e6_1
#7 41.08    - fastp=0.23.4=hadf994f_2
#7 41.08    - fastqc=0.12.1=hdfd78af_0
#7 41.08    - font-ttf-dejavu-sans-mono=2.37=hab24e00_0
#7 41.08    - font-ttf-inconsolata=3.0=h77eed37_0
#7 41.08    - font-ttf-source-code-pro=2.38=h77eed37_0
#7 41.08    - font-ttf-ubuntu=0.83=h77eed37_1
#7 41.08    - fontconfig=2.14.2=h14ed4e7_0
#7 41.08    - fonts-conda-ecosystem=1=0
#7 41.08    - fonts-conda-forge=1=0
#7 41.08    - freetype=2.12.1=h267a509_2
#7 41.08    - gawk=5.3.0=ha916aea_0
#7 41.08    - gettext=0.21.1=h27087fc_0
#7 41.08    - giflib=5.2.1=h0b41bf4_3
#7 41.08    - glib=2.78.3=hfc55251_0
#7 41.08    - glib-tools=2.78.3=hfc55251_0
#7 41.08    - gmp=6.3.0=h59595ed_0
#7 41.08    - graphite2=1.3.14=h295c915_1
#7 41.08    - gst-plugins-base=1.14.1=h6a678d5_1
#7 41.08    - gstreamer=1.14.1=h5eee18b_1
#7 41.08    - harfbuzz=4.3.0=hf52aaf7_1
#7 41.08    - htslib=1.18=h81da01d_0
#7 41.08    - icu=58.2=hf484d3e_1000
#7 41.08    - isa-l=2.30.0=hd590300_6
#7 41.08    - jpeg=9e=h0b41bf4_3
#7 41.08    - k8=0.2.5=hdcf5f25_4
#7 41.08    - kernel-headers_linux-64=3.10.0=h4a8ded7_13
#7 41.08    - keyutils=1.6.1=h166bdaf_0
#7 41.08    - krb5=1.20.1=h81ceb04_0
#7 41.08    - lcms2=2.12=hddcbb42_0
#7 41.08    - ld_impl_linux-64=2.40=h41732ed_0
#7 41.08    - libblas=3.9.0=20_linux64_openblas
#7 41.08    - libcblas=3.9.0=20_linux64_openblas
#7 41.08    - libclang=14.0.6=default_h7634d5b_1
#7 41.08    - libclang13=14.0.6=default_h9986a30_1
#7 41.08    - libcups=2.3.3=h36d4200_3
#7 41.08    - libcurl=8.4.0=h251f7ec_0
#7 41.08    - libdb=6.2.32=h9c3ff4c_0
#7 41.08    - libdeflate=1.19=hd590300_0
#7 41.08    - libedit=3.1.20191231=he28a2e2_2
#7 41.08    - libev=4.33=hd590300_2
#7 41.08    - libexpat=2.5.0=hcb278e6_1
#7 41.08    - libffi=3.4.2=h7f98852_5
#7 41.08    - libgcc=7.2.0=h69d50b8_2
#7 41.08    - libgcc-ng=13.2.0=h807b86a_3
#7 41.08    - libgd=2.3.3=h6a678d5_3
#7 41.08    - libgfortran=3.0.0=1
#7 41.08    - libgfortran-ng=13.2.0=h69a702a_3
#7 41.08    - libgfortran5=13.2.0=ha4646dd_3
#7 41.08    - libglib=2.78.3=h783c2da_0
#7 41.08    - libgomp=13.2.0=h807b86a_3
#7 41.08    - libiconv=1.17=hd590300_1
#7 41.08    - libidn2=2.3.4=h166bdaf_0
#7 41.08    - liblapack=3.9.0=20_linux64_openblas
#7 41.08    - libllvm14=14.0.6=hcd5def8_4
#7 41.08    - libnghttp2=1.58.0=h47da74e_1
#7 41.08    - libnsl=2.0.1=hd590300_0
#7 41.08    - libopenblas=0.3.25=pthreads_h413a1c8_0
#7 41.08    - libpng=1.6.39=h753d276_0
#7 41.08    - libpq=12.15=hdbd6064_1
#7 41.08    - libsqlite=3.44.2=h2797004_0
#7 41.08    - libssh2=1.11.0=h0841786_0
#7 41.08    - libstdcxx-ng=13.2.0=h7e041cc_3
#7 41.08    - libtiff=4.2.0=hf544144_3
#7 41.08    - libunistring=0.9.10=h7f98852_0
#7 41.08    - libuuid=2.38.1=h0b41bf4_0
#7 41.08    - libwebp=1.2.4=h11a3e52_1
#7 41.08    - libwebp-base=1.2.4=h166bdaf_0
#7 41.08    - libxcb=1.15=h0b41bf4_0
#7 41.08    - libxkbcommon=1.0.3=he3ba5ed_0
#7 41.08    - libxml2=2.9.14=h74e7548_0
#7 41.08    - libxslt=1.1.35=h4e12654_0
#7 41.08    - libzlib=1.2.13=hd590300_5
#7 41.08    - llvm-openmp=8.0.1=hc9558a2_0
#7 41.08    - lxml=4.9.1=py311h1edc446_0
#7 41.08    - mafft=7.520=h031d066_3
#7 41.08    - miniasm=0.3=he4a0461_3
#7 41.08    - minimap2=2.26=he4a0461_2
#7 41.08    - mmseqs2=15.6f452=pl5321h6a68c12_0
#7 41.08    - mpfr=4.2.1=h9458935_0
#7 41.08    - muscle=5.1=h4ac6f70_3
#7 41.08    - mysql=5.7.20=hf484d3e_1001
#7 41.08    - ncbi-vdb=3.0.9=hdbdd923_0
#7 41.08    - ncurses=6.4=h59595ed_2
#7 41.08    - numpy=1.26.2=py311h64a7726_0
#7 41.08    - openjdk=11.0.15=hc6918da_0
#7 41.08    - openmp=8.0.1=0
#7 41.08    - openssl=3.3.1=hb9d3cd8_3
#7 41.08    - ossuuid=1.6.2=hf484d3e_1000
#7 41.08    - packaging=23.2=pyhd8ed1ab_0
#7 41.08    - paml=4.10.7=h031d066_0
#7 41.08    - pandas=2.1.4=py311h320fe9a_0
#7 41.08    - pbzip2=1.1.13=h1fcc475_2
#7 41.08    - pcre=8.45=h9c3ff4c_0
#7 41.08    - pcre2=10.42=hcad00b1_0
#7 41.08    - pear=0.9.6=h9d449c0_10
#7 41.08    - perl=5.32.1=4_hd590300_perl5
#7 41.08    - perl-algorithm-diff=1.201=pl5321hd8ed1ab_0
#7 41.08    - perl-algorithm-munkres=0.8=pl5321hdfd78af_2
#7 41.08    - perl-alien-build=2.48=pl5321hec16e2b_0
#7 41.08    - perl-alien-libxml2=0.17=pl5321hec16e2b_0
#7 41.08    - perl-apache-test=1.43=pl5321hd8ed1ab_0
#7 41.08    - perl-app-cpanminus=1.7047=pl5321hd8ed1ab_0
#7 41.08    - perl-appconfig=1.71=pl5321hdfd78af_2
#7 41.08    - perl-archive-tar=2.40=pl5321hdfd78af_0
#7 41.08    - perl-base=2.23=pl5321hd8ed1ab_0
#7 41.08    - perl-bio-asn1-entrezgene=1.73=pl5321hdfd78af_3
#7 41.08    - perl-bio-coordinate=1.7001=pl5321hdfd78af_3
#7 41.08    - perl-bio-featureio=1.6.905=pl5321hdfd78af_4
#7 41.08    - perl-bio-phylo=0.58=pl5321hdfd78af_4
#7 41.08    - perl-bio-samtools=1.43=pl5321he4a0461_4
#7 41.08    - perl-bio-searchio-hmmer=1.7.3=pl5321hdfd78af_0
#7 41.08    - perl-bio-tools-phylo-paml=1.7.3=pl5321hdfd78af_3
#7 41.08    - perl-bio-tools-run-alignment-clustalw=1.7.4=pl5321hdfd78af_3
#7 41.08    - perl-bio-tools-run-alignment-tcoffee=1.7.4=pl5321hdfd78af_5
#7 41.08    - perl-bioperl=1.7.8=hdfd78af_1
#7 41.08    - perl-bioperl-core=1.7.8=pl5321hdfd78af_1
#7 41.08    - perl-bioperl-run=1.7003=pl5321hdfd78af_0
#7 41.08    - perl-business-isbn=3.7=pl5321hd8ed1ab_0
#7 41.08    - perl-business-isbn-data=20210112.6=pl5321hd8ed1ab_0
#7 41.08    - perl-capture-tiny=0.48=pl5321ha770c72_1
#7 41.08    - perl-carp=1.50=pl5321hd8ed1ab_0
#7 41.08    - perl-class-data-inheritable=0.9=pl5321ha770c72_0
#7 41.08    - perl-common-sense=3.75=pl5321hd8ed1ab_0
#7 41.08    - perl-compress-raw-bzip2=2.201=pl5321h166bdaf_0
#7 41.08    - perl-compress-raw-zlib=2.202=pl5321h166bdaf_0
#7 41.08    - perl-config-simple=4.59=pl5321hd8ed1ab_0
#7 41.08    - perl-constant=1.33=pl5321hd8ed1ab_0
#7 41.08    - perl-data-dumper=2.183=pl5321h166bdaf_0
#7 41.08    - perl-db-file=1.855=pl5321h779adbc_1
#7 41.08    - perl-db_file=1.858=pl5321h166bdaf_0
#7 41.08    - perl-dbd-sqlite=1.72=pl5321h031d066_1
#7 41.08    - perl-dbi=1.643=pl5321h166bdaf_0
#7 41.08    - perl-devel-stacktrace=2.4=pl5321ha770c72_0
#7 41.08    - perl-digest-hmac=1.4=pl5321hdfd78af_0
#7 41.08    - perl-digest-md5=2.58=pl5321h166bdaf_0
#7 41.08    - perl-encode=3.19=pl5321h166bdaf_0
#7 41.08    - perl-encode-locale=1.5=pl5321hdfd78af_7
#7 41.08    - perl-exception-class=1.45=pl5321hdfd78af_0
#7 41.08    - perl-exporter=5.74=pl5321hd8ed1ab_0
#7 41.08    - perl-exporter-tiny=1.2002=pl5321hd8ed1ab_0
#7 41.08    - perl-extutils-makemaker=7.70=pl5321hd8ed1ab_0
#7 41.08    - perl-ffi-checklib=0.28=pl5321hdfd78af_0
#7 41.08    - perl-file-chdir=0.1011=pl5321hd8ed1ab_0
#7 41.08    - perl-file-listing=6.16=pl5321hdfd78af_0
#7 41.08    - perl-file-path=2.18=pl5321hd8ed1ab_0
#7 41.08    - perl-file-slurp-tiny=0.4=pl5321hdfd78af_2
#7 41.08    - perl-file-sort=1.1=pl5321hdfd78af_3
#7 41.08    - perl-file-spec=3.48.1=pl5321hdfd78af_2
#7 41.08    - perl-file-temp=0.2304=pl5321hd8ed1ab_0
#7 41.08    - perl-file-which=1.24=pl5321hd8ed1ab_0
#7 41.08    - perl-font-afm=1.20=pl5321hdfd78af_3
#7 41.08    - perl-font-ttf=1.6=pl5321hdfd78af_1
#7 41.08    - perl-gd=2.76=pl5321h5b5514e_1
#7 41.08    - perl-getopt-long=2.54=pl5321hdfd78af_0
#7 41.08    - perl-html-entities-numbered=0.4=pl5321hdfd78af_2
#7 41.08    - perl-html-formatter=2.16=pl5321hdfd78af_1
#7 41.08    - perl-html-parser=3.81=pl5321h4ac6f70_1
#7 41.08    - perl-html-tagset=3.20=pl5321hdfd78af_4
#7 41.08    - perl-html-tidy=1.60=pl5321h031d066_3
#7 41.08    - perl-html-tree=5.7=pl5321hdfd78af_2
#7 41.08    - perl-html-treebuilder-xpath=0.14=pl5321hdfd78af_2
#7 41.08    - perl-http-cookies=6.10=pl5321hdfd78af_0
#7 41.08    - perl-http-daemon=6.16=pl5321hdfd78af_0
#7 41.08    - perl-http-date=6.6=pl5321hdfd78af_0
#7 41.08    - perl-http-message=6.36=pl5321hdfd78af_0
#7 41.08    - perl-http-negotiate=6.1=pl5321hdfd78af_4
#7 41.08    - perl-if=0.608=pl5321hd8ed1ab_0
#7 41.08    - perl-image-info=1.42=pl5321hdfd78af_0
#7 41.08    - perl-image-size=3.300=pl5321hdfd78af_3
#7 41.08    - perl-importer=0.26=pl5321hd8ed1ab_0
#7 41.08    - perl-inc-latest=0.500=pl5321ha770c72_0
#7 41.08    - perl-io-compress=2.201=pl5321hdbdd923_2
#7 41.08    - perl-io-html=1.4=pl5321hdfd78af_0
#7 41.08    - perl-io-socket-ssl=2.75=pl5321hd8ed1ab_0
#7 41.08    - perl-io-string=1.8=pl5321hdfd78af_4
#7 41.08    - perl-io-stringy=2.113=pl5321ha770c72_1
#7 41.08    - perl-io-tty=1.16=pl5321h166bdaf_0
#7 41.08    - perl-io-zlib=1.14=pl5321hdfd78af_0
#7 41.08    - perl-ipc-run=20200505.0=pl5321hdfd78af_0
#7 41.08    - perl-json=4.10=pl5321hdfd78af_0
#7 41.08    - perl-json-xs=2.34=pl5321h4ac6f70_6
#7 41.08    - perl-libwww-perl=6.39=pl5321hdfd78af_1
#7 41.08    - perl-libxml-perl=0.8=pl5321hdfd78af_3
#7 41.08    - perl-list-moreutils=0.430=pl5321hdfd78af_0
#7 41.08    - perl-list-moreutils-xs=0.430=pl5321h031d066_2
#7 41.08    - perl-lwp-mediatypes=6.4=pl5321hdfd78af_1
#7 41.08    - perl-lwp-simple=6.39=pl5321h9ee0642_5
#7 41.08    - perl-math-cdf=0.1=pl5321h031d066_9
#7 41.08    - perl-math-random=0.72=pl5321h031d066_6
#7 41.08    - perl-mime-base64=3.16=pl5321h166bdaf_0
#7 41.08    - perl-module-build=0.4234=pl5321ha770c72_0
#7 41.08    - perl-net-http=6.22=pl5321hdfd78af_0
#7 41.08    - perl-net-ssleay=1.92=pl5321hf14f497_1
#7 41.08    - perl-ntlm=1.9=pl5321hdfd78af_5
#7 41.08    - perl-parent=0.241=pl5321hd8ed1ab_0
#7 41.08    - perl-path-tiny=0.124=pl5321hd8ed1ab_0
#7 41.08    - perl-pathtools=3.75=pl5321h166bdaf_0
#7 41.08    - perl-pdf-api2=2.43=pl5321hdfd78af_0
#7 41.08    - perl-scalar-list-utils=1.63=pl5321h166bdaf_0
#7 41.08    - perl-scope-guard=0.21=pl5321hd8ed1ab_0
#7 41.08    - perl-socket=2.27=pl5321h031d066_4
#7 41.08    - perl-storable=3.15=pl5321h166bdaf_0
#7 41.08    - perl-sub-info=0.2=pl5321hd8ed1ab_0
#7 41.08    - perl-sub-uplevel=0.2800=pl5321h166bdaf_0
#7 41.08    - perl-svg=2.87=pl5321hd8ed1ab_0
#7 41.08    - perl-switch=2.17=pl526_1
#7 41.08    - perl-template-toolkit=3.100=pl5321h031d066_2
#7 41.08    - perl-term-table=0.16=pl5321hdfd78af_0
#7 41.08    - perl-test-deep=1.130=pl5321hd8ed1ab_0
#7 41.08    - perl-test-differences=0.71=pl5321ha770c72_0
#7 41.08    - perl-test-exception=0.43=pl5321hd8ed1ab_0
#7 41.08    - perl-test-fatal=0.16=pl5321ha770c72_0
#7 41.08    - perl-test-leaktrace=0.17=pl5321h166bdaf_0
#7 41.08    - perl-test-most=0.38=pl5321hdfd78af_0
#7 41.08    - perl-test-warn=0.37=pl5321hd8ed1ab_0
#7 41.08    - perl-test-warnings=0.31=pl5321ha770c72_0
#7 41.08    - perl-test2-suite=0.145=pl5321hdfd78af_0
#7 41.08    - perl-text-balanced=2.6=pl5321hdfd78af_0
#7 41.08    - perl-text-diff=1.45=pl5321hd8ed1ab_0
#7 41.08    - perl-tie-ixhash=1.23=pl5321hdfd78af_3
#7 41.08    - perl-time-local=1.35=pl5321hdfd78af_0
#7 41.08    - perl-timedate=2.33=pl5321hdfd78af_2
#7 41.08    - perl-tree-dag_node=1.32=pl5321hdfd78af_0
#7 41.08    - perl-try-tiny=0.31=pl5321ha770c72_0
#7 41.08    - perl-types-serialiser=1.1=pl5321hdfd78af_0
#7 41.08    - perl-uri=5.17=pl5321ha770c72_0
#7 41.08    - perl-url-encode=0.3=pl5321h9ee0642_0
#7 41.08    - perl-vars=1.3=pl5321hdfd78af_2
#7 41.08    - perl-www-robotrules=6.2=pl5321hdfd78af_4
#7 41.08    - perl-xml-dom=1.46=pl5321hdfd78af_1
#7 41.08    - perl-xml-dom-xpath=0.14=pl5321hdfd78af_2
#7 41.08    - perl-xml-libxml=2.207=pl5321h661654b_0
#7 41.08    - perl-xml-namespacesupport=1.12=pl5321hd8ed1ab_0
#7 41.08    - perl-xml-parser=2.44.1=pl5321hc3e0081_1003
#7 41.08    - perl-xml-regexp=0.4=pl5321hdfd78af_3
#7 41.08    - perl-xml-sax=1.2=pl5321hd8ed1ab_0
#7 41.08    - perl-xml-sax-base=1.9=pl5321hd8ed1ab_0
#7 41.08    - perl-xml-sax-expat=0.51=pl5321hd8ed1ab_0
#7 41.08    - perl-xml-simple=2.25=pl5321hdfd78af_2
#7 41.08    - perl-xml-twig=3.52=pl5321hdfd78af_3
#7 41.08    - perl-xml-xpathengine=0.14=pl5321hdfd78af_3
#7 41.08    - pigz=2.8=h2797004_0
#7 41.08    - pip=23.3.1=pyhd8ed1ab_0
#7 41.08    - pixman=0.38.0=h516909a_1003
#7 41.08    - ply=3.11=py_1
#7 41.08    - poa=2.0=h031d066_5
#7 41.08    - pthread-stubs=0.4=h36c2ea0_1001
#7 41.08    - pyqt=5.15.10=py311h6a678d5_0
#7 41.08    - pyqt5-sip=12.13.0=py311h5eee18b_0
#7 41.08    - python=3.11.7=hab00c5b_0_cpython
#7 41.08    - python-dateutil=2.8.2=pyhd8ed1ab_0
#7 41.08    - python-tzdata=2023.4=pyhd8ed1ab_0
#7 41.08    - python_abi=3.11=4_cp311
#7 41.08    - pytz=2023.3.post1=pyhd8ed1ab_0
#7 41.08    - qt-main=5.15.2=h7358343_9
#7 41.08    - racon=1.5.0=hdcf5f25_4
#7 41.08    - readline=8.2=h8228510_1
#7 41.08    - rmblast=2.14.1=h4565617_0
#7 41.08    - samtools=1.18=h50ea8bc_1
#7 41.08    - scipy=1.11.4=py311h64a7726_0
#7 41.08    - seqkit=2.6.1=h9ee0642_0
#7 41.08    - seqtk=1.4=he4a0461_1
#7 41.08    - setuptools=68.2.2=pyhd8ed1ab_0
#7 41.08    - sip=6.7.12=py311hb755f60_0
#7 41.08    - six=1.16.0=pyh6c4a22f_0
#7 41.08    - spades=3.15.5=h95f258a_1
#7 41.08    - sqlite=3.44.2=h2c6b66d_0
#7 41.08    - sysroot_linux-64=2.17=h4a8ded7_13
#7 41.08    - t-coffee=12.0.7fb8c2=h26a2512_0
#7 41.08    - taxonkit=0.15.1=h9ee0642_0
#7 41.08    - tidyp=1.4=hec16e2b_4
#7 41.08    - tk=8.6.13=noxft_h4845f30_101
#7 41.08    - tomli=2.0.1=pyhd8ed1ab_0
#7 41.08    - tzdata=2023c=h71feb2d_0
#7 41.08    - unicycler=0.5.1=py311h6eedab3_2
#7 41.08    - viennarna=2.4.7=py27_2
#7 41.08    - wget=1.20.3=ha35d2d1_1
#7 41.08    - wheel=0.42.0=pyhd8ed1ab_0
#7 41.08    - xorg-fixesproto=5.0=h7f98852_1002
#7 41.08    - xorg-inputproto=2.3.2=h7f98852_1002
#7 41.08    - xorg-kbproto=1.0.7=h7f98852_1002
#7 41.08    - xorg-libice=1.1.1=hd590300_0
#7 41.08    - xorg-libsm=1.2.4=h7391055_0
#7 41.08    - xorg-libx11=1.8.7=h8ee46fc_0
#7 41.08    - xorg-libxau=1.0.11=hd590300_0
#7 41.08    - xorg-libxdmcp=1.1.3=h7f98852_0
#7 41.08    - xorg-libxext=1.3.4=h0b41bf4_2
#7 41.08    - xorg-libxfixes=5.0.3=h7f98852_1004
#7 41.08    - xorg-libxi=1.7.10=h7f98852_0
#7 41.08    - xorg-libxrender=0.9.11=hd590300_0
#7 41.08    - xorg-libxtst=1.2.3=h7f98852_1002
#7 41.08    - xorg-recordproto=1.14.2=h7f98852_1002
#7 41.08    - xorg-renderproto=0.11.1=h7f98852_1002
#7 41.08    - xorg-xextproto=7.3.0=h0b41bf4_1003
#7 41.08    - xorg-xproto=7.0.31=h7f98852_1007
#7 41.08    - xz=5.2.6=h166bdaf_0
#7 41.08    - zlib=1.2.13=hd590300_5
#7 41.08    - zstd=1.5.5=hfc55251_0
#7 41.08    - pyarrow
#7 41.08 
#7 41.08 
#7 41.26   Package                                        Version  Build                 Channel          Size
#7 41.26 ───────────────────────────────────────────────────────────────────────────────────────────────────────
#7 41.26   Install:
#7 41.26 ───────────────────────────────────────────────────────────────────────────────────────────────────────
#7 41.26 
#7 41.26   + _libgcc_mutex                                    0.1  conda_forge           conda-forge       3kB
#7 41.26   + _openmp_mutex                                    4.5  2_gnu                 conda-forge      24kB
#7 41.26   + _sysroot_linux-64_curr_repodata_hack               3  h69a702a_13           conda-forge      21kB
#7 41.26   + alsa-lib                                     1.2.6.1  h7f98852_0            conda-forge     592kB
#7 41.26   + argtable2                                       2.13  h14c3975_1001         conda-forge       3MB
#7 41.26   + aria2                                         1.36.0  h1e4e653_3            conda-forge       2MB
#7 41.26   + aws-c-auth                                     0.7.8  h5c941e0_1            conda-forge     103kB
#7 41.26   + aws-c-cal                                      0.6.9  h5d48c4d_2            conda-forge      56kB
#7 41.26   + aws-c-common                                  0.9.10  hd590300_0            conda-forge     225kB
#7 41.26   + aws-c-compression                             0.2.17  h7f92143_7            conda-forge      19kB
#7 41.26   + aws-c-event-stream                             0.3.2  h0bcb0bb_8            conda-forge      54kB
#7 41.26   + aws-c-http                                    0.7.14  hd268abd_3            conda-forge     194kB
#7 41.26   + aws-c-io                                     0.13.36  hb3b01f7_3            conda-forge     157kB
#7 41.26   + aws-c-mqtt                                    0.9.10  h35285c7_2            conda-forge     165kB
#7 41.26   + aws-c-s3                                       0.4.3  h0448019_0            conda-forge     103kB
#7 41.26   + aws-c-sdkutils                                0.1.12  h7f92143_6            conda-forge      53kB
#7 41.26   + aws-checksums                                 0.1.17  h7f92143_6            conda-forge      50kB
#7 41.26   + aws-crt-cpp                                   0.24.9  h4a91382_1            conda-forge     328kB
#7 41.26   + aws-sdk-cpp                                 1.11.210  h6d06844_3            conda-forge       4MB
#7 41.26   + bbmap                                          39.01  h92535d8_1            bioconda          9MB
#7 41.26   + biopython                                       1.82  py311h459d7ec_0       conda-forge       3MB
#7 41.26   + blast                                         2.15.0  pl5321h6f7f691_1      bioconda        153MB
#7 41.26   + blast-legacy                                  2.2.26  h9ee0642_3            bioconda         37MB
#7 41.26   + bwa                                           0.7.17  he4a0461_11           bioconda        196kB
#7 41.26   + bzip2                                          1.0.8  hd590300_5            conda-forge     254kB
#7 41.26   + c-ares                                        1.23.0  hd590300_0            conda-forge     154kB
#7 41.26   + ca-certificates                            2024.8.30  hbcca054_0            conda-forge     159kB
#7 41.26   + cairo                                         1.16.0  h18b612c_1001         conda-forge       2MB
#7 41.26   + clustalo                                       1.2.4  hdbdd923_7            bioconda        322kB
#7 41.26   + clustalw                                         2.1  h4ac6f70_9            bioconda        316kB
#7 41.26   + curl                                           8.4.0  hdbd6064_0            anaconda         87kB
#7 41.26   + dbus                                         1.13.18  hb2f20db_0            anaconda        600kB
#7 41.26   + diamond                                        2.1.8  h43eeafb_0            bioconda          3MB
#7 41.26   + entrez-direct                                   16.2  he881be0_1            bioconda          8MB
#7 41.26   + ete3                                           3.1.3  pyhd8ed1ab_0          conda-forge       2MB
#7 41.26   + expat                                          2.5.0  hcb278e6_1            conda-forge     137kB
#7 41.26   + fastp                                         0.23.4  hadf994f_2            bioconda          3MB
#7 41.26   + fastqc                                        0.12.1  hdfd78af_0            bioconda         12MB
#7 41.26   + font-ttf-dejavu-sans-mono                       2.37  hab24e00_0            conda-forge     397kB
#7 41.26   + font-ttf-inconsolata                           3.000  h77eed37_0            conda-forge      97kB
#7 41.26   + font-ttf-source-code-pro                       2.038  h77eed37_0            conda-forge     701kB
#7 41.26   + font-ttf-ubuntu                                 0.83  h77eed37_1            conda-forge       2MB
#7 41.26   + fontconfig                                    2.14.2  h14ed4e7_0            conda-forge     272kB
#7 41.26   + fonts-conda-ecosystem                              1  0                     conda-forge       4kB
#7 41.26   + fonts-conda-forge                                  1  0                     conda-forge       4kB
#7 41.26   + freetype                                      2.12.1  h267a509_2            conda-forge     635kB
#7 41.26   + gawk                                           5.3.0  ha916aea_0            conda-forge       1MB
#7 41.26   + gettext                                       0.21.1  h27087fc_0            conda-forge       4MB
#7 41.26   + gflags                                         2.2.2  he1b5a44_1004         conda-forge     117kB
#7 41.26   + giflib                                         5.2.1  h0b41bf4_3            conda-forge      77kB
#7 41.26   + glib                                          2.78.3  hfc55251_0            conda-forge     490kB
#7 41.26   + glib-tools                                    2.78.3  hfc55251_0            conda-forge     111kB
#7 41.26   + glog                                           0.6.0  h6f12383_0            conda-forge     114kB
#7 41.26   + gmp                                            6.3.0  h59595ed_0            conda-forge     563kB
#7 41.26   + graphite2                                     1.3.14  h295c915_1            anaconda        104kB
#7 41.26   + gst-plugins-base                              1.14.1  h6a678d5_1            anaconda          2MB
#7 41.26   + gstreamer                                     1.14.1  h5eee18b_1            anaconda          2MB
#7 41.26   + harfbuzz                                       4.3.0  hf52aaf7_1            anaconda          1MB
#7 41.26   + htslib                                          1.18  h81da01d_0            bioconda          3MB
#7 41.26   + icu                                             58.2  hf484d3e_1000         conda-forge      24MB
#7 41.26   + isa-l                                         2.30.0  hd590300_6            conda-forge     188kB
#7 41.26   + jpeg                                              9e  h0b41bf4_3            conda-forge     240kB
#7 41.26   + k8                                             0.2.5  hdcf5f25_4            bioconda          2MB
#7 41.26   + kernel-headers_linux-64                       3.10.0  h4a8ded7_13           conda-forge     976kB
#7 41.26   + keyutils                                       1.6.1  h166bdaf_0            conda-forge     118kB
#7 41.26   + krb5                                          1.20.1  h81ceb04_0            conda-forge       1MB
#7 41.26   + lcms2                                           2.12  hddcbb42_0            conda-forge     453kB
#7 41.26   + ld_impl_linux-64                                2.40  h41732ed_0            conda-forge     705kB
#7 41.26   + libabseil                                 20230802.1  cxx17_h59595ed_0      conda-forge       1MB
#7 41.26   + libarrow                                      13.0.0  hcc26646_19_cpu       conda-forge      28MB
#7 41.26   + libblas                                        3.9.0  20_linux64_openblas   conda-forge      14kB
#7 41.26   + libbrotlicommon                                1.1.0  hd590300_1            conda-forge      69kB
#7 41.26   + libbrotlidec                                   1.1.0  hd590300_1            conda-forge      33kB
#7 41.26   + libbrotlienc                                   1.1.0  hd590300_1            conda-forge     283kB
#7 41.26   + libcblas                                       3.9.0  20_linux64_openblas   conda-forge      14kB
#7 41.26   + libclang                                      14.0.6  default_h7634d5b_1    conda-forge     133kB
#7 41.26   + libclang13                                    14.0.6  default_h9986a30_1    conda-forge       9MB
#7 41.26   + libcrc32c                                      1.1.2  h9c3ff4c_0            conda-forge      20kB
#7 41.26   + libcups                                        2.3.3  h36d4200_3            conda-forge       5MB
#7 41.26   + libcurl                                        8.4.0  h251f7ec_0            anaconda        421kB
#7 41.26   + libdb                                         6.2.32  h9c3ff4c_0            conda-forge      24MB
#7 41.26   + libdeflate                                      1.19  hd590300_0            conda-forge      67kB
#7 41.26   + libedit                                 3.1.20191231  he28a2e2_2            conda-forge     124kB
#7 41.26   + libev                                           4.33  hd590300_2            conda-forge     113kB
#7 41.26   + libevent                                      2.1.12  hf998b51_1            conda-forge     427kB
#7 41.26   + libexpat                                       2.5.0  hcb278e6_1            conda-forge      78kB
#7 41.26   + libffi                                         3.4.2  h7f98852_5            conda-forge      58kB
#7 41.26   + libgcc                                         7.2.0  h69d50b8_2            conda-forge     312kB
#7 41.26   + libgcc-ng                                     13.2.0  h807b86a_3            conda-forge     774kB
#7 41.26   + libgd                                          2.3.3  h6a678d5_3            anaconda        301kB
#7 41.26   + libgfortran                                    3.0.0  1                     conda-forge     287kB
#7 41.26   + libgfortran-ng                                13.2.0  h69a702a_3            conda-forge      24kB
#7 41.26   + libgfortran5                                  13.2.0  ha4646dd_3            conda-forge       1MB
#7 41.26   + libglib                                       2.78.3  h783c2da_0            conda-forge       3MB
#7 41.26   + libgomp                                       13.2.0  h807b86a_3            conda-forge     422kB
#7 41.26   + libgoogle-cloud                               2.12.0  h5206363_4            conda-forge      43MB
#7 41.26   + libgrpc                                       1.59.3  hd6c4280_0            conda-forge       7MB
#7 41.26   + libiconv                                        1.17  hd590300_1            conda-forge     693kB
#7 41.26   + libidn2                                        2.3.4  h166bdaf_0            conda-forge     160kB
#7 41.26   + liblapack                                      3.9.0  20_linux64_openblas   conda-forge      14kB
#7 41.26   + libllvm14                                     14.0.6  hcd5def8_4            conda-forge      31MB
#7 41.26   + libnghttp2                                    1.58.0  h47da74e_1            conda-forge     632kB
#7 41.26   + libnl                                         3.10.0  h4bc722e_0            conda-forge     734kB
#7 41.26   + libnsl                                         2.0.1  hd590300_0            conda-forge      33kB
#7 41.26   + libopenblas                                   0.3.25  pthreads_h413a1c8_0   conda-forge       6MB
#7 41.26   + libpng                                        1.6.39  h753d276_0            conda-forge     283kB
#7 41.26   + libpq                                          12.15  hdbd6064_1            anaconda          3MB
#7 41.26   + libprotobuf                                   4.24.4  hf27288f_0            conda-forge       3MB
#7 41.26   + libre2-11                                 2023.09.01  h7a70373_1            conda-forge     233kB
#7 41.26   + libsqlite                                     3.44.2  h2797004_0            conda-forge     846kB
#7 41.26   + libssh2                                       1.11.0  h0841786_0            conda-forge     271kB
#7 41.26   + libstdcxx-ng                                  13.2.0  h7e041cc_3            conda-forge       4MB
#7 41.26   + libthrift                                     0.19.0  hb90f79a_1            conda-forge     409kB
#7 41.26   + libtiff                                        4.2.0  hf544144_3            conda-forge     605kB
#7 41.26   + libunistring                                  0.9.10  h7f98852_0            conda-forge       1MB
#7 41.26   + libutf8proc                                    2.8.0  h166bdaf_0            conda-forge     101kB
#7 41.26   + libuuid                                       2.38.1  h0b41bf4_0            conda-forge      34kB
#7 41.26   + libwebp                                        1.2.4  h11a3e52_1            anaconda         88kB
#7 41.26   + libwebp-base                                   1.2.4  h166bdaf_0            conda-forge     413kB
#7 41.26   + libxcb                                          1.15  h0b41bf4_0            conda-forge     384kB
#7 41.26   + libxkbcommon                                   1.0.3  he3ba5ed_0            conda-forge     595kB
#7 41.26   + libxml2                                       2.9.14  h74e7548_0            anaconda        735kB
#7 41.26   + libxslt                                       1.1.35  h4e12654_0            anaconda        584kB
#7 41.26   + libzlib                                       1.2.13  hd590300_5            conda-forge      62kB
#7 41.26   + llvm-openmp                                    8.0.1  hc9558a2_0            conda-forge     449kB
#7 41.26   + lxml                                           4.9.1  py311h1edc446_0       anaconda          1MB
#7 41.26   + lz4-c                                          1.9.4  hcb278e6_0            conda-forge     143kB
#7 41.26   + mafft                                          7.520  h031d066_3            bioconda          3MB
#7 41.26   + miniasm                                          0.3  he4a0461_3            bioconda        130kB
#7 41.26   + minimap2                                        2.26  he4a0461_2            bioconda          1MB
#7 41.26   + mmseqs2                                     15.6f452  pl5321h6a68c12_0      bioconda          4MB
#7 41.26   + mpfr                                           4.2.1  h9458935_0            conda-forge     642kB
#7 41.26   + muscle                                           5.1  h4ac6f70_3            bioconda        308kB
#7 41.26   + mysql                                         5.7.20  hf484d3e_1001         conda-forge      83MB
#7 41.26   + ncbi-vdb                                       3.0.9  hdbdd923_0            bioconda         11MB
#7 41.26   + ncurses                                          6.4  h59595ed_2            conda-forge     884kB
#7 41.26   + numpy                                         1.26.2  py311h64a7726_0       conda-forge       8MB
#7 41.26   + openjdk                                      11.0.15  hc6918da_0            conda-forge     183MB
#7 41.26   + openmp                                         8.0.1  0                     conda-forge       8kB
#7 41.26   + openssl                                        3.3.1  hb9d3cd8_3            conda-forge       3MB
#7 41.26   + orc                                            1.9.2  h4b38347_0            conda-forge       1MB
#7 41.26   + ossuuid                                        1.6.2  hf484d3e_1000         conda-forge      57kB
#7 41.26   + packaging                                       23.2  pyhd8ed1ab_0          conda-forge      49kB
#7 41.26   + paml                                          4.10.7  h031d066_0            bioconda          1MB
#7 41.26   + pandas                                         2.1.4  py311h320fe9a_0       conda-forge      15MB
#7 41.26   + pbzip2                                        1.1.13  h1fcc475_2            conda-forge      42kB
#7 41.26   + pcre                                            8.45  h9c3ff4c_0            conda-forge     259kB
#7 41.26   + pcre2                                          10.42  hcad00b1_0            conda-forge       1MB
#7 41.26   + pear                                           0.9.6  h9d449c0_10           bioconda         64kB
#7 41.26   + perl                                          5.32.1  4_hd590300_perl5      conda-forge      13MB
#7 41.26   + perl-algorithm-diff                            1.201  pl5321hd8ed1ab_0      conda-forge      33kB
#7 41.26   + perl-algorithm-munkres                          0.08  pl5321hdfd78af_2      bioconda         13kB
#7 41.26   + perl-alien-build                                2.48  pl5321hec16e2b_0      bioconda        176kB
#7 41.26   + perl-alien-libxml2                              0.17  pl5321hec16e2b_0      bioconda         13kB
#7 41.26   + perl-apache-test                                1.43  pl5321hd8ed1ab_0      conda-forge     122kB
#7 41.26   + perl-app-cpanminus                            1.7047  pl5321hd8ed1ab_0      conda-forge     230kB
#7 41.26   + perl-appconfig                                  1.71  pl5321hdfd78af_2      bioconda         46kB
#7 41.26   + perl-archive-tar                                2.40  pl5321hdfd78af_0      bioconda         34kB
#7 41.26   + perl-base                                       2.23  pl5321hd8ed1ab_0      conda-forge      20kB
#7 41.26   + perl-bio-asn1-entrezgene                        1.73  pl5321hdfd78af_3      bioconda         25kB
#7 41.26   + perl-bio-coordinate                         1.007001  pl5321hdfd78af_3      bioconda         37kB
#7 41.26   + perl-bio-featureio                           1.6.905  pl5321hdfd78af_4      bioconda         42kB
#7 41.26   + perl-bio-phylo                                  0.58  pl5321hdfd78af_4      bioconda        311kB
#7 41.26   + perl-bio-samtools                               1.43  pl5321he4a0461_4      bioconda        153kB
#7 41.26   + perl-bio-searchio-hmmer                        1.7.3  pl5321hdfd78af_0      bioconda         59kB
#7 41.26   + perl-bio-tools-phylo-paml                      1.7.3  pl5321hdfd78af_3      bioconda         59kB
#7 41.26   + perl-bio-tools-run-alignment-clustalw          1.7.4  pl5321hdfd78af_3      bioconda         26kB
#7 41.26   + perl-bio-tools-run-alignment-tcoffee           1.7.4  pl5321hdfd78af_5      bioconda         26kB
#7 41.26   + perl-bioperl                                   1.7.8  hdfd78af_1            bioconda          6kB
#7 41.26   + perl-bioperl-core                              1.7.8  pl5321hdfd78af_1      bioconda          2MB
#7 41.26   + perl-bioperl-run                            1.007003  pl5321hdfd78af_0      bioconda        348kB
#7 41.26   + perl-business-isbn                             3.007  pl5321hd8ed1ab_0      conda-forge      18kB
#7 41.26   + perl-business-isbn-data                 20210112.006  pl5321hd8ed1ab_0      conda-forge      22kB
#7 41.26   + perl-capture-tiny                               0.48  pl5321ha770c72_1      conda-forge      17kB
#7 41.26   + perl-carp                                       1.50  pl5321hd8ed1ab_0      conda-forge      22kB
#7 41.26   + perl-class-data-inheritable                     0.09  pl5321ha770c72_0      conda-forge      17kB
#7 41.26   + perl-common-sense                               3.75  pl5321hd8ed1ab_0      conda-forge      20kB
#7 41.26   + perl-compress-raw-bzip2                        2.201  pl5321h166bdaf_0      conda-forge      55kB
#7 41.26   + perl-compress-raw-zlib                         2.202  pl5321h166bdaf_0      conda-forge      85kB
#7 41.26   + perl-config-simple                              4.59  pl5321hd8ed1ab_0      conda-forge      31kB
#7 41.26   + perl-constant                                   1.33  pl5321hd8ed1ab_0      conda-forge      16kB
#7 41.26   + perl-data-dumper                               2.183  pl5321h166bdaf_0      conda-forge      45kB
#7 41.26   + perl-db-file                                   1.855  pl5321h779adbc_1      bioconda         55kB
#7 41.26   + perl-db_file                                   1.858  pl5321h166bdaf_0      conda-forge      60kB
#7 41.26   + perl-dbd-sqlite                                 1.72  pl5321h031d066_1      bioconda          3MB
#7 41.26   + perl-dbi                                       1.643  pl5321h166bdaf_0      conda-forge     624kB
#7 41.26   + perl-devel-stacktrace                           2.04  pl5321ha770c72_0      conda-forge      19kB
#7 41.26   + perl-digest-hmac                                1.04  pl5321hdfd78af_0      bioconda         11kB
#7 41.26   + perl-digest-md5                                 2.58  pl5321h166bdaf_0      conda-forge      27kB
#7 41.26   + perl-encode                                     3.19  pl5321h166bdaf_0      conda-forge       2MB
#7 41.26   + perl-encode-locale                              1.05  pl5321hdfd78af_7      bioconda         14kB
#7 41.26   + perl-exception-class                            1.45  pl5321hdfd78af_0      bioconda         22kB
#7 41.26   + perl-exporter                                   5.74  pl5321hd8ed1ab_0      conda-forge      19kB
#7 41.26   + perl-exporter-tiny                          1.002002  pl5321hd8ed1ab_0      conda-forge      29kB
#7 41.26   + perl-extutils-makemaker                         7.70  pl5321hd8ed1ab_0      conda-forge     157kB
#7 41.26   + perl-ffi-checklib                               0.28  pl5321hdfd78af_0      bioconda         16kB
#7 41.26   + perl-file-chdir                               0.1011  pl5321hd8ed1ab_0      conda-forge      17kB
#7 41.26   + perl-file-listing                               6.16  pl5321hdfd78af_0      bioconda         15kB
#7 41.26   + perl-file-path                                  2.18  pl5321hd8ed1ab_0      conda-forge      22kB
#7 41.26   + perl-file-slurp-tiny                           0.004  pl5321hdfd78af_2      bioconda         10kB
#7 41.26   + perl-file-sort                                  1.01  pl5321hdfd78af_3      bioconda         21kB
#7 41.26   + perl-file-spec                               3.48_01  pl5321hdfd78af_2      bioconda          6kB
#7 41.26   + perl-file-temp                                0.2304  pl5321hd8ed1ab_0      conda-forge      32kB
#7 41.26   + perl-file-which                                 1.24  pl5321hd8ed1ab_0      conda-forge      17kB
#7 41.26   + perl-font-afm                                   1.20  pl5321hdfd78af_3      bioconda         16kB
#7 41.26   + perl-font-ttf                                   1.06  pl5321hdfd78af_1      bioconda        206kB
#7 41.26   + perl-gd                                         2.76  pl5321h5b5514e_1      bioconda        121kB
#7 41.26   + perl-getopt-long                                2.54  pl5321hdfd78af_0      bioconda         32kB
#7 41.26   + perl-html-entities-numbered                     0.04  pl5321hdfd78af_2      bioconda         13kB
#7 41.26   + perl-html-formatter                             2.16  pl5321hdfd78af_1      bioconda         33kB
#7 41.26   + perl-html-parser                                3.81  pl5321h4ac6f70_1      bioconda         70kB
#7 41.26   + perl-html-tagset                                3.20  pl5321hdfd78af_4      bioconda         14kB
#7 41.26   + perl-html-tidy                                  1.60  pl5321h031d066_3      bioconda         23kB
#7 41.26   + perl-html-tree                                  5.07  pl5321hdfd78af_2      bioconda        133kB
#7 41.26   + perl-html-treebuilder-xpath                     0.14  pl5321hdfd78af_2      bioconda         15kB
#7 41.26   + perl-http-cookies                               6.10  pl5321hdfd78af_0      bioconda         22kB
#7 41.26   + perl-http-daemon                                6.16  pl5321hdfd78af_0      bioconda         22kB
#7 41.26   + perl-http-date                                  6.06  pl5321hdfd78af_0      bioconda         15kB
#7 41.26   + perl-http-message                               6.36  pl5321hdfd78af_0      bioconda         56kB
#7 41.26   + perl-http-negotiate                             6.01  pl5321hdfd78af_4      bioconda         15kB
#7 41.26   + perl-if                                       0.0608  pl5321hd8ed1ab_0      conda-forge      12kB
#7 41.26   + perl-image-info                                 1.42  pl5321hdfd78af_0      bioconda         47kB
#7 41.26   + perl-image-size                                3.300  pl5321hdfd78af_3      bioconda         29kB
#7 41.26   + perl-importer                                  0.026  pl5321hd8ed1ab_0      conda-forge      27kB
#7 41.26   + perl-inc-latest                                0.500  pl5321ha770c72_0      conda-forge      16kB
#7 41.26   + perl-io-compress                               2.201  pl5321hdbdd923_2      bioconda         87kB
#7 41.26   + perl-io-html                                   1.004  pl5321hdfd78af_0      bioconda         16kB
#7 41.26   + perl-io-socket-ssl                             2.075  pl5321hd8ed1ab_0      conda-forge     171kB
#7 41.26   + perl-io-string                                  1.08  pl5321hdfd78af_4      bioconda         12kB
#7 41.26   + perl-io-stringy                                2.113  pl5321ha770c72_1      conda-forge      38kB
#7 41.26   + perl-io-tty                                     1.16  pl5321h166bdaf_0      conda-forge      39kB
#7 41.26   + perl-io-zlib                                    1.14  pl5321hdfd78af_0      bioconda         12kB
#7 41.26   + perl-ipc-run                              20200505.0  pl5321hdfd78af_0      bioconda         78kB
#7 41.26   + perl-json                                       4.10  pl5321hdfd78af_0      bioconda         57kB
#7 41.26   + perl-json-xs                                    2.34  pl5321h4ac6f70_6      bioconda         67kB
#7 41.26   + perl-libwww-perl                                6.39  pl5321hdfd78af_1      bioconda         98kB
#7 41.26   + perl-libxml-perl                                0.08  pl5321hdfd78af_3      bioconda         41kB
#7 41.26   + perl-list-moreutils                            0.430  pl5321hdfd78af_0      bioconda         32kB
#7 41.26   + perl-list-moreutils-xs                         0.430  pl5321h031d066_2      bioconda         51kB
#7 41.26   + perl-lwp-mediatypes                             6.04  pl5321hdfd78af_1      bioconda         24kB
#7 41.26   + perl-lwp-simple                                 6.39  pl5321h9ee0642_5      bioconda          6kB
#7 41.26   + perl-math-cdf                                    0.1  pl5321h031d066_9      bioconda         71kB
#7 41.26   + perl-math-random                                0.72  pl5321h031d066_6      bioconda         58kB
#7 41.26   + perl-mime-base64                                3.16  pl5321h166bdaf_0      conda-forge      21kB
#7 41.26   + perl-module-build                             0.4234  pl5321ha770c72_0      conda-forge     137kB
#7 41.26   + perl-net-http                                   6.22  pl5321hdfd78af_0      bioconda         22kB
#7 41.26   + perl-net-ssleay                                 1.92  pl5321hf14f497_1      conda-forge     311kB
#7 41.26   + perl-ntlm                                       1.09  pl5321hdfd78af_5      bioconda         16kB
#7 41.26   + perl-parent                                    0.241  pl5321hd8ed1ab_0      conda-forge      14kB
#7 41.26   + perl-path-tiny                                 0.124  pl5321hd8ed1ab_0      conda-forge      42kB
#7 41.26   + perl-pathtools                                  3.75  pl5321h166bdaf_0      conda-forge      50kB
#7 41.26   + perl-pdf-api2                                  2.043  pl5321hdfd78af_0      bioconda          2MB
#7 41.26   + perl-scalar-list-utils                          1.63  pl5321h166bdaf_0      conda-forge      51kB
#7 41.26   + perl-scope-guard                                0.21  pl5321hd8ed1ab_0      conda-forge      16kB
#7 41.26   + perl-socket                                    2.027  pl5321h031d066_4      bioconda         35kB
#7 41.26   + perl-storable                                   3.15  pl5321h166bdaf_0      conda-forge      72kB
#7 41.26   + perl-sub-info                                  0.002  pl5321hd8ed1ab_0      conda-forge      19kB
#7 41.26   + perl-sub-uplevel                              0.2800  pl5321h166bdaf_0      conda-forge      20kB
#7 41.26   + perl-svg                                        2.87  pl5321hd8ed1ab_0      conda-forge      45kB
#7 41.26   + perl-switch                                     2.17  pl526_1               compbiocore      15kB
#7 41.26   + perl-template-toolkit                          3.100  pl5321h031d066_2      bioconda        359kB
#7 41.26   + perl-term-table                                0.016  pl5321hdfd78af_0      bioconda         24kB
#7 41.26   + perl-test-deep                                 1.130  pl5321hd8ed1ab_0      conda-forge      44kB
#7 41.26   + perl-test-differences                           0.71  pl5321ha770c72_0      conda-forge      24kB
#7 41.26   + perl-test-exception                             0.43  pl5321hd8ed1ab_0      conda-forge      21kB
#7 41.26   + perl-test-fatal                                0.016  pl5321ha770c72_0      conda-forge      20kB
#7 41.26   + perl-test-leaktrace                             0.17  pl5321h166bdaf_0      conda-forge      30kB
#7 41.26   + perl-test-most                                  0.38  pl5321hdfd78af_0      bioconda         21kB
#7 41.26   + perl-test-warn                                  0.37  pl5321hd8ed1ab_0      conda-forge      21kB
#7 41.26   + perl-test-warnings                             0.031  pl5321ha770c72_0      conda-forge      22kB
#7 41.26   + perl-test2-suite                            0.000145  pl5321hdfd78af_0      bioconda        200kB
#7 41.26   + perl-text-balanced                              2.06  pl5321hdfd78af_0      bioconda         26kB
#7 41.26   + perl-text-diff                                  1.45  pl5321hd8ed1ab_0      conda-forge      32kB
#7 41.26   + perl-tie-ixhash                                 1.23  pl5321hdfd78af_3      bioconda         14kB
#7 41.26   + perl-time-local                                 1.35  pl5321hdfd78af_0      bioconda         14kB
#7 41.26   + perl-timedate                                   2.33  pl5321hdfd78af_2      bioconda         32kB
#7 41.26   + perl-tree-dag_node                              1.32  pl5321hdfd78af_0      bioconda         44kB
#7 41.26   + perl-try-tiny                                   0.31  pl5321ha770c72_0      conda-forge      18kB
#7 41.26   + perl-types-serialiser                           1.01  pl5321hdfd78af_0      bioconda         13kB
#7 41.26   + perl-uri                                        5.17  pl5321ha770c72_0      conda-forge      68kB
#7 41.26   + perl-url-encode                                 0.03  pl5321h9ee0642_0      bioconda         15kB
#7 41.26   + perl-vars                                       1.03  pl5321hdfd78af_2      bioconda          6kB
#7 41.26   + perl-www-robotrules                             6.02  pl5321hdfd78af_4      bioconda         15kB
#7 41.26   + perl-xml-dom                                    1.46  pl5321hdfd78af_1      bioconda         60kB
#7 41.26   + perl-xml-dom-xpath                              0.14  pl5321hdfd78af_2      bioconda         12kB
#7 41.26   + perl-xml-libxml                               2.0207  pl5321h661654b_0      bioconda        259kB
#7 41.26   + perl-xml-namespacesupport                       1.12  pl5321hd8ed1ab_0      conda-forge      23kB
#7 41.26   + perl-xml-parser                              2.44_01  pl5321hc3e0081_1003   conda-forge     168kB
#7 41.26   + perl-xml-regexp                                 0.04  pl5321hdfd78af_3      bioconda         10kB
#7 41.26   + perl-xml-sax                                    1.02  pl5321hd8ed1ab_0      conda-forge      44kB
#7 41.26   + perl-xml-sax-base                               1.09  pl5321hd8ed1ab_0      conda-forge      28kB
#7 41.26   + perl-xml-sax-expat                              0.51  pl5321hd8ed1ab_0      conda-forge      18kB
#7 41.26   + perl-xml-simple                                 2.25  pl5321hdfd78af_2      bioconda         50kB
#7 41.26   + perl-xml-twig                                   3.52  pl5321hdfd78af_3      bioconda        149kB
#7 41.26   + perl-xml-xpathengine                            0.14  pl5321hdfd78af_3      bioconda         29kB
#7 41.26   + pigz                                             2.8  h2797004_0            conda-forge      72kB
#7 41.26   + pip                                           23.3.1  pyhd8ed1ab_0          conda-forge       1MB
#7 41.26   + pixman                                        0.38.0  h516909a_1003         conda-forge     608kB
#7 41.26   + ply                                             3.11  py_1                  conda-forge      45kB
#7 41.26   + poa                                              2.0  h031d066_5            bioconda         82kB
#7 41.26   + pthread-stubs                                    0.4  h36c2ea0_1001         conda-forge       6kB
#7 41.26   + pyarrow                                       13.0.0  py311h39c9aba_19_cpu  conda-forge       4MB
#7 41.26   + pyqt                                         5.15.10  py311h6a678d5_0       anaconda          6MB
#7 41.26   + pyqt5-sip                                    12.13.0  py311h5eee18b_0       anaconda         97kB
#7 41.26   + python                                        3.11.7  hab00c5b_0_cpython    conda-forge      31MB
#7 41.26   + python-dateutil                                2.8.2  pyhd8ed1ab_0          conda-forge     246kB
#7 41.26   + python-tzdata                                 2023.4  pyhd8ed1ab_0          conda-forge     146kB
#7 41.26   + python_abi                                      3.11  4_cp311               conda-forge       6kB
#7 41.26   + pytz                                    2023.3.post1  pyhd8ed1ab_0          conda-forge     187kB
#7 41.26   + qt-main                                       5.15.2  h7358343_9            anaconda         62MB
#7 41.26   + racon                                          1.5.0  hdcf5f25_4            bioconda        167kB
#7 41.26   + rdma-core                                       53.0  he02047a_0            conda-forge       5MB
#7 41.26   + re2                                       2023.09.01  h7f4b329_1            conda-forge      27kB
#7 41.26   + readline                                         8.2  h8228510_1            conda-forge     281kB
#7 41.26   + rmblast                                       2.14.1  h4565617_0            bioconda        300MB
#7 41.26   + s2n                                            1.4.1  h06160fa_0            conda-forge     331kB
#7 41.26   + samtools                                        1.18  h50ea8bc_1            bioconda        466kB
#7 41.26   + scipy                                         1.11.4  py311h64a7726_0       conda-forge      16MB
#7 41.26   + seqkit                                         2.6.1  h9ee0642_0            bioconda          7MB
#7 41.26   + seqtk                                            1.4  he4a0461_1            bioconda         44kB
#7 41.26   + setuptools                                    68.2.2  pyhd8ed1ab_0          conda-forge     464kB
#7 41.26   + sip                                           6.7.12  py311hb755f60_0       conda-forge     585kB
#7 41.26   + six                                           1.16.0  pyh6c4a22f_0          conda-forge      14kB
#7 41.26   + snappy                                        1.1.10  hdb0a2a9_1            conda-forge      40kB
#7 41.26   + spades                                        3.15.5  h95f258a_1            bioconda         50MB
#7 41.26   + sqlite                                        3.44.2  h2c6b66d_0            conda-forge     836kB
#7 41.26   + sysroot_linux-64                                2.17  h4a8ded7_13           conda-forge      36MB
#7 41.26   + t-coffee                               12.00.7fb08c2  h26a2512_0            bioconda          1MB
#7 41.26   + taxonkit                                      0.15.1  h9ee0642_0            bioconda          3MB
#7 41.26   + tidyp                                           1.04  hec16e2b_4            bioconda        304kB
#7 41.26   + tk                                            8.6.13  noxft_h4845f30_101    conda-forge       3MB
#7 41.26   + tomli                                          2.0.1  pyhd8ed1ab_0          conda-forge      16kB
#7 41.26   + tzdata                                         2023c  h71feb2d_0            conda-forge     118kB
#7 41.26   + ucx                                           1.15.0  ha691c75_8            conda-forge       7MB
#7 41.26   + unicycler                                      0.5.1  py311h6eedab3_2       bioconda          1MB
#7 41.26   + viennarna                                      2.4.7  py27_2                bioconda         51MB
#7 41.26   + wget                                          1.20.3  ha35d2d1_1            conda-forge     835kB
#7 41.26   + wheel                                         0.42.0  pyhd8ed1ab_0          conda-forge      58kB
#7 41.26   + xorg-fixesproto                                  5.0  h7f98852_1002         conda-forge       9kB
#7 41.26   + xorg-inputproto                                2.3.2  h7f98852_1002         conda-forge      20kB
#7 41.26   + xorg-kbproto                                   1.0.7  h7f98852_1002         conda-forge      27kB
#7 41.26   + xorg-libice                                    1.1.1  hd590300_0            conda-forge      58kB
#7 41.26   + xorg-libsm                                     1.2.4  h7391055_0            conda-forge      27kB
#7 41.26   + xorg-libx11                                    1.8.7  h8ee46fc_0            conda-forge     829kB
#7 41.26   + xorg-libxau                                   1.0.11  hd590300_0            conda-forge      14kB
#7 41.26   + xorg-libxdmcp                                  1.1.3  h7f98852_0            conda-forge      19kB
#7 41.26   + xorg-libxext                                   1.3.4  h0b41bf4_2            conda-forge      50kB
#7 41.26   + xorg-libxfixes                                 5.0.3  h7f98852_1004         conda-forge      18kB
#7 41.26   + xorg-libxi                                    1.7.10  h7f98852_0            conda-forge      47kB
#7 41.26   + xorg-libxrender                               0.9.11  hd590300_0            conda-forge      38kB
#7 41.26   + xorg-libxtst                                   1.2.3  h7f98852_1002         conda-forge      32kB
#7 41.26   + xorg-recordproto                              1.14.2  h7f98852_1002         conda-forge       8kB
#7 41.26   + xorg-renderproto                              0.11.1  h7f98852_1002         conda-forge      10kB
#7 41.26   + xorg-xextproto                                 7.3.0  h0b41bf4_1003         conda-forge      30kB
#7 41.26   + xorg-xproto                                   7.0.31  h7f98852_1007         conda-forge      75kB
#7 41.26   + xz                                             5.2.6  h166bdaf_0            conda-forge     418kB
#7 41.26   + zlib                                          1.2.13  hd590300_5            conda-forge      93kB
#7 41.26   + zstd                                           1.5.5  hfc55251_0            conda-forge     545kB
#7 41.26 
#7 41.26   Summary:
#7 41.26 
#7 41.26   Install: 358 packages
#7 41.26 
#7 41.26   Total download: 1GB
#7 41.26 
#7 41.26 ───────────────────────────────────────────────────────────────────────────────────────────────────────
#7 41.26 
#7 41.26 
#7 41.26 warning  libmamba Security Warning: This transaction includes executing package scripts (pre/post-link/unlink) if present. These scripts can contain arbitrary code. Please ensure you trust the package sources.
#7 41.26 Confirm changes: [Y/n] 
#7 41.26 Transaction starting
#7 79.07 Linking _libgcc_mutex-0.1-conda_forge
#7 79.07 Linking ca-certificates-2024.8.30-hbcca054_0
#7 79.07 Linking ld_impl_linux-64-2.40-h41732ed_0
#7 79.07 Linking libgfortran-3.0.0-1
#7 79.07 Linking libstdcxx-ng-13.2.0-h7e041cc_3
#7 79.07 Linking python_abi-3.11-4_cp311
#7 79.07 Linking libgomp-13.2.0-h807b86a_3
#7 79.07 Linking _openmp_mutex-4.5-2_gnu
#7 79.07 Linking libgcc-ng-13.2.0-h807b86a_3
#7 79.07 Linking libnl-3.10.0-h4bc722e_0
#7 79.09 Linking libbrotlicommon-1.1.0-hd590300_1
#7 79.09 Linking aws-c-common-0.9.10-hd590300_0
#7 79.09 Linking libutf8proc-2.8.0-h166bdaf_0
#7 79.09 Linking libcrc32c-1.1.2-h9c3ff4c_0
#7 79.10 Linking snappy-1.1.10-hdb0a2a9_1
#7 79.10 Linking lz4-c-1.9.4-hcb278e6_0
#7 79.10 Linking gflags-2.2.2-he1b5a44_1004
#7 79.10 Linking libabseil-20230802.1-cxx17_h59595ed_0
#7 79.16 Linking libgcc-7.2.0-h69d50b8_2
#7 79.16 Linking xz-5.2.6-h166bdaf_0
#7 79.16 warning  libmamba [libgcc-7.2.0-h69d50b8_2] The following files were already present in the environment:
#7 79.16     - lib/libgfortran.so.3
#7 79.16     - lib/libgfortran.so.3.0.0
#7 79.17 Linking xorg-xproto-7.0.31-h7f98852_1007
#7 79.17 Linking xorg-xextproto-7.3.0-h0b41bf4_1003
#7 79.17 Linking xorg-renderproto-0.11.1-h7f98852_1002
#7 79.17 Linking xorg-recordproto-1.14.2-h7f98852_1002
#7 79.17 Linking xorg-libxdmcp-1.1.3-h7f98852_0
#7 79.17 Linking xorg-libxau-1.0.11-hd590300_0
#7 79.17 Linking xorg-libice-1.1.1-hd590300_0
#7 79.17 Linking xorg-kbproto-1.0.7-h7f98852_1002
#7 79.17 Linking xorg-inputproto-2.3.2-h7f98852_1002
#7 79.17 Linking pthread-stubs-0.4-h36c2ea0_1001
#7 79.18 Linking pixman-0.38.0-h516909a_1003
#7 79.18 Linking pcre-8.45-h9c3ff4c_0
#7 79.18 Linking ossuuid-1.6.2-hf484d3e_1000
#7 79.18 Linking openssl-3.3.1-hb9d3cd8_3
#7 79.19 Linking ncurses-6.4-h59595ed_2
#7 80.09 Linking mysql-5.7.20-hf484d3e_1001
#7 80.42 Linking llvm-openmp-8.0.1-hc9558a2_0
#7 80.42 Linking libzlib-1.2.13-hd590300_5
#7 80.42 Linking libwebp-base-1.2.4-h166bdaf_0
#7 80.42 Linking libuuid-2.38.1-h0b41bf4_0
#7 80.42 Linking libunistring-0.9.10-h7f98852_0
#7 80.42 warning  libmamba [libuuid-2.38.1-h0b41bf4_0] The following files were already present in the environment:
#7 80.42     - lib/libuuid.a
#7 80.42     - lib/libuuid.so
#7 80.42     - lib/pkgconfig/uuid.pc
#7 80.43 Linking libnsl-2.0.1-hd590300_0
#7 80.43 Linking libiconv-1.17-hd590300_1
#7 80.43 Linking libgfortran5-13.2.0-ha4646dd_3
#7 80.43 Linking libffi-3.4.2-h7f98852_5
#7 80.44 Linking libexpat-2.5.0-hcb278e6_1
#7 80.44 Linking libev-4.33-hd590300_2
#7 80.44 Linking libdeflate-1.19-hd590300_0
#7 80.44 Linking libdb-6.2.32-h9c3ff4c_0
#7 80.67 Linking keyutils-1.6.1-h166bdaf_0
#7 80.68 Linking jpeg-9e-h0b41bf4_3
#7 80.68 Linking isa-l-2.30.0-hd590300_6
#7 80.68 Linking icu-58.2-hf484d3e_1000
#7 80.69 Linking gmp-6.3.0-h59595ed_0
#7 80.69 Linking giflib-5.2.1-h0b41bf4_3
#7 80.69 Linking gettext-0.21.1-h27087fc_0
#7 80.78 Linking c-ares-1.23.0-hd590300_0
#7 80.78 Linking bzip2-1.0.8-hd590300_5
#7 80.78 Linking argtable2-2.13-h14c3975_1001
#7 80.79 Linking alsa-lib-1.2.6.1-h7f98852_0
#7 80.79 Linking rdma-core-53.0-he02047a_0
#7 80.86 Linking libbrotlidec-1.1.0-hd590300_1
#7 80.87 Linking libbrotlienc-1.1.0-hd590300_1
#7 80.87 Linking aws-c-compression-0.2.17-h7f92143_7
#7 80.87 Linking aws-c-sdkutils-0.1.12-h7f92143_6
#7 80.87 Linking aws-checksums-0.1.17-h7f92143_6
#7 80.87 Linking glog-0.6.0-h6f12383_0
#7 80.87 Linking libre2-11-2023.09.01-h7a70373_1
#7 80.87 Linking xorg-fixesproto-5.0-h7f98852_1002
#7 80.87 Linking libxcb-1.15-h0b41bf4_0
#7 80.88 Linking libevent-2.1.12-hf998b51_1
#7 80.88 Linking s2n-1.4.1-h06160fa_0
#7 80.88 Linking aws-c-cal-0.6.9-h5d48c4d_2
#7 80.88 Linking readline-8.2-h8228510_1
#7 80.89 Linking libedit-3.1.20191231-he28a2e2_2
#7 80.89 Linking openmp-8.0.1-0
#7 80.89 Linking libprotobuf-4.24.4-hf27288f_0
#7 80.90 Linking zstd-1.5.5-hfc55251_0
#7 80.90 Linking zlib-1.2.13-hd590300_5
#7 80.90 Linking tk-8.6.13-noxft_h4845f30_101
#7 80.93 Linking pigz-2.8-h2797004_0
#7 80.93 Linking libssh2-1.11.0-h0841786_0
#7 80.93 Linking libsqlite-3.44.2-h2797004_0
#7 80.94 Linking libpng-1.6.39-h753d276_0
#7 80.94 Linking libllvm14-14.0.6-hcd5def8_4
#7 80.94 Linking xorg-libsm-1.2.4-h7391055_0
#7 80.94 Linking perl-5.32.1-4_hd590300_perl5
#7 81.08 Linking libgfortran-ng-13.2.0-h69a702a_3
#7 81.08 Linking expat-2.5.0-hcb278e6_1
#7 81.08 Linking mpfr-4.2.1-h9458935_0
#7 81.08 Linking libidn2-2.3.4-h166bdaf_0
#7 81.08 Linking libnghttp2-1.58.0-h47da74e_1
#7 81.08 Linking pcre2-10.42-hcad00b1_0
#7 81.09 Linking pbzip2-1.1.13-h1fcc475_2
#7 81.09 Linking ucx-1.15.0-ha691c75_8
#7 81.10 Linking re2-2023.09.01-h7f4b329_1
#7 81.10 Linking xorg-libx11-1.8.7-h8ee46fc_0
#7 81.12 Linking libthrift-0.19.0-hb90f79a_1
#7 81.12 Linking aws-c-io-0.13.36-hb3b01f7_3
#7 81.12 Linking krb5-1.20.1-h81ceb04_0
#7 81.13 Linking orc-1.9.2-h4b38347_0
#7 81.14 Linking libtiff-4.2.0-hf544144_3
#7 81.14 Linking sqlite-3.44.2-h2c6b66d_0
#7 81.14 Linking freetype-2.12.1-h267a509_2
#7 81.14 Linking libclang13-14.0.6-default_h9986a30_1
#7 81.14 Linking perl-try-tiny-0.31-pl5321ha770c72_0
#7 81.14 Linking perl-test-warnings-0.031-pl5321ha770c72_0
#7 81.14 Linking perl-test-leaktrace-0.17-pl5321h166bdaf_0
#7 81.15 Linking perl-sub-uplevel-0.2800-pl5321h166bdaf_0
#7 81.15 Linking perl-storable-3.15-pl5321h166bdaf_0
#7 81.15 Linking perl-scalar-list-utils-1.63-pl5321h166bdaf_0
#7 81.15 Linking perl-mime-base64-3.16-pl5321h166bdaf_0
#7 81.15 Linking perl-io-tty-1.16-pl5321h166bdaf_0
#7 81.15 Linking perl-io-stringy-2.113-pl5321ha770c72_1
#7 81.15 Linking perl-inc-latest-0.500-pl5321ha770c72_0
#7 81.15 Linking perl-digest-md5-2.58-pl5321h166bdaf_0
#7 81.15 Linking perl-devel-stacktrace-2.04-pl5321ha770c72_0
#7 81.15 Linking perl-dbi-1.643-pl5321h166bdaf_0
#7 81.16 Linking perl-db_file-1.858-pl5321h166bdaf_0
#7 81.16 Linking perl-data-dumper-2.183-pl5321h166bdaf_0
#7 81.16 Linking perl-compress-raw-zlib-2.202-pl5321h166bdaf_0
#7 81.16 Linking perl-compress-raw-bzip2-2.201-pl5321h166bdaf_0
#7 81.16 Linking perl-class-data-inheritable-0.09-pl5321ha770c72_0
#7 81.16 Linking perl-capture-tiny-0.48-pl5321ha770c72_1
#7 81.17 Linking libopenblas-0.3.25-pthreads_h413a1c8_0
#7 81.17 Linking perl-xml-parser-2.44_01-pl5321hc3e0081_1003
#7 81.17 Linking gawk-5.3.0-ha916aea_0
#7 81.18 Linking wget-1.20.3-ha35d2d1_1
#7 81.18 Linking libglib-2.78.3-h783c2da_0
#7 81.19 Linking libgrpc-1.59.3-hd6c4280_0
#7 81.21 Linking xorg-libxrender-0.9.11-hd590300_0
#7 81.21 Linking xorg-libxfixes-5.0.3-h7f98852_1004
#7 81.21 Linking xorg-libxext-1.3.4-h0b41bf4_2
#7 81.22 Linking aws-c-http-0.7.14-hd268abd_3
#7 81.22 Linking aws-c-event-stream-0.3.2-h0bcb0bb_8
#7 81.22 Linking libcups-2.3.3-h36d4200_3
#7 81.23 Linking lcms2-2.12-hddcbb42_0
#7 81.23 Linking fontconfig-2.14.2-h14ed4e7_0
#7 81.23 Linking libclang-14.0.6-default_h7634d5b_1
#7 81.26 Linking perl-test-fatal-0.016-pl5321ha770c72_0
#7 81.26 Linking perl-net-ssleay-1.92-pl5321hf14f497_1
#7 81.26 Linking perl-module-build-0.4234-pl5321ha770c72_0
#7 81.27 Linking libblas-3.9.0-20_linux64_openblas
#7 81.31 Linking glib-tools-2.78.3-hfc55251_0
#7 81.32 Linking xorg-libxi-1.7.10-h7f98852_0
#7 81.32 Linking aws-c-auth-0.7.8-h5c941e0_1
#7 81.32 Linking aws-c-mqtt-0.9.10-h35285c7_2
#7 81.32 Linking liblapack-3.9.0-20_linux64_openblas
#7 81.37 Linking libcblas-3.9.0-20_linux64_openblas
#7 81.41 Linking xorg-libxtst-1.2.3-h7f98852_1002
#7 81.42 Linking aws-c-s3-0.4.3-h0448019_0
#7 81.42 Linking aws-crt-cpp-0.24.9-h4a91382_1
#7 81.42 Linking _sysroot_linux-64_curr_repodata_hack-3-h69a702a_13
#7 81.42 Linking font-ttf-dejavu-sans-mono-2.37-hab24e00_0
#7 81.42 Linking font-ttf-inconsolata-3.000-h77eed37_0
#7 81.42 Linking font-ttf-source-code-pro-2.038-h77eed37_0
#7 81.42 Linking font-ttf-ubuntu-0.83-h77eed37_1
#7 81.42 Linking tzdata-2023c-h71feb2d_0
#7 81.44 Linking perl-xml-sax-base-1.09-pl5321hd8ed1ab_0
#7 81.45 Linking perl-test-deep-1.130-pl5321hd8ed1ab_0
#7 81.45 Linking perl-svg-2.87-pl5321hd8ed1ab_0
#7 81.45 Linking perl-scope-guard-0.21-pl5321hd8ed1ab_0
#7 81.45 Linking perl-path-tiny-0.124-pl5321hd8ed1ab_0
#7 81.45 Linking perl-parent-0.241-pl5321hd8ed1ab_0
#7 81.45 Linking perl-importer-0.026-pl5321hd8ed1ab_0
#7 81.45 Linking perl-if-0.0608-pl5321hd8ed1ab_0
#7 81.45 Linking perl-file-which-1.24-pl5321hd8ed1ab_0
#7 81.45 Linking perl-extutils-makemaker-7.70-pl5321hd8ed1ab_0
#7 81.45 Linking perl-exporter-tiny-1.002002-pl5321hd8ed1ab_0
#7 81.45 Linking perl-exporter-5.74-pl5321hd8ed1ab_0
#7 81.45 Linking perl-constant-1.33-pl5321hd8ed1ab_0
#7 81.45 Linking perl-config-simple-4.59-pl5321hd8ed1ab_0
#7 81.46 Linking perl-common-sense-3.75-pl5321hd8ed1ab_0
#7 81.46 Linking perl-base-2.23-pl5321hd8ed1ab_0
#7 81.46 Linking perl-app-cpanminus-1.7047-pl5321hd8ed1ab_0
#7 81.46 Linking perl-algorithm-diff-1.201-pl5321hd8ed1ab_0
#7 81.46 Linking perl-test-warn-0.37-pl5321hd8ed1ab_0
#7 81.46 Linking perl-test-exception-0.43-pl5321hd8ed1ab_0
#7 81.46 Linking perl-io-socket-ssl-2.075-pl5321hd8ed1ab_0
#7 81.46 Linking kernel-headers_linux-64-3.10.0-h4a8ded7_13
#7 81.49 Linking fonts-conda-forge-1-0
#7 81.49 Linking perl-file-path-2.18-pl5321hd8ed1ab_0
#7 81.49 Linking perl-carp-1.50-pl5321hd8ed1ab_0
#7 81.49 Linking perl-xml-namespacesupport-1.12-pl5321hd8ed1ab_0
#7 81.49 Linking perl-text-diff-1.45-pl5321hd8ed1ab_0
#7 81.49 Linking sysroot_linux-64-2.17-h4a8ded7_13
#7 81.63 Linking fonts-conda-ecosystem-1-0
#7 81.63 Linking perl-sub-info-0.002-pl5321hd8ed1ab_0
#7 81.63 Linking perl-file-temp-0.2304-pl5321hd8ed1ab_0
#7 81.63 Linking perl-business-isbn-data-20210112.006-pl5321hd8ed1ab_0
#7 81.63 Linking perl-xml-sax-1.02-pl5321hd8ed1ab_0
#7 81.63 Linking perl-business-isbn-3.007-pl5321hd8ed1ab_0
#7 81.64 Linking perl-xml-sax-expat-0.51-pl5321hd8ed1ab_0
#7 81.64 Linking blast-legacy-2.2.26-h9ee0642_3
#7 81.64 Linking seqkit-2.6.1-h9ee0642_0
#7 81.64 Linking taxonkit-0.15.1-h9ee0642_0
#7 81.64 Linking tidyp-1.04-hec16e2b_4
#7 81.64 Linking paml-4.10.7-h031d066_0
#7 81.64 Linking muscle-5.1-h4ac6f70_3
#7 81.64 Linking clustalw-2.1-h4ac6f70_9
#7 81.64 Linking viennarna-2.4.7-py27_2
#7 81.84 Linking fastp-0.23.4-hadf994f_2
#7 81.84 Linking clustalo-1.2.4-hdbdd923_7
#7 81.84 Linking seqtk-1.4-he4a0461_1
#7 81.84 Linking pear-0.9.6-h9d449c0_10
#7 81.84 Linking miniasm-0.3-he4a0461_3
#7 81.84 Linking k8-0.2.5-hdcf5f25_4
#7 81.84 Linking perl-url-encode-0.03-pl5321h9ee0642_0
#7 81.84 Linking perl-socket-2.027-pl5321h031d066_4
#7 81.84 Linking perl-math-random-0.72-pl5321h031d066_6
#7 81.84 Linking perl-math-cdf-0.1-pl5321h031d066_9
#7 81.85 Linking perl-list-moreutils-xs-0.430-pl5321h031d066_2
#7 81.85 Linking perl-db-file-1.855-pl5321h779adbc_1
#7 81.85 warning  libmamba [perl-db-file-1.855-pl5321h779adbc_1] The following files were already present in the environment:
#7 81.85     - lib/perl5/5.32/site_perl/DB_File.pm
#7 81.85     - lib/perl5/5.32/site_perl/auto/DB_File/.packlist
#7 81.85     - lib/perl5/5.32/site_perl/auto/DB_File/DB_File.so
#7 81.85     - man/man3/DB_File.3
#7 81.85 Linking bwa-0.7.17-he4a0461_11
#7 81.85 Linking perl-dbd-sqlite-1.72-pl5321h031d066_1
#7 81.85 Linking mafft-7.520-h031d066_3
#7 81.85 Linking entrez-direct-16.2-he881be0_1
#7 81.86 Linking poa-2.0-h031d066_5
#7 81.86 Linking minimap2-2.26-he4a0461_2
#7 81.86 Linking graphite2-1.3.14-h295c915_1
#7 81.86 Linking libxml2-2.9.14-h74e7548_0
#7 81.86 Linking libpq-12.15-hdbd6064_1
#7 81.93 Linking libcurl-8.4.0-h251f7ec_0
#7 81.93 Linking libwebp-1.2.4-h11a3e52_1
#7 81.93 Linking libxslt-1.1.35-h4e12654_0
#7 81.94 Linking curl-8.4.0-hdbd6064_0
#7 81.94 Linking libgd-2.3.3-h6a678d5_3
#7 81.94 Linking perl-xml-xpathengine-0.14-pl5321hdfd78af_3
#7 81.94 Linking perl-xml-regexp-0.04-pl5321hdfd78af_3
#7 81.94 Linking perl-vars-1.03-pl5321hdfd78af_2
#7 81.94 Linking perl-timedate-2.33-pl5321hdfd78af_2
#7 81.94 Linking perl-tie-ixhash-1.23-pl5321hdfd78af_3
#7 81.94 Linking perl-io-zlib-1.14-pl5321hdfd78af_0
#7 81.94 Linking perl-io-string-1.08-pl5321hdfd78af_4
#7 81.94 Linking perl-io-html-1.004-pl5321hdfd78af_0
#7 81.95 Linking perl-image-size-3.300-pl5321hdfd78af_3
#7 81.95 Linking perl-html-tagset-3.20-pl5321hdfd78af_4
#7 81.95 Linking perl-html-entities-numbered-0.04-pl5321hdfd78af_2
#7 81.95 Linking perl-getopt-long-2.54-pl5321hdfd78af_0
#7 81.95 Linking perl-font-afm-1.20-pl5321hdfd78af_3
#7 81.95 Linking perl-file-spec-3.48_01-pl5321hdfd78af_2
#7 81.95 Linking perl-file-sort-1.01-pl5321hdfd78af_3
#7 81.95 Linking perl-file-slurp-tiny-0.004-pl5321hdfd78af_2
#7 81.95 Linking perl-ffi-checklib-0.28-pl5321hdfd78af_0
#7 81.95 Linking perl-digest-hmac-1.04-pl5321hdfd78af_0
#7 81.95 Linking perl-appconfig-1.71-pl5321hdfd78af_2
#7 81.95 Linking perl-algorithm-munkres-0.08-pl5321hdfd78af_2
#7 81.95 Linking perl-ipc-run-20200505.0-pl5321hdfd78af_0
#7 81.95 Linking perl-bioperl-core-1.7.8-pl5321hdfd78af_1
#7 82.00 Linking perl-exception-class-1.45-pl5321hdfd78af_0
#7 82.00 Linking perl-libxml-perl-0.08-pl5321hdfd78af_3
#7 82.00 Linking perl-types-serialiser-1.01-pl5321hdfd78af_0
#7 82.00 Linking perl-time-local-1.35-pl5321hdfd78af_0
#7 82.00 Linking perl-term-table-0.016-pl5321hdfd78af_0
#7 82.01 Linking perl-lwp-mediatypes-6.04-pl5321hdfd78af_1
#7 82.01 Linking perl-xml-simple-2.25-pl5321hdfd78af_2
#7 82.01 Linking perl-list-moreutils-0.430-pl5321hdfd78af_0
#7 82.01 Linking perl-text-balanced-2.06-pl5321hdfd78af_0
#7 82.01 Linking perl-font-ttf-1.06-pl5321hdfd78af_1
#7 82.01 Linking perl-tree-dag_node-1.32-pl5321hdfd78af_0
#7 82.01 Linking perl-ntlm-1.09-pl5321hdfd78af_5
#7 82.02 Linking perl-bio-searchio-hmmer-1.7.3-pl5321hdfd78af_0
#7 82.02 Linking perl-http-date-6.06-pl5321hdfd78af_0
#7 82.02 Linking perl-test2-suite-0.000145-pl5321hdfd78af_0
#7 82.03 Linking perl-pdf-api2-2.043-pl5321hdfd78af_0
#7 82.03 Linking perl-file-listing-6.16-pl5321hdfd78af_0
#7 82.04 Linking python-3.11.7-hab00c5b_0_cpython
#7 82.18 Linking perl-encode-3.19-pl5321h166bdaf_0
#7 82.19 Linking perl-pathtools-3.75-pl5321h166bdaf_0
#7 82.20 Linking perl-test-differences-0.71-pl5321ha770c72_0
#7 82.20 Linking perl-uri-5.17-pl5321ha770c72_0
#7 82.20 Linking libxkbcommon-1.0.3-he3ba5ed_0
#7 82.20 Linking aria2-1.36.0-h1e4e653_3
#7 82.21 Linking aws-sdk-cpp-1.11.210-h6d06844_3
#7 82.28 Linking libgoogle-cloud-2.12.0-h5206363_4
#7 82.59 Linking numpy-1.26.2-py311h64a7726_0
#7 82.65 Linking glib-2.78.3-hfc55251_0
#7 82.67 Linking libarrow-13.0.0-hcc26646_19_cpu
#7 82.80 Linking scipy-1.11.4-py311h64a7726_0
#7 82.85 Linking biopython-1.82-py311h459d7ec_0
#7 82.90 Linking cairo-1.16.0-h18b612c_1001
#7 82.90 Linking pyarrow-13.0.0-py311h39c9aba_19_cpu
#7 82.94 Linking htslib-1.18-h81da01d_0
#7 82.95 Linking perl-gd-2.76-pl5321h5b5514e_1
#7 82.95 Linking perl-bio-samtools-1.43-pl5321he4a0461_4
#7 82.96 Linking perl-json-xs-2.34-pl5321h4ac6f70_6
#7 82.96 Linking spades-3.15.5-h95f258a_1
#7 82.96 warning  libmamba Executing post-link script for package 'spades'.
#7 83.03 
#7 83.03 Linking racon-1.5.0-hdcf5f25_4
#7 83.03 Linking perl-io-compress-2.201-pl5321hdbdd923_2
#7 83.03 Linking perl-html-tidy-1.60-pl5321h031d066_3
#7 83.04 Linking mmseqs2-15.6f452-pl5321h6a68c12_0
#7 83.04 Linking samtools-1.18-h50ea8bc_1
#7 83.04 Linking perl-switch-2.17-pl526_1
#7 83.04 Linking pyqt5-sip-12.13.0-py311h5eee18b_0
#7 83.04 Linking lxml-4.9.1-py311h1edc446_0
#7 83.05 Linking gstreamer-1.14.1-h5eee18b_1
#7 83.06 Linking dbus-1.13.18-hb2f20db_0
#7 83.06 Linking harfbuzz-4.3.0-hf52aaf7_1
#7 83.07 Linking gst-plugins-base-1.14.1-h6a678d5_1
#7 83.08 Linking qt-main-5.15.2-h7358343_9
#7 84.68 Linking wheel-0.42.0-pyhd8ed1ab_0
#7 84.69 Linking tomli-2.0.1-pyhd8ed1ab_0
#7 84.69 Linking six-1.16.0-pyh6c4a22f_0
#7 84.69 Linking setuptools-68.2.2-pyhd8ed1ab_0
#7 84.71 Linking pytz-2023.3.post1-pyhd8ed1ab_0
#7 84.74 Linking python-tzdata-2023.4-pyhd8ed1ab_0
#7 84.77 Linking ply-3.11-py_1
#7 84.77 Linking packaging-23.2-pyhd8ed1ab_0
#7 84.77 Linking perl-file-chdir-0.1011-pl5321hd8ed1ab_0
#7 84.77 Linking perl-apache-test-1.43-pl5321hd8ed1ab_0
#7 84.78 Linking python-dateutil-2.8.2-pyhd8ed1ab_0
#7 84.78 Linking pip-23.3.1-pyhd8ed1ab_0
#7 84.83 Linking perl-encode-locale-1.05-pl5321hdfd78af_7
#7 84.83 Linking perl-test-most-0.38-pl5321hdfd78af_0
#7 84.84 Linking perl-www-robotrules-6.02-pl5321hdfd78af_4
#7 84.84 Linking perl-net-http-6.22-pl5321hdfd78af_0
#7 84.84 Linking perl-bioperl-run-1.007003-pl5321hdfd78af_0
#7 84.86 Linking perl-json-4.10-pl5321hdfd78af_0
#7 84.86 Linking perl-archive-tar-2.40-pl5321hdfd78af_0
#7 84.86 Linking perl-http-message-6.36-pl5321hdfd78af_0
#7 84.87 Linking perl-bio-coordinate-1.007001-pl5321hdfd78af_3
#7 84.87 Linking perl-bio-asn1-entrezgene-1.73-pl5321hdfd78af_3
#7 84.87 Linking perl-bio-tools-run-alignment-clustalw-1.7.4-pl5321hdfd78af_3
#7 84.87 Linking perl-bio-tools-phylo-paml-1.7.3-pl5321hdfd78af_3
#7 84.88 Linking perl-http-negotiate-6.01-pl5321hdfd78af_4
#7 84.88 Linking perl-http-daemon-6.16-pl5321hdfd78af_0
#7 84.88 Linking perl-http-cookies-6.10-pl5321hdfd78af_0
#7 84.88 Linking openjdk-11.0.15-hc6918da_0
#7 84.94 Linking sip-6.7.12-py311hb755f60_0
#7 84.95 Linking pandas-2.1.4-py311h320fe9a_0
#7 85.09 Linking perl-alien-build-2.48-pl5321hec16e2b_0
#7 85.10 Linking rmblast-2.14.1-h4565617_0
#7 86.02 warning  libmamba [rmblast-2.14.1-h4565617_0] The following files were already present in the environment:
#7 86.02     - bin/rpsblast
#7 86.02     - bin/seedtop
#7 86.02 Linking perl-html-parser-3.81-pl5321h4ac6f70_1
#7 86.02 Linking bbmap-39.01-h92535d8_1
#7 86.30 warning  libmamba [bbmap-39.01-h92535d8_1] The following files were already present in the environment:
#7 86.30     - bin/build_env_setup.sh
#7 86.30     - bin/conda_build.sh
#7 86.30 Linking perl-alien-libxml2-0.17-pl5321hec16e2b_0
#7 86.30 Linking perl-xml-libxml-2.0207-pl5321h661654b_0
#7 86.31 Linking ncbi-vdb-3.0.9-hdbdd923_0
#7 86.37 Linking blast-2.15.0-pl5321h6f7f691_1
#7 86.46 warning  libmamba [blast-2.15.0-pl5321h6f7f691_1] The following files were already present in the environment:
#7 86.46     - bin/blast_formatter
#7 86.46     - bin/blastdb_aliastool
#7 86.46     - bin/blastdbcheck
#7 86.46     - bin/blastdbcmd
#7 86.46     - bin/blastn
#7 86.46     - bin/blastp
#7 86.46     - bin/blastx
#7 86.46     - bin/cleanup-blastdb-volumes.py
#7 86.46     - bin/convert2blastmask
#7 86.46     - bin/datatool
#7 86.46     - bin/deltablast
#7 86.46     - bin/dustmasker
#7 86.46     - bin/get_species_taxids.sh
#7 86.46     - bin/get_species_taxids.sh.bak
#7 86.46     - bin/legacy_blast.pl
#7 86.46     - bin/makeblastdb
#7 86.46     - bin/makembindex
#7 86.46     - bin/makeprofiledb
#7 86.46     - bin/project_tree_builder
#7 86.46     - bin/psiblast
#7 86.46     - bin/rpsblast
#7 86.46     - bin/rpstblastn
#7 86.46     - bin/run_with_lock
#7 86.46     - bin/segmasker
#7 86.46     - bin/tblastn
#7 86.46     - bin/tblastx
#7 86.46     - bin/test_pcre
#7 86.46     - bin/update_blastdb.pl
#7 86.46     - bin/update_blastdb.pl.bak
#7 86.46     - bin/windowmasker
#7 86.46     - bin/windowmasker_2.2.22_adapter.py
#7 86.46     - lib/ncbi-blast+/libblast_app_util-static.a
#7 86.46     - lib/ncbi-blast+/libblast_app_util.a
#7 86.46     - lib/ncbi-blast+/libdbapi_driver-static.a
#7 86.46     - lib/ncbi-blast+/libdbapi_driver.a
#7 86.46     - lib/ncbi-blast+/libncbi_xloader_genbank-static.a
#7 86.46     - lib/ncbi-blast+/libncbi_xloader_genbank.a
#7 86.46     - lib/ncbi-blast+/libncbi_xreader-static.a
#7 86.46     - lib/ncbi-blast+/libncbi_xreader.a
#7 86.46     - lib/ncbi-blast+/libncbi_xreader_cache-static.a
#7 86.46     - lib/ncbi-blast+/libncbi_xreader_cache.a
#7 86.46     - lib/ncbi-blast+/libncbi_xreader_id1-static.a
#7 86.46     - lib/ncbi-blast+/libncbi_xreader_id1.a
#7 86.46     - lib/ncbi-blast+/libncbi_xreader_id2-static.a
#7 86.46     - lib/ncbi-blast+/libncbi_xreader_id2.a
#7 86.46 Linking unicycler-0.5.1-py311h6eedab3_2
#7 86.47 Linking t-coffee-12.00.7fb08c2-h26a2512_0
#7 86.47 Linking diamond-2.1.8-h43eeafb_0
#7 86.47 Linking fastqc-0.12.1-hdfd78af_0
#7 86.48 Linking perl-libwww-perl-6.39-pl5321hdfd78af_1
#7 86.48 Linking perl-html-tree-5.07-pl5321hdfd78af_2
#7 86.48 Linking perl-image-info-1.42-pl5321hdfd78af_0
#7 86.49 Linking perl-bio-tools-run-alignment-tcoffee-1.7.4-pl5321hdfd78af_5
#7 86.49 Linking perl-xml-dom-1.46-pl5321hdfd78af_1
#7 86.49 Linking perl-html-treebuilder-xpath-0.14-pl5321hdfd78af_2
#7 86.49 Linking perl-html-formatter-2.16-pl5321hdfd78af_1
#7 86.49 Linking perl-xml-dom-xpath-0.14-pl5321hdfd78af_2
#7 86.49 Linking perl-xml-twig-3.52-pl5321hdfd78af_3
#7 86.49 Linking perl-bio-featureio-1.6.905-pl5321hdfd78af_4
#7 86.49 Linking perl-bioperl-1.7.8-hdfd78af_1
#7 86.49 Linking pyqt-5.15.10-py311h6a678d5_0
#7 86.53 Linking perl-lwp-simple-6.39-pl5321h9ee0642_5
#7 86.53 Linking perl-template-toolkit-3.100-pl5321h031d066_2
#7 86.54 Linking ete3-3.1.3-pyhd8ed1ab_0
#7 86.56 Linking perl-bio-phylo-0.58-pl5321hdfd78af_4
#7 86.69 
#7 86.69 Transaction finished
#7 86.69 
#7 86.70 
#7 86.70 To activate this environment, use:
#7 86.70 
#7 86.70     mamba activate vs
#7 86.70 
#7 86.70 Or to execute a single command in this environment, use:
#7 86.70 
#7 86.70     mamba run -n vs mycommand
#7 86.70 
#7 87.46 There are no unused tarball(s) to remove.
#7 87.46 Will remove 1 index cache(s).
#7 87.46 There are no unused package(s) to remove.
#7 87.46 There are no tempfile(s) to remove.
#7 87.46 There are no logfile(s) to remove.
#7 DONE 98.7s

#8 exporting to image
#8 exporting layers
#8 exporting layers 50.0s done
#8 writing image sha256:7ca7eeac38df9afe1811cf07681b1bc614a6dceb29ca0c37a5558a6ee4257700 0.0s done
#8 naming to ghcr.io/bdrd-genomics/allinone-vs:1.0.0 0.0s done
#8 naming to ghcr.io/bdrd-genomics/allinone-vs:latest 0.0s done
#8 DONE 50.2s
SUCCESS: ghcr.io/bdrd-genomics/allinone-vs

==================================================
BUILD SUMMARY
==================================================

Skipped (8):
  ghcr.io/bdrd-genomics/allinone-aio_qc
  ghcr.io/bdrd-genomics/allinone-amrfinder_plus
  ghcr.io/bdrd-genomics/allinone-bbmap
  ghcr.io/bdrd-genomics/allinone-blast
  ghcr.io/bdrd-genomics/allinone-busco
  ghcr.io/bdrd-genomics/allinone-checkm-genome
  ghcr.io/bdrd-genomics/allinone-chimeric_contig_classifier
  ghcr.io/bdrd-genomics/allinone-diamond

Successful (17):
  ghcr.io/bdrd-genomics/allinone-dragonflye
  ghcr.io/bdrd-genomics/allinone-fastqc
  ghcr.io/bdrd-genomics/allinone-interleave
  ghcr.io/bdrd-genomics/allinone-kraken2
  ghcr.io/bdrd-genomics/allinone-krona
  ghcr.io/bdrd-genomics/allinone-md
  ghcr.io/bdrd-genomics/allinone-mmseqs2
  ghcr.io/bdrd-genomics/allinone-multiqc
  ghcr.io/bdrd-genomics/allinone-nanoplot
  ghcr.io/bdrd-genomics/allinone-nextflow
  ghcr.io/bdrd-genomics/allinone-phispy
  ghcr.io/bdrd-genomics/allinone-prokka
  ghcr.io/bdrd-genomics/allinone-rgi
  ghcr.io/bdrd-genomics/allinone-ribodetector
  ghcr.io/bdrd-genomics/allinone-spades
  ghcr.io/bdrd-genomics/allinone-unicycler
  ghcr.io/bdrd-genomics/allinone-vs

Failed (7):
  ghcr.io/bdrd-genomics/allinone-autocycler
  ghcr.io/bdrd-genomics/allinone-chimeric_detection
  ghcr.io/bdrd-genomics/allinone-fastp_long
  ghcr.io/bdrd-genomics/allinone-myloasm
  ghcr.io/bdrd-genomics/allinone-python_reports
  ghcr.io/bdrd-genomics/allinone-python_utils
  ghcr.io/bdrd-genomics/allinone-readmapping_auto
