
SKIPPING: ghcr.io/bdrd-genomics/allinone-aio_qc:1.0.0 already exists

SKIPPING: ghcr.io/bdrd-genomics/allinone-amrfinder_plus:1.0.0 already exists

==================================================
Building: ghcr.io/bdrd-genomics/allinone-autocycler:1.0.0
Dockerfile: Dockerfile.autocycler
==================================================
#0 building with "default" instance using docker driver

#1 [internal] load build definition from Dockerfile.autocycler
#1 transferring dockerfile: 440B done
#1 DONE 0.0s

#2 [internal] load metadata for ghcr.io/bdrd-genomics/allinone-conda-base:1.0.1
#2 DONE 0.0s

#3 [internal] load .dockerignore
#3 transferring context: 2B done
#3 DONE 0.0s

#4 [1/3] FROM ghcr.io/bdrd-genomics/allinone-conda-base:1.0.1
#4 CACHED

#5 [internal] load build context
#5 transferring context: 241B done
#5 DONE 0.0s

#6 [2/3] COPY environment.autocycler.yml /tmp/environment.yml
#6 DONE 0.1s

#7 [3/3] RUN /opt/conda/bin/mamba env create -n autocycler -f /tmp/environment.yml     && /opt/conda/bin/conda clean -afy     && rm -f /tmp/environment.yml
#7 0.457 warning  libmamba 'repo.anaconda.com', a commercial channel hosted by Anaconda.com, is used.
#7 0.457     
#7 0.457 warning  libmamba Please make sure you understand Anaconda Terms of Services.
#7 0.457     
#7 0.457 warning  libmamba See: https://legal.anaconda.com/policies/en/
#7 1.116 ⚠ Shard Index for pkgs/main/linux-64 not available, falling back to flat repodata
#7 1.116 Using Flat Repodata for pkgs/main/linux-64                                                      ✔ Starting
#7 1.693 Using Flat Repodata for pkgs/main/linux-64                                                ✔ Done (0.6 sec)
#7 1.693 ⚠ Shard Index for pkgs/main/noarch not available, falling back to flat repodata
#7 1.693 Using Flat Repodata for pkgs/main/noarch                                                        ✔ Starting
#7 1.742 Using Flat Repodata for pkgs/main/noarch                                                  ✔ Done (0.0 sec)
#7 1.742 ⚠ Shard Index for pkgs/r/linux-64 not available, falling back to flat repodata
#7 1.742 Using Flat Repodata for pkgs/r/linux-64                                                         ✔ Starting
#7 1.814 Using Flat Repodata for pkgs/r/linux-64                                                   ✔ Done (0.1 sec)
#7 1.814 ⚠ Shard Index for pkgs/r/noarch not available, falling back to flat repodata
#7 1.814 Using Flat Repodata for pkgs/r/noarch                                                           ✔ Starting
#7 1.904 Using Flat Repodata for pkgs/r/noarch                                                     ✔ Done (0.1 sec)
#7 2.238 Fetch Shard Index for conda-forge/linux-64                                                      ⧖ Starting
#7 2.480 Fetch Shard Index for conda-forge/linux-64                                                ✔ Done (0.2 sec)
#7 2.480 Fetch Shard Index for conda-forge/noarch                                                        ⧖ Starting
#7 2.675 Fetch Shard Index for conda-forge/noarch                                                  ✔ Done (0.2 sec)
#7 2.675 Fetching and Parsing Packages' Shards                                                           ⧖ Starting
#7 2.675 Fetching and Parsing Packages' Shards                                                     ✔ Done (0.0 sec)
#7 3.604 Using Flat Repodata for conda-forge/linux-64                                                    ✔ Starting
#7 9.943 Using Flat Repodata for conda-forge/linux-64                                              ✔ Done (6.3 sec)
#7 9.949 Using Cached Shard Index for conda-forge/noarch                                                     ✔ Done
#7 9.953 Using Cached Shard Index for conda-forge/linux-64                                                   ✔ Done
#7 9.953 Fetching and Parsing Packages' Shards                                                           ⧖ Starting
#7 9.953 Fetching and Parsing Packages' Shards                                                     ✔ Done (0.0 sec)
#7 10.56 Using Flat Repodata for conda-forge/noarch                                                      ✔ Starting
#7 13.15 Using Flat Repodata for conda-forge/noarch                                                ✔ Done (2.6 sec)
#7 13.15 Fetch Shard Index for bioconda/linux-64                                                         ⧖ Starting
#7 13.31 Fetch Shard Index for bioconda/linux-64                                                   ✔ Done (0.2 sec)
#7 13.31 Fetch Shard Index for bioconda/noarch                                                           ⧖ Starting
#7 13.49 Fetch Shard Index for bioconda/noarch                                                     ✔ Done (0.2 sec)
#7 13.49 Fetching and Parsing Packages' Shards                                                           ⧖ Starting
#7 13.62 Fetching and Parsing Packages' Shards                                                     ✔ Done (0.1 sec)
#7 13.63 Using Cached Shard Index for bioconda/noarch                                                        ✔ Done
#7 13.63 Using Cached Shard Index for bioconda/linux-64                                                      ✔ Done
#7 13.63 Fetching and Parsing Packages' Shards                                                           ⧖ Starting
#7 13.63 Fetching and Parsing Packages' Shards                                                     ✔ Done (0.0 sec)
#7 13.88 Using Flat Repodata for bioconda/noarch                                                         ✔ Starting
#7 14.46 Using Flat Repodata for bioconda/noarch                                                   ✔ Done (0.6 sec)
#7 14.46 Using Cached Shard Index for conda-forge/linux-64                                                   ✔ Done
#7 14.47 Using Cached Shard Index for conda-forge/noarch                                                     ✔ Done
#7 14.47 Fetching and Parsing Packages' Shards                                                           ⧖ Starting
#7 17.56 Fetching and Parsing Packages' Shards                                                     ✔ Done (3.1 sec)
#7 17.65 Using Cached Shard Index for bioconda/linux-64                                                      ✔ Done
#7 17.65 Using Cached Shard Index for bioconda/noarch                                                        ✔ Done
#7 17.65 Fetching and Parsing Packages' Shards                                                           ⧖ Starting
#7 17.75 Fetching and Parsing Packages' Shards                                                     ✔ Done (0.1 sec)
#7 17.76 Using Cached Shard Index for bioconda/noarch                                                        ✔ Done
#7 17.76 Using Cached Shard Index for bioconda/linux-64                                                      ✔ Done
#7 17.76 Fetching and Parsing Packages' Shards                                                           ⧖ Starting
#7 17.76 Fetching and Parsing Packages' Shards                                                     ✔ Done (0.0 sec)
#7 17.77 Using Flat Repodata for bioconda/noarch                                                         ✔ Starting
#7 18.37 Using Flat Repodata for bioconda/noarch                                                   ✔ Done (0.6 sec)
#7 18.37 Parsing Packages' Records                                                                ✔ Done (17.3 sec)
#7 18.38 
#7 18.38 Resolving Environment                                                                           ⧖ Starting
#7 18.58 Resolving Environment                                                                     ✔ Done (0.2 sec)
#7 18.63 
#7 18.63 Transaction
#7 18.63 
#7 18.63   Prefix: /opt/conda/envs/autocycler
#7 18.63 
#7 18.63   Updating specs:
#7 18.63 
#7 18.63    - autocycler=0.7.0
#7 18.63 
#7 18.63 
#7 18.63   Package          Version  Build       Channel          Size
#7 18.63 ───────────────────────────────────────────────────────────────
#7 18.63   Install:
#7 18.63 ───────────────────────────────────────────────────────────────
#7 18.63 
#7 18.63   + _openmp_mutex      4.5  20_gnu      conda-forge      29kB
#7 18.63   + autocycler       0.7.0  h79ce301_0  bioconda          3MB
#7 18.63   + libgcc          16.2.0  ha9f2e26_5  conda-forge       1MB
#7 18.63   + libgomp         16.2.0  he0feb66_5  conda-forge     642kB
#7 18.63   + libstdcxx       16.2.0  h934c35e_5  conda-forge       7MB
#7 18.63 
#7 18.63   Summary:
#7 18.63 
#7 18.63   Install: 5 packages
#7 18.63 
#7 18.63   Total download: 11MB
#7 18.63 
#7 18.63 ───────────────────────────────────────────────────────────────
#7 18.63 
#7 18.63 
#7 18.63 Confirm changes: [Y/n] warning  libmamba Security Warning: This transaction includes executing package scripts (pre/post-link/unlink) if present. These scripts can contain arbitrary code. Please ensure you trust the package sources.
#7 18.63 
#7 18.63 Transaction starting
#7 18.99 Linking libgomp-16.2.0-he0feb66_5
#7 18.99 Linking _openmp_mutex-4.5-20_gnu
#7 18.99 Linking libgcc-16.2.0-ha9f2e26_5
#7 19.00 Linking libstdcxx-16.2.0-h934c35e_5
#7 19.00 Linking autocycler-0.7.0-h79ce301_0
#7 19.00 
#7 19.00 Transaction finished
#7 19.00 
#7 19.00 
#7 19.00 To activate this environment, use:
#7 19.00 
#7 19.00     mamba activate autocycler
#7 19.00 
#7 19.00 Or to execute a single command in this environment, use:
#7 19.00 
#7 19.00     mamba run -n autocycler mycommand
#7 19.00 
#7 19.94 Will remove 1 package cache(s).
#7 DONE 20.1s

#8 exporting to image
#8 exporting layers
#8 exporting layers 0.2s done
#8 writing image sha256:e373743e4531ace86b0418460f575a45c7a4f92e7811a182639146aa89e46302 0.0s done
#8 naming to ghcr.io/bdrd-genomics/allinone-autocycler:1.0.0 0.0s done
#8 naming to ghcr.io/bdrd-genomics/allinone-autocycler:latest 0.0s done
#8 DONE 0.3s
SUCCESS: ghcr.io/bdrd-genomics/allinone-autocycler

SKIPPING: ghcr.io/bdrd-genomics/allinone-bbmap:1.0.0 already exists

SKIPPING: ghcr.io/bdrd-genomics/allinone-blast:1.0.0 already exists

SKIPPING: ghcr.io/bdrd-genomics/allinone-busco:1.0.0 already exists

SKIPPING: ghcr.io/bdrd-genomics/allinone-checkm-genome:1.0.0 already exists

SKIPPING: ghcr.io/bdrd-genomics/allinone-chimeric_contig_classifier:1.0.0 already exists

SKIPPING: ghcr.io/bdrd-genomics/allinone-chimeric_detection:1.0.0 already exists

SKIPPING: ghcr.io/bdrd-genomics/allinone-diamond:1.0.0 already exists

SKIPPING: ghcr.io/bdrd-genomics/allinone-dragonflye:1.0.0 already exists

==================================================
Building: ghcr.io/bdrd-genomics/allinone-fastp_long:1.0.0
Dockerfile: Dockerfile.fastp_long
==================================================
#0 building with "default" instance using docker driver

#1 [internal] load build definition from Dockerfile.fastp_long
#1 transferring dockerfile: 1.05kB done
#1 DONE 0.0s

#2 [internal] load metadata for ghcr.io/bdrd-genomics/allinone-conda-base:1.0.1
#2 DONE 0.0s

#3 [internal] load .dockerignore
#3 transferring context: 2B done
#3 DONE 0.0s

#4 [1/5] FROM ghcr.io/bdrd-genomics/allinone-conda-base:1.0.1
#4 CACHED

#5 [internal] load build context
#5 transferring context: 204B done
#5 DONE 0.0s

#6 [2/5] COPY environment.fastp_long.yml /tmp/environment.yml
#6 DONE 0.1s

#7 [3/5] RUN conda config --system --set channel_priority flexible &&     /opt/conda/bin/mamba env create -f /tmp/environment.yml &&     /opt/conda/bin/conda clean -afy
#7 1.081 Fetch Shard Index for conda-forge/linux-64                                                      ⧖ Starting
#7 1.256 Fetch Shard Index for conda-forge/linux-64                                                ✔ Done (0.2 sec)
#7 1.256 Fetch Shard Index for conda-forge/noarch                                                        ⧖ Starting
#7 1.453 Fetch Shard Index for conda-forge/noarch                                                  ✔ Done (0.2 sec)
#7 1.453 Fetching and Parsing Packages' Shards                                                           ⧖ Starting
#7 1.453 Fetching and Parsing Packages' Shards                                                     ✔ Done (0.0 sec)
#7 2.165 Using Flat Repodata for conda-forge/linux-64                                                    ✔ Starting
#7 8.456 Using Flat Repodata for conda-forge/linux-64                                              ✔ Done (6.3 sec)
#7 8.462 Using Cached Shard Index for conda-forge/noarch                                                     ✔ Done
#7 8.465 Using Cached Shard Index for conda-forge/linux-64                                                   ✔ Done
#7 8.465 Fetching and Parsing Packages' Shards                                                           ⧖ Starting
#7 8.465 Fetching and Parsing Packages' Shards                                                     ✔ Done (0.0 sec)
#7 8.890 Using Flat Repodata for conda-forge/noarch                                                      ✔ Starting
#7 11.44 Using Flat Repodata for conda-forge/noarch                                                ✔ Done (2.6 sec)
#7 11.44 Fetch Shard Index for bioconda/linux-64                                                         ⧖ Starting
#7 11.60 Fetch Shard Index for bioconda/linux-64                                                   ✔ Done (0.2 sec)
#7 11.60 Fetch Shard Index for bioconda/noarch                                                           ⧖ Starting
#7 11.75 Fetch Shard Index for bioconda/noarch                                                     ✔ Done (0.2 sec)
#7 11.75 Fetching and Parsing Packages' Shards                                                           ⧖ Starting
#7 11.98 Fetching and Parsing Packages' Shards                                                     ✔ Done (0.2 sec)
#7 11.99 Using Cached Shard Index for bioconda/noarch                                                        ✔ Done
#7 11.99 Using Cached Shard Index for bioconda/linux-64                                                      ✔ Done
#7 11.99 Fetching and Parsing Packages' Shards                                                           ⧖ Starting
#7 11.99 Fetching and Parsing Packages' Shards                                                     ✔ Done (0.0 sec)
#7 12.26 Using Flat Repodata for bioconda/noarch                                                         ✔ Starting
#7 12.81 Using Flat Repodata for bioconda/noarch                                                   ✔ Done (0.6 sec)
#7 12.82 Using Cached Shard Index for conda-forge/linux-64                                                   ✔ Done
#7 12.82 Using Cached Shard Index for conda-forge/noarch                                                     ✔ Done
#7 12.82 Fetching and Parsing Packages' Shards                                                           ⧖ Starting
#7 15.86 Fetching and Parsing Packages' Shards                                                     ✔ Done (3.0 sec)
#7 15.95 Using Cached Shard Index for bioconda/linux-64                                                      ✔ Done
#7 15.95 Using Cached Shard Index for bioconda/noarch                                                        ✔ Done
#7 15.95 Fetching and Parsing Packages' Shards                                                           ⧖ Starting
#7 16.05 Fetching and Parsing Packages' Shards                                                     ✔ Done (0.1 sec)
#7 16.06 Using Cached Shard Index for bioconda/noarch                                                        ✔ Done
#7 16.07 Using Cached Shard Index for bioconda/linux-64                                                      ✔ Done
#7 16.07 Fetching and Parsing Packages' Shards                                                           ⧖ Starting
#7 16.07 Fetching and Parsing Packages' Shards                                                     ✔ Done (0.0 sec)
#7 16.07 Using Flat Repodata for bioconda/noarch                                                         ✔ Starting
#7 16.63 Using Flat Repodata for bioconda/noarch                                                   ✔ Done (0.6 sec)
#7 16.63 Parsing Packages' Records                                                                ✔ Done (14.5 sec)
#7 16.64 
#7 16.64 Resolving Environment                                                                           ⧖ Starting
#7 16.81 Resolving Environment                                                                     ✔ Done (0.2 sec)
#7 16.85 
#7 16.85 Transaction
#7 16.85 
#7 16.85   Prefix: /opt/conda/envs/fastp_long
#7 16.85 
#7 16.85   Updating specs:
#7 16.85 
#7 16.85    - fastp
#7 16.85    - fastplong
#7 16.85 
#7 16.85 
#7 16.86 warning  libmamba Security Warning: This transaction includes executing package scripts (pre/post-link/unlink) if present. These scripts can contain arbitrary code. Please ensure you trust the package sources.
#7 16.86   Package          Version  Build       Channel          Size
#7 16.86 ───────────────────────────────────────────────────────────────
#7 16.86   Install:
#7 16.86 ───────────────────────────────────────────────────────────────
#7 16.86 
#7 16.86   + _openmp_mutex      4.5  20_gnu      conda-forge      29kB
#7 16.86   + fastp            1.3.7  h43da1c4_0  bioconda          3MB
#7 16.86   + fastplong        0.7.1  h43da1c4_0  bioconda        249kB
#7 16.86   + isa-l           2.32.1  hb03c661_0  conda-forge     169kB
#7 16.86   + libdeflate        1.25  hd45a770_1  conda-forge      74kB
#7 16.86   + libgcc          16.2.0  ha9f2e26_5  conda-forge       1MB
#7 16.86   + libgomp         16.2.0  he0feb66_5  conda-forge     642kB
#7 16.86   + libhwy           1.3.0  h4c17acf_1  conda-forge       1MB
#7 16.86   + libstdcxx       16.2.0  h934c35e_5  conda-forge       7MB
#7 16.86 
#7 16.86   Summary:
#7 16.86 
#7 16.86   Install: 9 packages
#7 16.86 
#7 16.86   Total download: 13MB
#7 16.86 
#7 16.86 ───────────────────────────────────────────────────────────────
#7 16.86 
#7 16.86 
#7 16.86 Confirm changes: [Y/n] 
#7 16.86 Transaction starting
#7 17.21 Linking libgomp-16.2.0-he0feb66_5
#7 17.21 Linking _openmp_mutex-4.5-20_gnu
#7 17.22 Linking libgcc-16.2.0-ha9f2e26_5
#7 17.22 Linking libstdcxx-16.2.0-h934c35e_5
#7 17.22 Linking libdeflate-1.25-hd45a770_1
#7 17.22 Linking isa-l-2.32.1-hb03c661_0
#7 17.22 Linking libhwy-1.3.0-h4c17acf_1
#7 17.23 Linking fastplong-0.7.1-h43da1c4_0
#7 17.23 Linking fastp-1.3.7-h43da1c4_0
#7 17.23 
#7 17.23 Transaction finished
#7 17.23 
#7 17.23 
#7 17.23 To activate this environment, use:
#7 17.23 
#7 17.23     mamba activate fastp_long
#7 17.23 
#7 17.23 Or to execute a single command in this environment, use:
#7 17.23 
#7 17.23     mamba run -n fastp_long mycommand
#7 17.23 
#7 18.11 Will remove 1 package cache(s).
#7 DONE 18.3s

#8 [4/5] RUN echo 'source /opt/conda/etc/profile.d/conda.sh' > /etc/profile.d/conda_auto.sh &&     echo 'conda activate fastp_long' >> /etc/profile.d/conda_auto.sh &&     chmod +x /etc/profile.d/conda_auto.sh
#8 DONE 0.5s

#9 [5/5] WORKDIR /data
#9 DONE 0.1s

#10 exporting to image
#10 exporting layers
#10 exporting layers 0.3s done
#10 writing image sha256:95bff619a0c0a5a4c41cb67a148462957fff513d02e60edeae4ab4020d4cbb3a 0.0s done
#10 naming to ghcr.io/bdrd-genomics/allinone-fastp_long:1.0.0 0.0s done
#10 naming to ghcr.io/bdrd-genomics/allinone-fastp_long:latest 0.0s done
#10 DONE 0.4s
SUCCESS: ghcr.io/bdrd-genomics/allinone-fastp_long

SKIPPING: ghcr.io/bdrd-genomics/allinone-fastqc:1.0.0 already exists

SKIPPING: ghcr.io/bdrd-genomics/allinone-interleave:1.0.0 already exists

SKIPPING: ghcr.io/bdrd-genomics/allinone-kraken2:1.0.0 already exists

SKIPPING: ghcr.io/bdrd-genomics/allinone-krona:1.0.0 already exists

SKIPPING: ghcr.io/bdrd-genomics/allinone-md:1.0.0 already exists

SKIPPING: ghcr.io/bdrd-genomics/allinone-mmseqs2:1.0.0 already exists

SKIPPING: ghcr.io/bdrd-genomics/allinone-multiqc:1.0.0 already exists

==================================================
Building: ghcr.io/bdrd-genomics/allinone-myloasm:1.0.0
Dockerfile: Dockerfile.myloasm
==================================================
#0 building with "default" instance using docker driver

#1 [internal] load build definition from Dockerfile.myloasm
#1 transferring dockerfile: 428B done
#1 DONE 0.0s

#2 [internal] load metadata for ghcr.io/bdrd-genomics/allinone-conda-base:1.0.1
#2 DONE 0.0s

#3 [internal] load .dockerignore
#3 transferring context: 2B done
#3 DONE 0.0s

#4 [1/3] FROM ghcr.io/bdrd-genomics/allinone-conda-base:1.0.1
#4 CACHED

#5 [internal] load build context
#5 transferring context: 230B done
#5 DONE 0.0s

#6 [2/3] COPY environment.myloasm.yml /tmp/environment.yml
#6 DONE 0.1s

#7 [3/3] RUN /opt/conda/bin/mamba env create -n myloasm -f /tmp/environment.yml     && /opt/conda/bin/conda clean -afy     && rm -f /tmp/environment.yml
#7 0.451 warning  libmamba 'repo.anaconda.com', a commercial channel hosted by Anaconda.com, is used.
#7 0.451     
#7 0.451 warning  libmamba Please make sure you understand Anaconda Terms of Services.
#7 0.451     
#7 0.451 warning  libmamba See: https://legal.anaconda.com/policies/en/
#7 1.114 ⚠ Shard Index for pkgs/main/linux-64 not available, falling back to flat repodata
#7 1.114 Using Flat Repodata for pkgs/main/linux-64                                                      ✔ Starting
#7 1.699 Using Flat Repodata for pkgs/main/linux-64                                                ✔ Done (0.6 sec)
#7 1.699 ⚠ Shard Index for pkgs/main/noarch not available, falling back to flat repodata
#7 1.699 Using Flat Repodata for pkgs/main/noarch                                                        ✔ Starting
#7 1.743 Using Flat Repodata for pkgs/main/noarch                                                  ✔ Done (0.0 sec)
#7 1.743 ⚠ Shard Index for pkgs/r/linux-64 not available, falling back to flat repodata
#7 1.743 Using Flat Repodata for pkgs/r/linux-64                                                         ✔ Starting
#7 1.813 Using Flat Repodata for pkgs/r/linux-64                                                   ✔ Done (0.1 sec)
#7 1.813 ⚠ Shard Index for pkgs/r/noarch not available, falling back to flat repodata
#7 1.813 Using Flat Repodata for pkgs/r/noarch                                                           ✔ Starting
#7 1.900 Using Flat Repodata for pkgs/r/noarch                                                     ✔ Done (0.1 sec)
#7 2.241 Fetch Shard Index for conda-forge/linux-64                                                      ⧖ Starting
#7 2.418 Fetch Shard Index for conda-forge/linux-64                                                ✔ Done (0.2 sec)
#7 2.418 Fetch Shard Index for conda-forge/noarch                                                        ⧖ Starting
#7 2.613 Fetch Shard Index for conda-forge/noarch                                                  ✔ Done (0.2 sec)
#7 2.613 Fetching and Parsing Packages' Shards                                                           ⧖ Starting
#7 2.613 Fetching and Parsing Packages' Shards                                                     ✔ Done (0.0 sec)
#7 3.308 Using Flat Repodata for conda-forge/linux-64                                                    ✔ Starting
#7 9.585 Using Flat Repodata for conda-forge/linux-64                                              ✔ Done (6.3 sec)
#7 9.591 Using Cached Shard Index for conda-forge/noarch                                                     ✔ Done
#7 9.594 Using Cached Shard Index for conda-forge/linux-64                                                   ✔ Done
#7 9.594 Fetching and Parsing Packages' Shards                                                           ⧖ Starting
#7 9.594 Fetching and Parsing Packages' Shards                                                     ✔ Done (0.0 sec)
#7 10.05 Using Flat Repodata for conda-forge/noarch                                                      ✔ Starting
#7 12.61 Using Flat Repodata for conda-forge/noarch                                                ✔ Done (2.6 sec)
#7 12.61 Fetch Shard Index for bioconda/linux-64                                                         ⧖ Starting
#7 12.77 Fetch Shard Index for bioconda/linux-64                                                   ✔ Done (0.2 sec)
#7 12.77 Fetch Shard Index for bioconda/noarch                                                           ⧖ Starting
#7 12.94 Fetch Shard Index for bioconda/noarch                                                     ✔ Done (0.2 sec)
#7 12.94 Fetching and Parsing Packages' Shards                                                           ⧖ Starting
#7 13.06 Fetching and Parsing Packages' Shards                                                     ✔ Done (0.1 sec)
#7 13.06 Using Cached Shard Index for bioconda/noarch                                                        ✔ Done
#7 13.07 Using Cached Shard Index for bioconda/linux-64                                                      ✔ Done
#7 13.07 Fetching and Parsing Packages' Shards                                                           ⧖ Starting
#7 13.07 Fetching and Parsing Packages' Shards                                                     ✔ Done (0.0 sec)
#7 13.32 Using Flat Repodata for bioconda/noarch                                                         ✔ Starting
#7 13.90 Using Flat Repodata for bioconda/noarch                                                   ✔ Done (0.6 sec)
#7 13.90 Using Cached Shard Index for conda-forge/linux-64                                                   ✔ Done
#7 13.91 Using Cached Shard Index for conda-forge/noarch                                                     ✔ Done
#7 13.91 Fetching and Parsing Packages' Shards                                                           ⧖ Starting
#7 16.89 Fetching and Parsing Packages' Shards                                                     ✔ Done (3.0 sec)
#7 16.98 Using Cached Shard Index for bioconda/linux-64                                                      ✔ Done
#7 16.98 Using Cached Shard Index for bioconda/noarch                                                        ✔ Done
#7 16.98 Fetching and Parsing Packages' Shards                                                           ⧖ Starting
#7 17.08 Fetching and Parsing Packages' Shards                                                     ✔ Done (0.1 sec)
#7 17.09 Using Cached Shard Index for bioconda/noarch                                                        ✔ Done
#7 17.09 Using Cached Shard Index for bioconda/linux-64                                                      ✔ Done
#7 17.09 Fetching and Parsing Packages' Shards                                                           ⧖ Starting
#7 17.09 Fetching and Parsing Packages' Shards                                                     ✔ Done (0.0 sec)
#7 17.10 Using Flat Repodata for bioconda/noarch                                                         ✔ Starting
#7 17.69 Using Flat Repodata for bioconda/noarch                                                   ✔ Done (0.6 sec)
#7 17.69 Parsing Packages' Records                                                                ✔ Done (16.6 sec)
#7 17.70 
#7 17.70 Resolving Environment                                                                           ⧖ Starting
#7 17.91 Resolving Environment                                                                     ✔ Done (0.2 sec)
#7 17.96 
#7 17.96 Transaction
#7 17.96 
#7 17.96   Prefix: /opt/conda/envs/myloasm
#7 17.96 
#7 17.96   Updating specs:
#7 17.96 
#7 17.96    - myloasm=0.7.0
#7 17.96 
#7 17.96 
#7 17.96 warning  libmamba Security Warning: This transaction includes executing package scripts (pre/post-link/unlink) if present. These scripts can contain arbitrary code. Please ensure you trust the package sources.
#7 17.96   Package          Version  Build       Channel           Size
#7 17.96 ────────────────────────────────────────────────────────────────
#7 17.96   Install:
#7 17.96 ────────────────────────────────────────────────────────────────
#7 17.96 
#7 17.96   + _openmp_mutex      4.5  20_gnu      conda-forge       29kB
#7 17.96   + libgcc          16.2.0  ha9f2e26_5  conda-forge        1MB
#7 17.96   + libgomp         16.2.0  he0feb66_5  conda-forge      642kB
#7 17.96   + libstdcxx       16.2.0  h934c35e_5  conda-forge        7MB
#7 17.96   + libzlib          1.3.2  h25fd6f3_3  conda-forge     Cached
#7 17.96   + myloasm          0.7.0  hdcadc20_0  bioconda           2MB
#7 17.96 
#7 17.96   Summary:
#7 17.96 
#7 17.96   Install: 6 packages
#7 17.96 
#7 17.96   Total download: 11MB
#7 17.96 
#7 17.96 ────────────────────────────────────────────────────────────────
#7 17.96 
#7 17.96 
#7 17.96 Confirm changes: [Y/n] 
#7 17.96 Transaction starting
#7 18.30 Linking libzlib-1.3.2-h25fd6f3_3
#7 18.30 Linking libgomp-16.2.0-he0feb66_5
#7 18.30 Linking _openmp_mutex-4.5-20_gnu
#7 18.30 Linking libgcc-16.2.0-ha9f2e26_5
#7 18.31 Linking libstdcxx-16.2.0-h934c35e_5
#7 18.31 Linking myloasm-0.7.0-hdcadc20_0
#7 18.31 
#7 18.31 Transaction finished
#7 18.31 
#7 18.31 
#7 18.31 To activate this environment, use:
#7 18.31 
#7 18.31     mamba activate myloasm
#7 18.31 
#7 18.31 Or to execute a single command in this environment, use:
#7 18.31 
#7 18.31     mamba run -n myloasm mycommand
#7 18.31 
#7 19.23 Will remove 1 package cache(s).
#7 DONE 19.4s

#8 exporting to image
#8 exporting layers
#8 exporting layers 0.2s done
#8 writing image sha256:ec196b10123a25285f227fe5b6548d1329e4274b24c21bda3cac0905b6878d45 done
#8 naming to ghcr.io/bdrd-genomics/allinone-myloasm:1.0.0 0.0s done
#8 naming to ghcr.io/bdrd-genomics/allinone-myloasm:latest 0.0s done
#8 DONE 0.3s
SUCCESS: ghcr.io/bdrd-genomics/allinone-myloasm

SKIPPING: ghcr.io/bdrd-genomics/allinone-nanoplot:1.0.0 already exists

SKIPPING: ghcr.io/bdrd-genomics/allinone-nextflow:1.0.0 already exists

SKIPPING: ghcr.io/bdrd-genomics/allinone-phispy:1.0.0 already exists

SKIPPING: ghcr.io/bdrd-genomics/allinone-prokka:1.0.0 already exists

==================================================
Building: ghcr.io/bdrd-genomics/allinone-python_reports:1.0.0
Dockerfile: Dockerfile.python_reports
==================================================
#0 building with "default" instance using docker driver

#1 [internal] load build definition from Dockerfile.python_reports
#1 transferring dockerfile: 456B done
#1 DONE 0.0s

#2 [internal] load metadata for ghcr.io/bdrd-genomics/allinone-conda-base:1.0.1
#2 DONE 0.0s

#3 [internal] load .dockerignore
#3 transferring context: 2B done
#3 DONE 0.1s

#4 [1/3] FROM ghcr.io/bdrd-genomics/allinone-conda-base:1.0.1
#4 CACHED

#5 [internal] load build context
#5 transferring context: 303B done
#5 DONE 0.0s

#6 [2/3] COPY environment.python_reports.yml /tmp/environment.yml
#6 DONE 0.1s

#7 [3/3] RUN /opt/conda/bin/mamba env create -n python_reports -f /tmp/environment.yml     && /opt/conda/bin/conda clean -afy     && rm -f /tmp/environment.yml
#7 0.482 warning  libmamba 'repo.anaconda.com', a commercial channel hosted by Anaconda.com, is used.
#7 0.482     
#7 0.482 warning  libmamba Please make sure you understand Anaconda Terms of Services.
#7 0.482     
#7 0.482 warning  libmamba See: https://legal.anaconda.com/policies/en/
#7 1.120 ⚠ Shard Index for pkgs/main/linux-64 not available, falling back to flat repodata
#7 1.120 Using Flat Repodata for pkgs/main/linux-64                                                      ✔ Starting
#7 1.710 Using Flat Repodata for pkgs/main/linux-64                                                ✔ Done (0.6 sec)
#7 1.710 ⚠ Shard Index for pkgs/main/noarch not available, falling back to flat repodata
#7 1.710 Using Flat Repodata for pkgs/main/noarch                                                        ✔ Starting
#7 1.752 Using Flat Repodata for pkgs/main/noarch                                                  ✔ Done (0.0 sec)
#7 1.752 ⚠ Shard Index for pkgs/r/linux-64 not available, falling back to flat repodata
#7 1.752 Using Flat Repodata for pkgs/r/linux-64                                                         ✔ Starting
#7 1.822 Using Flat Repodata for pkgs/r/linux-64                                                   ✔ Done (0.1 sec)
#7 1.822 ⚠ Shard Index for pkgs/r/noarch not available, falling back to flat repodata
#7 1.822 Using Flat Repodata for pkgs/r/noarch                                                           ✔ Starting
#7 1.910 Using Flat Repodata for pkgs/r/noarch                                                     ✔ Done (0.1 sec)
#7 2.262 Fetch Shard Index for conda-forge/linux-64                                                      ⧖ Starting
#7 2.430 Fetch Shard Index for conda-forge/linux-64                                                ✔ Done (0.2 sec)
#7 2.430 Fetch Shard Index for conda-forge/noarch                                                        ⧖ Starting
#7 2.633 Fetch Shard Index for conda-forge/noarch                                                  ✔ Done (0.2 sec)
#7 2.633 Fetching and Parsing Packages' Shards                                                           ⧖ Starting
#7 13.57 Fetching and Parsing Packages' Shards                                                    ✔ Done (10.9 sec)
#7 14.31 Fetch Shard Index for bioconda/linux-64                                                         ⧖ Starting
#7 14.47 Fetch Shard Index for bioconda/linux-64                                                   ✔ Done (0.2 sec)
#7 14.47 Fetch Shard Index for bioconda/noarch                                                           ⧖ Starting
#7 14.63 Fetch Shard Index for bioconda/noarch                                                     ✔ Done (0.2 sec)
#7 14.63 Fetching and Parsing Packages' Shards                                                           ⧖ Starting
#7 14.97 Fetching and Parsing Packages' Shards                                                     ✔ Done (0.3 sec)
#7 14.98 Using Cached Shard Index for conda-forge/linux-64                                                   ✔ Done
#7 14.99 Using Cached Shard Index for conda-forge/noarch                                                     ✔ Done
#7 14.99 Fetching and Parsing Packages' Shards                                                           ⧖ Starting
#7 16.00 Fetching and Parsing Packages' Shards                                                     ✔ Done (1.0 sec)
#7 16.62 Using Cached Shard Index for bioconda/linux-64                                                      ✔ Done
#7 16.62 Using Cached Shard Index for bioconda/noarch                                                        ✔ Done
#7 16.62 Fetching and Parsing Packages' Shards                                                           ⧖ Starting
#7 16.62 Fetching and Parsing Packages' Shards                                                     ✔ Done (0.0 sec)
#7 16.63 Parsing Packages' Records                                                                ✔ Done (15.5 sec)
#7 16.63 
#7 16.63 Resolving Environment                                                                           ⧖ Starting
#7 17.69 Resolving Environment                                                                     ✔ Done (1.1 sec)
#7 17.70 
#7 17.70 Transaction
#7 17.70 
#7 17.70   Prefix: /opt/conda/envs/python_reports
#7 17.70 
#7 17.70   Updating specs:
#7 17.70 
#7 17.70    - python=3.12
#7 17.70    - pandas
#7 17.70    - ete3
#7 17.70    - python-docx
#7 17.70    - docxtpl
#7 17.70    - jinja2
#7 17.70    - pip
#7 17.70 
#7 17.70 
#7 17.80 warning  libmamba Security Warning: This transaction includes executing package scripts (pre/post-link/unlink) if present. These scripts can contain arbitrary code. Please ensure you trust the package sources.
#7 17.80   Package                           Version  Build                 Channel           Size
#7 17.80 ───────────────────────────────────────────────────────────────────────────────────────────
#7 17.80   Install:
#7 17.80 ───────────────────────────────────────────────────────────────────────────────────────────
#7 17.80 
#7 17.80   + _openmp_mutex                       4.5  20_gnu                conda-forge       29kB
#7 17.80   + alsa-lib                       1.2.16.1  h7cc23a3_1            conda-forge      595kB
#7 17.80   + babel                            2.18.0  pyhcf101f3_1          conda-forge        8MB
#7 17.80   + bzip2                             1.0.8  hda65f42_10           conda-forge     Cached
#7 17.80   + ca-certificates               2026.7.22  hbd8a1cb_0            conda-forge     Cached
#7 17.80   + cairo                            1.18.4  h3c89d7e_3            conda-forge      991kB
#7 17.80   + cyrus-sasl                       2.1.28  hac629b4_1            conda-forge      210kB
#7 17.80   + dbus                             1.16.2  he8c428d_2            conda-forge      450kB
#7 17.80   + docxcompose                       2.2.0  pyhcf101f3_0          conda-forge       29kB
#7 17.80   + docxtpl                          0.20.2  pyhcf101f3_0          conda-forge       33kB
#7 17.80   + ete3                              3.1.3  pyhd8ed1ab_0          conda-forge        2MB
#7 17.80   + font-ttf-dejavu-sans-mono          2.37  hab24e00_0            conda-forge      397kB
#7 17.80   + font-ttf-inconsolata              3.000  h77eed37_0            conda-forge       97kB
#7 17.80   + font-ttf-source-code-pro          2.038  h77eed37_0            conda-forge      701kB
#7 17.80   + font-ttf-ubuntu                    0.83  h77eed37_3            conda-forge        2MB
#7 17.80   + fontconfig                       2.18.3  h4db4eae_1            conda-forge      296kB
#7 17.80   + fonts-conda-ecosystem                 1  0                     conda-forge        4kB
#7 17.80   + fonts-conda-forge                     1  hc364b38_1            conda-forge        4kB
#7 17.80   + freetype                         2.14.3  ha770c72_2            conda-forge      175kB
#7 17.80   + fribidi                          1.0.17  h7cc23a3_0            conda-forge       64kB
#7 17.80   + glib                             2.90.0  h5e3c387_0            conda-forge       86kB
#7 17.80   + glib-tools                       2.90.0  h3d503d9_0            conda-forge      237kB
#7 17.80   + graphite2                        1.3.15  h54a6638_1            conda-forge      103kB
#7 17.80   + gst-plugins-base                1.26.11  h6d08254_0            conda-forge        3MB
#7 17.80   + gstreamer                       1.26.11  h29cf534_0            conda-forge        2MB
#7 17.80   + harfbuzz                         14.4.0  ha770c72_1            conda-forge       11kB
#7 17.80   + icu                                78.3  py310h44b86e0_2       conda-forge     Cached
#7 17.80   + jinja2                            3.1.6  pyhcf101f3_1          conda-forge     Cached
#7 17.80   + keyutils                          1.6.3  h7cc23a3_1            conda-forge     Cached
#7 17.80   + krb5                             1.22.2  hbc21106_2            conda-forge     Cached
#7 17.80   + lame                                4.0  h770b6ad_1            conda-forge      304kB
#7 17.80   + ld_impl_linux-64                 2.46.1  default_hbd61a6d_102  conda-forge      745kB
#7 17.80   + libblas                          3.11.0  11_h4a7cf45_openblas  conda-forge       18kB
#7 17.80   + libcap                             2.78  h084b8d7_1            conda-forge      124kB
#7 17.80   + libcblas                         3.11.0  11_h0358290_openblas  conda-forge       18kB
#7 17.80   + libclang-cpp22.1                 22.1.8  default_h0acdd01_10   conda-forge       25MB
#7 17.80   + libclang-cpp23.1                 23.1.1  default_h0acdd01_0    conda-forge       25MB
#7 17.80   + libclang13                       23.1.1  default_h7037f76_0    conda-forge       15MB
#7 17.80   + libcups                           2.3.3  h7a8fb5f_6            conda-forge        5MB
#7 17.80   + libdrm                          2.4.129  h7cc23a3_0            conda-forge      313kB
#7 17.80   + libedit                    3.1.20250104  pl5321h373387f_1      conda-forge     Cached
#7 17.80   + libegl                            1.7.0  ha4b6fd6_5            conda-forge       47kB
#7 17.80   + libevent                         2.1.12  h5348a74_2            conda-forge      431kB
#7 17.80   + libexpat                          2.8.1  hecca717_1            conda-forge     Cached
#7 17.80   + libffi                            3.7.0  h81df57d_1            conda-forge     Cached
#7 17.80   + libflac                           1.5.0  he200343_1            conda-forge      425kB
#7 17.80   + libfreetype                      2.14.3  ha770c72_2            conda-forge        8kB
#7 17.80   + libfreetype6                     2.14.3  h5e6c136_2            conda-forge      388kB
#7 17.80   + libgcc                           16.2.0  ha9f2e26_5            conda-forge        1MB
#7 17.80   + libgcc-ng                        16.2.0  h69a702a_5            conda-forge       29kB
#7 17.80   + libgfortran                      16.2.0  h69a702a_5            conda-forge       29kB
#7 17.80   + libgfortran5                     16.2.0  h6b99dfc_5            conda-forge        3MB
#7 17.80   + libgl                             1.7.0  ha4b6fd6_5            conda-forge      132kB
#7 17.80   + libglib                          2.90.0  h569388d_0            conda-forge        5MB
#7 17.80   + libglvnd                          1.7.0  ha4b6fd6_5            conda-forge      134kB
#7 17.80   + libglx                            1.7.0  ha4b6fd6_5            conda-forge       80kB
#7 17.80   + libgomp                          16.2.0  he0feb66_5            conda-forge      642kB
#7 17.80   + libharfbuzz                      14.4.0  h23af247_1            conda-forge        1MB
#7 17.80   + libharfbuzz-devel                14.4.0  h23af247_1            conda-forge        2MB
#7 17.80   + libiconv                           1.18  h0cb94f2_3            conda-forge     Cached
#7 17.80   + libjpeg-turbo                     3.2.0  hb03c661_1            conda-forge      650kB
#7 17.80   + liblapack                        3.11.0  11_h47877c9_openblas  conda-forge       18kB
#7 17.80   + libllvm22                        22.1.8  h474f4eb_2            conda-forge       45MB
#7 17.80   + libllvm23                        23.1.1  h474f4eb_0            conda-forge       45MB
#7 17.80   + liblzma                           5.8.3  hb03c661_1            conda-forge     Cached
#7 17.80   + libnsl                            2.0.1  hb9d3cd8_1            conda-forge       34kB
#7 17.80   + libntlm                             1.8  hb9d3cd8_0            conda-forge       33kB
#7 17.80   + libogg                            1.3.5  hd0c01bc_1            conda-forge      218kB
#7 17.80   + libopenblas                      0.3.34  pthreads_hf13c14d_2   conda-forge        7MB
#7 17.80   + libopengl                         1.7.0  ha4b6fd6_5            conda-forge       51kB
#7 17.80   + libopus                           1.6.1  hebe6cf0_1            conda-forge      330kB
#7 17.80   + libpciaccess                       0.19  hb03c661_1            conda-forge       30kB
#7 17.80   + libpng                           1.6.58  h922cc85_1            conda-forge      317kB
#7 17.80   + libpq                              18.6  h9d76c99_1            conda-forge        3MB
#7 17.80   + libpython                       3.12.14  h0c77377_3_cpython    conda-forge        9MB
#7 17.80   + libsndfile                        1.2.2  hbc6d301_3            conda-forge      388kB
#7 17.80   + libsqlite                        3.53.4  h13e7031_1            conda-forge     Cached
#7 17.80   + libstdcxx                        16.2.0  h934c35e_5            conda-forge        7MB
#7 17.80   + libsystemd0                       261.3  h26e0ef7_0            conda-forge      588kB
#7 17.80   + libuuid                          2.42.3  hcfc3c73_0            conda-forge     Cached
#7 17.80   + libvorbis                         1.3.7  h54a6638_2            conda-forge      286kB
#7 17.80   + libxcb                           1.17.0  hb83e432_2            conda-forge      395kB
#7 17.80   + libxcrypt                        4.4.38  h280c20c_0            conda-forge      102kB
#7 17.80   + libxkbcommon                     1.13.2  h51789e4_1            conda-forge      943kB
#7 17.80   + libxml2                          2.15.4  h7df9aa5_0            conda-forge       47kB
#7 17.80   + libxml2-16                       2.15.4  hf3af7cc_0            conda-forge     Cached
#7 17.80   + libxslt                          1.1.45  h8e12856_1            conda-forge      250kB
#7 17.80   + libzlib                           1.3.2  h25fd6f3_3            conda-forge     Cached
#7 17.80   + lxml                              6.1.3  py312h663fcd5_0       conda-forge        2MB
#7 17.80   + markupsafe                        3.0.3  py312h8a5da7c_1       conda-forge       26kB
#7 17.80   + mpg123                           1.33.7  h877a99e_1            conda-forge      491kB
#7 17.80   + ncurses                             6.6  hdb14827_1            conda-forge     Cached
#7 17.80   + nspr                               4.40  h29cc59b_0            conda-forge      231kB
#7 17.80   + nss                               3.118  h445c969_0            conda-forge        2MB
#7 17.80   + numpy                             2.5.3  py312he827f4e_0       conda-forge        9MB
#7 17.80   + openldap                         2.6.13  hbde042b_0            conda-forge      786kB
#7 17.80   + openssl                           3.6.4  h781a0a9_0            conda-forge     Cached
#7 17.80   + packaging                          26.3  pyhc364b38_0          conda-forge     Cached
#7 17.80   + pandas                            3.0.6  np2py312h91ec553_0    conda-forge       15MB
#7 17.80   + pango                            1.58.2  h7bb47b9_1            conda-forge      472kB
#7 17.80   + pcre2                             10.47  h8b3dc9c_1            conda-forge        1MB
#7 17.80   + pip                              26.2.1  pyh8b19718_0          conda-forge        1MB
#7 17.80   + pixman                           0.46.4  h54a6638_3            conda-forge      377kB
#7 17.80   + ply                                3.11  pyhd8ed1ab_3          conda-forge       49kB
#7 17.80   + pthread-stubs                       0.4  h7cc23a3_1004         conda-forge       10kB
#7 17.80   + pulseaudio-client                  17.0  h9a6aba3_3            conda-forge      751kB
#7 17.80   + pyqt                            5.15.11  py312h82c0db2_2       conda-forge        5MB
#7 17.80   + pyqt5-sip                       12.17.0  py312h1289d80_2       conda-forge       86kB
#7 17.80   + python                          3.12.14  h5f976f7_3_cpython    conda-forge       23MB
#7 17.80   + python-dateutil             2.9.0.post0  pyhe01879c_2          conda-forge      233kB
#7 17.80   + python-docx                       1.2.0  pyhff2d567_0          conda-forge      179kB
#7 17.80   + python_abi                         3.12  9_cp312               conda-forge        7kB
#7 17.80   + qt-main                         5.15.15  h0c412b5_8            conda-forge       53MB
#7 17.80   + readline                            8.3  hd6e31c0_1            conda-forge     Cached
#7 17.80   + scipy                            1.18.1  py312h106c528_1       conda-forge       17MB
#7 17.80   + setuptools                       84.0.0  pyh332efcf_0          conda-forge     Cached
#7 17.80   + sip                              6.10.0  py312h1289d80_1       conda-forge      681kB
#7 17.80   + six                              1.17.0  pyhe01879c_1          conda-forge       18kB
#7 17.80   + tk                               8.6.13  noxft_h1df4ec4_4      conda-forge     Cached
#7 17.80   + toml                             0.10.2  pyhcf101f3_3          conda-forge       24kB
#7 17.80   + tomli                             2.4.1  pyhcf101f3_0          conda-forge     Cached
#7 17.80   + typing_extensions                4.16.0  pyhcf101f3_0          conda-forge     Cached
#7 17.80   + tzdata                            2026c  h151e31d_0            conda-forge     Cached
#7 17.80   + wheel                            0.48.0  pyhd8ed1ab_0          conda-forge       35kB
#7 17.80   + xcb-util                          0.4.1  h4f16b4b_2            conda-forge       21kB
#7 17.80   + xcb-util-image                    0.4.0  hb711507_2            conda-forge       25kB
#7 17.80   + xcb-util-keysyms                  0.4.1  hb711507_0            conda-forge       14kB
#7 17.80   + xcb-util-renderutil              0.3.10  hb711507_0            conda-forge       17kB
#7 17.80   + xcb-util-wm                       0.4.2  hb711507_0            conda-forge       52kB
#7 17.80   + xkeyboard-config                   2.48  h280c20c_0            conda-forge      442kB
#7 17.80   + xorg-libice                       1.1.2  h280c20c_0            conda-forge       63kB
#7 17.80   + xorg-libsm                        1.2.6  h0d788c3_1            conda-forge       31kB
#7 17.80   + xorg-libx11                      1.8.13  he1eb515_1            conda-forge      840kB
#7 17.80   + xorg-libxau                      1.0.12  h7cc23a3_2            conda-forge       19kB
#7 17.80   + xorg-libxcomposite                0.4.7  hb03c661_0            conda-forge       14kB
#7 17.80   + xorg-libxdamage                   1.1.6  hb9d3cd8_0            conda-forge       13kB
#7 17.80   + xorg-libxdmcp                     1.1.5  h7cc23a3_2            conda-forge       23kB
#7 17.80   + xorg-libxext                      1.3.7  h7cc23a3_1            conda-forge       53kB
#7 17.80   + xorg-libxfixes                    6.0.2  h7cc23a3_1            conda-forge       21kB
#7 17.80   + xorg-libxrender                  0.9.12  hb03c661_1            conda-forge       35kB
#7 17.80   + xorg-libxshmfence                 1.3.3  hb9d3cd8_0            conda-forge       12kB
#7 17.80   + xorg-libxxf86vm                   1.1.7  hb03c661_0            conda-forge       19kB
#7 17.80   + xorg-xextproto                    7.3.0  hb9d3cd8_1004         conda-forge       31kB
#7 17.80   + zstd                              1.5.7  hb78ec9c_7            conda-forge     Cached
#7 17.80 
#7 17.80   Summary:
#7 17.80 
#7 17.80   Install: 144 packages
#7 17.80 
#7 17.80   Total download: 361MB
#7 17.80 
#7 17.80 ───────────────────────────────────────────────────────────────────────────────────────────
#7 17.80 
#7 17.80 
#7 17.80 Confirm changes: [Y/n] 
#7 17.80 Transaction starting
#7 22.00 Linking python_abi-3.12-9_cp312
#7 22.00 Linking tzdata-2026c-h151e31d_0
#7 22.14 Linking ca-certificates-2026.7.22-hbd8a1cb_0
#7 22.14 Linking font-ttf-dejavu-sans-mono-2.37-hab24e00_0
#7 22.14 Linking font-ttf-inconsolata-3.000-h77eed37_0
#7 22.14 Linking font-ttf-source-code-pro-2.038-h77eed37_0
#7 22.15 Linking font-ttf-ubuntu-0.83-h77eed37_3
#7 22.15 Linking fonts-conda-forge-1-hc364b38_1
#7 22.15 Linking fonts-conda-ecosystem-1-0
#7 22.15 Linking libzlib-1.3.2-h25fd6f3_3
#7 22.15 Linking libglvnd-1.7.0-ha4b6fd6_5
#7 22.15 Linking libgomp-16.2.0-he0feb66_5
#7 22.15 Linking zstd-1.5.7-hb78ec9c_7
#7 22.15 Linking libopengl-1.7.0-ha4b6fd6_5
#7 22.15 Linking libegl-1.7.0-ha4b6fd6_5
#7 22.15 Linking _openmp_mutex-4.5-20_gnu
#7 22.15 Linking ld_impl_linux-64-2.46.1-default_hbd61a6d_102
#7 22.16 Linking libgcc-16.2.0-ha9f2e26_5
#7 22.16 Linking libcap-2.78-h084b8d7_1
#7 22.17 Linking libntlm-1.8-hb9d3cd8_0
#7 22.17 Linking libpciaccess-0.19-hb03c661_1
#7 22.17 Linking fribidi-1.0.17-h7cc23a3_0
#7 22.17 Linking xorg-libxshmfence-1.3.3-hb9d3cd8_0
#7 22.17 Linking libopus-1.6.1-hebe6cf0_1
#7 22.17 Linking libogg-1.3.5-hd0c01bc_1
#7 22.18 Linking libiconv-1.18-h0cb94f2_3
#7 22.19 Linking keyutils-1.6.3-h7cc23a3_1
#7 22.20 Linking xorg-libxdmcp-1.1.5-h7cc23a3_2
#7 22.20 Linking xorg-libxau-1.0.12-h7cc23a3_2
#7 22.21 Linking xorg-libice-1.1.2-h280c20c_0
#7 22.21 Linking libpng-1.6.58-h922cc85_1
#7 22.21 Linking libjpeg-turbo-3.2.0-hb03c661_1
#7 22.21 Linking alsa-lib-1.2.16.1-h7cc23a3_1
#7 22.22 Linking libgcc-ng-16.2.0-h69a702a_5
#7 22.22 Linking libnsl-2.0.1-hb9d3cd8_1
#7 22.22 Linking libffi-3.7.0-h81df57d_1
#7 22.22 Linking liblzma-5.8.3-hb03c661_1
#7 22.22 Linking tk-8.6.13-noxft_h1df4ec4_4
#7 22.30 Linking openssl-3.6.4-h781a0a9_0
#7 22.34 Linking ncurses-6.6-hdb14827_1
#7 23.48 Linking libxcrypt-4.4.38-h280c20c_0
#7 23.48 Linking libexpat-2.8.1-hecca717_1
#7 23.49 Linking bzip2-1.0.8-hda65f42_10
#7 23.49 Linking libgfortran5-16.2.0-h6b99dfc_5
#7 23.49 Linking pthread-stubs-0.4-h7cc23a3_1004
#7 23.49 Linking libstdcxx-16.2.0-h934c35e_5
#7 23.49 Linking xorg-xextproto-7.3.0-hb9d3cd8_1004
#7 23.49 Linking libuuid-2.42.3-hcfc3c73_0
#7 23.49 Linking libsystemd0-261.3-h26e0ef7_0
#7 23.50 Linking libdrm-2.4.129-h7cc23a3_0
#7 23.50 Linking libfreetype6-2.14.3-h5e6c136_2
#7 23.50 Linking libevent-2.1.12-h5348a74_2
#7 23.50 Linking libedit-3.1.20250104-pl5321h373387f_1
#7 23.51 Linking readline-8.3-hd6e31c0_1
#7 23.51 Linking pcre2-10.47-h8b3dc9c_1
#7 23.52 Linking libgfortran-16.2.0-h69a702a_5
#7 23.52 Linking libxcb-1.17.0-hb83e432_2
#7 23.53 Linking mpg123-1.33.7-h877a99e_1
#7 23.53 Linking libflac-1.5.0-he200343_1
#7 23.53 Linking graphite2-1.3.15-h54a6638_1
#7 23.53 Linking libvorbis-1.3.7-h54a6638_2
#7 23.54 Linking pixman-0.46.4-h54a6638_3
#7 23.54 Linking icu-78.3-py310h44b86e0_2
#7 23.58 Linking nspr-4.40-h29cc59b_0
#7 23.58 Linking libpython-3.12.14-h0c77377_3_cpython
#7 23.62 Linking xorg-libsm-1.2.6-h0d788c3_1
#7 23.62 Linking libfreetype-2.14.3-ha770c72_2
#7 23.62 Linking krb5-1.22.2-hbc21106_2
#7 23.65 Linking libglib-2.90.0-h569388d_0
#7 23.67 Linking libopenblas-0.3.34-pthreads_hf13c14d_2
#7 23.67 Linking xcb-util-0.4.1-h4f16b4b_2
#7 23.67 Linking xcb-util-wm-0.4.2-hb711507_0
#7 23.68 Linking xcb-util-renderutil-0.3.10-hb711507_0
#7 23.68 Linking xcb-util-keysyms-0.4.1-hb711507_0
#7 23.68 Linking xorg-libx11-1.8.13-he1eb515_1
#7 23.69 Linking lame-4.0-h770b6ad_1
#7 23.69 Linking libsqlite-3.53.4-h13e7031_1
#7 23.69 Linking libxml2-16-2.15.4-hf3af7cc_0
#7 23.69 Linking freetype-2.14.3-ha770c72_2
#7 23.70 Linking fontconfig-2.18.3-h4db4eae_1
#7 23.70 Linking cyrus-sasl-2.1.28-hac629b4_1
#7 23.71 Linking libcups-2.3.3-h7a8fb5f_6
#7 23.71 Linking glib-tools-2.90.0-h3d503d9_0
#7 23.72 Linking dbus-1.16.2-he8c428d_2
#7 23.72 Linking libblas-3.11.0-11_h4a7cf45_openblas
#7 23.78 Linking xcb-util-image-0.4.0-hb711507_2
#7 23.78 Linking xorg-libxfixes-6.0.2-h7cc23a3_1
#7 23.78 Linking xkeyboard-config-2.48-h280c20c_0
#7 23.79 Linking libglx-1.7.0-ha4b6fd6_5
#7 23.79 Linking xorg-libxrender-0.9.12-hb03c661_1
#7 23.79 Linking xorg-libxext-1.3.7-h7cc23a3_1
#7 23.79 Linking libsndfile-1.2.2-hbc6d301_3
#7 23.79 Linking nss-3.118-h445c969_0
#7 23.80 Linking python-3.12.14-h5f976f7_3_cpython
#7 23.92 Linking libxml2-2.15.4-h7df9aa5_0
#7 23.92 Linking openldap-2.6.13-hbde042b_0
#7 23.95 Linking libcblas-3.11.0-11_h0358290_openblas
#7 24.00 Linking liblapack-3.11.0-11_h47877c9_openblas
#7 24.06 Linking xorg-libxcomposite-0.4.7-hb03c661_0
#7 24.06 Linking libgl-1.7.0-ha4b6fd6_5
#7 24.06 Linking cairo-1.18.4-h3c89d7e_3
#7 24.06 Linking xorg-libxxf86vm-1.1.7-hb03c661_0
#7 24.06 Linking xorg-libxdamage-1.1.6-hb9d3cd8_0
#7 24.06 Linking pulseaudio-client-17.0-h9a6aba3_3
#7 24.07 Linking markupsafe-3.0.3-py312h8a5da7c_1
#7 24.07 Linking libxslt-1.1.45-h8e12856_1
#7 24.08 Linking libxkbcommon-1.13.2-h51789e4_1
#7 24.08 Linking libllvm22-22.1.8-h474f4eb_2
#7 24.08 Linking libllvm23-23.1.1-h474f4eb_0
#7 24.08 Linking libpq-18.6-h9d76c99_1
#7 24.13 Linking numpy-2.5.3-py312he827f4e_0
#7 24.18 Linking libharfbuzz-14.4.0-h23af247_1
#7 24.19 Linking lxml-6.1.3-py312h663fcd5_0
#7 24.19 Linking libclang-cpp22.1-22.1.8-default_h0acdd01_10
#7 24.19 Linking libclang-cpp23.1-23.1.1-default_h0acdd01_0
#7 24.19 Linking scipy-1.18.1-py312h106c528_1
#7 24.25 Linking pango-1.58.2-h7bb47b9_1
#7 24.25 Linking libharfbuzz-devel-14.4.0-h23af247_1
#7 24.26 Linking libclang13-23.1.1-default_h7037f76_0
#7 24.26 Linking harfbuzz-14.4.0-ha770c72_1
#7 24.26 Linking toml-0.10.2-pyhcf101f3_3
#7 24.27 Linking tomli-2.4.1-pyhcf101f3_0
#7 24.28 Linking ply-3.11-pyhd8ed1ab_3
#7 24.28 Linking packaging-26.3-pyhc364b38_0
#7 24.28 Linking setuptools-84.0.0-pyh332efcf_0
#7 24.34 Linking six-1.17.0-pyhe01879c_1
#7 24.34 Linking babel-2.18.0-pyhcf101f3_1
#7 24.40 Linking typing_extensions-4.16.0-pyhcf101f3_0
#7 24.40 Linking jinja2-3.1.6-pyhcf101f3_1
#7 24.41 Linking wheel-0.48.0-pyhd8ed1ab_0
#7 24.41 Linking python-dateutil-2.9.0.post0-pyhe01879c_2
#7 24.41 Linking python-docx-1.2.0-pyhff2d567_0
#7 24.42 Linking pip-26.2.1-pyh8b19718_0
#7 24.45 Linking docxcompose-2.2.0-pyhcf101f3_0
#7 24.45 Linking docxtpl-0.20.2-pyhcf101f3_0
#7 24.45 Linking glib-2.90.0-h5e3c387_0
#7 24.45 Linking sip-6.10.0-py312h1289d80_1
#7 24.49 Linking pandas-3.0.6-np2py312h91ec553_0
#7 24.62 Linking gstreamer-1.26.11-h29cf534_0
#7 24.63 Linking pyqt5-sip-12.17.0-py312h1289d80_2
#7 24.63 Linking gst-plugins-base-1.26.11-h6d08254_0
#7 24.65 Linking qt-main-5.15.15-h0c412b5_8
#7 26.31 Linking pyqt-5.15.11-py312h82c0db2_2
#7 26.35 Linking ete3-3.1.3-pyhd8ed1ab_0
#7 26.50 
#7 26.50 Transaction finished
#7 26.50 
#7 26.50 
#7 26.50 To activate this environment, use:
#7 26.50 
#7 26.50     mamba activate python_reports
#7 26.50 
#7 26.50 Or to execute a single command in this environment, use:
#7 26.50 
#7 26.50     mamba run -n python_reports mycommand
#7 26.50 
#7 27.74 Will remove 1 package cache(s).
#7 DONE 28.3s

#8 exporting to image
#8 exporting layers
#8 exporting layers 14.7s done
#8 writing image sha256:253fa31ac0558c48bd3cae2b49b56e807947c0dbec4036c353ccc4a94eae296c 0.0s done
#8 naming to ghcr.io/bdrd-genomics/allinone-python_reports:1.0.0 0.0s done
#8 naming to ghcr.io/bdrd-genomics/allinone-python_reports:latest 0.0s done
#8 DONE 14.8s
SUCCESS: ghcr.io/bdrd-genomics/allinone-python_reports

==================================================
Building: ghcr.io/bdrd-genomics/allinone-python_utils:1.0.0
Dockerfile: Dockerfile.python_utils
==================================================
#0 building with "default" instance using docker driver

#1 [internal] load build definition from Dockerfile.python_utils
#1 transferring dockerfile: 448B done
#1 DONE 0.0s

#2 [internal] load metadata for ghcr.io/bdrd-genomics/allinone-conda-base:1.0.1
#2 DONE 0.0s

#3 [internal] load .dockerignore
#3 transferring context: 2B done
#3 DONE 0.0s

#4 [1/3] FROM ghcr.io/bdrd-genomics/allinone-conda-base:1.0.1
#4 CACHED

#5 [internal] load build context
#5 transferring context: 260B done
#5 DONE 0.0s

#6 [2/3] COPY environment.python_utils.yml /tmp/environment.yml
#6 DONE 0.1s

#7 [3/3] RUN /opt/conda/bin/mamba env create -n python_utils -f /tmp/environment.yml     && /opt/conda/bin/conda clean -afy     && rm -f /tmp/environment.yml
#7 0.460 warning  libmamba 'repo.anaconda.com', a commercial channel hosted by Anaconda.com, is used.
#7 0.460     
#7 0.460 warning  libmamba Please make sure you understand Anaconda Terms of Services.
#7 0.460     
#7 0.460 warning  libmamba See: https://legal.anaconda.com/policies/en/
#7 1.086 ⚠ Shard Index for pkgs/main/linux-64 not available, falling back to flat repodata
#7 1.086 Using Flat Repodata for pkgs/main/linux-64                                                      ✔ Starting
#7 1.696 Using Flat Repodata for pkgs/main/linux-64                                                ✔ Done (0.6 sec)
#7 1.696 ⚠ Shard Index for pkgs/main/noarch not available, falling back to flat repodata
#7 1.696 Using Flat Repodata for pkgs/main/noarch                                                        ✔ Starting
#7 1.743 Using Flat Repodata for pkgs/main/noarch                                                  ✔ Done (0.0 sec)
#7 1.743 ⚠ Shard Index for pkgs/r/linux-64 not available, falling back to flat repodata
#7 1.743 Using Flat Repodata for pkgs/r/linux-64                                                         ✔ Starting
#7 1.816 Using Flat Repodata for pkgs/r/linux-64                                                   ✔ Done (0.1 sec)
#7 1.816 ⚠ Shard Index for pkgs/r/noarch not available, falling back to flat repodata
#7 1.816 Using Flat Repodata for pkgs/r/noarch                                                           ✔ Starting
#7 1.908 Using Flat Repodata for pkgs/r/noarch                                                     ✔ Done (0.1 sec)
#7 2.265 Fetch Shard Index for conda-forge/linux-64                                                      ⧖ Starting
#7 2.438 Fetch Shard Index for conda-forge/linux-64                                                ✔ Done (0.2 sec)
#7 2.438 Fetch Shard Index for conda-forge/noarch                                                        ⧖ Starting
#7 2.620 Fetch Shard Index for conda-forge/noarch                                                  ✔ Done (0.2 sec)
#7 2.620 Fetching and Parsing Packages' Shards                                                           ⧖ Starting
#7 13.32 Fetching and Parsing Packages' Shards                                                    ✔ Done (10.7 sec)
#7 14.03 Fetch Shard Index for bioconda/linux-64                                                         ⧖ Starting
#7 14.20 Fetch Shard Index for bioconda/linux-64                                                   ✔ Done (0.2 sec)
#7 14.20 Fetch Shard Index for bioconda/noarch                                                           ⧖ Starting
#7 14.42 Fetch Shard Index for bioconda/noarch                                                     ✔ Done (0.2 sec)
#7 14.42 Fetching and Parsing Packages' Shards                                                           ⧖ Starting
#7 14.80 Fetching and Parsing Packages' Shards                                                     ✔ Done (0.4 sec)
#7 14.81 Using Cached Shard Index for conda-forge/linux-64                                                   ✔ Done
#7 14.82 Using Cached Shard Index for conda-forge/noarch                                                     ✔ Done
#7 14.82 Fetching and Parsing Packages' Shards                                                           ⧖ Starting
#7 15.84 Fetching and Parsing Packages' Shards                                                     ✔ Done (1.0 sec)
#7 16.46 Using Cached Shard Index for bioconda/linux-64                                                      ✔ Done
#7 16.46 Using Cached Shard Index for bioconda/noarch                                                        ✔ Done
#7 16.46 Fetching and Parsing Packages' Shards                                                           ⧖ Starting
#7 16.46 Fetching and Parsing Packages' Shards                                                     ✔ Done (0.0 sec)
#7 16.46 Parsing Packages' Records                                                                ✔ Done (15.4 sec)
#7 16.47 
#7 16.47 Resolving Environment                                                                           ⧖ Starting
#7 17.66 Resolving Environment                                                                     ✔ Done (1.2 sec)
#7 17.66 
#7 17.66 Transaction
#7 17.66 
#7 17.66   Prefix: /opt/conda/envs/python_utils
#7 17.66 
#7 17.66   Updating specs:
#7 17.66 
#7 17.66    - python=3.12
#7 17.66    - pandas
#7 17.66    - ete3
#7 17.66    - pip
#7 17.66 
#7 17.66 
#7 17.76 warning  libmamba Security Warning: This transaction includes executing package scripts (pre/post-link/unlink) if present. These scripts can contain arbitrary code. Please ensure you trust the package sources.
#7 17.76   Package                           Version  Build                 Channel           Size
#7 17.76 ───────────────────────────────────────────────────────────────────────────────────────────
#7 17.76   Install:
#7 17.76 ───────────────────────────────────────────────────────────────────────────────────────────
#7 17.76 
#7 17.76   + _openmp_mutex                       4.5  20_gnu                conda-forge       29kB
#7 17.76   + alsa-lib                       1.2.16.1  h7cc23a3_1            conda-forge      595kB
#7 17.76   + bzip2                             1.0.8  hda65f42_10           conda-forge     Cached
#7 17.76   + ca-certificates               2026.7.22  hbd8a1cb_0            conda-forge     Cached
#7 17.76   + cairo                            1.18.4  h3c89d7e_3            conda-forge      991kB
#7 17.76   + cyrus-sasl                       2.1.28  hac629b4_1            conda-forge      210kB
#7 17.76   + dbus                             1.16.2  he8c428d_2            conda-forge      450kB
#7 17.76   + ete3                              3.1.3  pyhd8ed1ab_0          conda-forge        2MB
#7 17.76   + font-ttf-dejavu-sans-mono          2.37  hab24e00_0            conda-forge      397kB
#7 17.76   + font-ttf-inconsolata              3.000  h77eed37_0            conda-forge       97kB
#7 17.76   + font-ttf-source-code-pro          2.038  h77eed37_0            conda-forge      701kB
#7 17.76   + font-ttf-ubuntu                    0.83  h77eed37_3            conda-forge        2MB
#7 17.76   + fontconfig                       2.18.3  h4db4eae_1            conda-forge      296kB
#7 17.76   + fonts-conda-ecosystem                 1  0                     conda-forge        4kB
#7 17.76   + fonts-conda-forge                     1  hc364b38_1            conda-forge        4kB
#7 17.76   + freetype                         2.14.3  ha770c72_2            conda-forge      175kB
#7 17.76   + fribidi                          1.0.17  h7cc23a3_0            conda-forge       64kB
#7 17.76   + glib                             2.90.0  h5e3c387_0            conda-forge       86kB
#7 17.76   + glib-tools                       2.90.0  h3d503d9_0            conda-forge      237kB
#7 17.76   + graphite2                        1.3.15  h54a6638_1            conda-forge      103kB
#7 17.76   + gst-plugins-base                1.26.11  h6d08254_0            conda-forge        3MB
#7 17.76   + gstreamer                       1.26.11  h29cf534_0            conda-forge        2MB
#7 17.76   + harfbuzz                         14.4.0  ha770c72_1            conda-forge       11kB
#7 17.76   + icu                                78.3  py310h44b86e0_2       conda-forge     Cached
#7 17.76   + keyutils                          1.6.3  h7cc23a3_1            conda-forge     Cached
#7 17.76   + krb5                             1.22.2  hbc21106_2            conda-forge     Cached
#7 17.76   + lame                                4.0  h770b6ad_1            conda-forge      304kB
#7 17.76   + ld_impl_linux-64                 2.46.1  default_hbd61a6d_102  conda-forge      745kB
#7 17.76   + libblas                          3.11.0  11_h4a7cf45_openblas  conda-forge       18kB
#7 17.76   + libcap                             2.78  h084b8d7_1            conda-forge      124kB
#7 17.76   + libcblas                         3.11.0  11_h0358290_openblas  conda-forge       18kB
#7 17.76   + libclang-cpp22.1                 22.1.8  default_h0acdd01_10   conda-forge       25MB
#7 17.76   + libclang-cpp23.1                 23.1.1  default_h0acdd01_0    conda-forge       25MB
#7 17.76   + libclang13                       23.1.1  default_h7037f76_0    conda-forge       15MB
#7 17.76   + libcups                           2.3.3  h7a8fb5f_6            conda-forge        5MB
#7 17.76   + libdrm                          2.4.129  h7cc23a3_0            conda-forge      313kB
#7 17.76   + libedit                    3.1.20250104  pl5321h373387f_1      conda-forge     Cached
#7 17.76   + libegl                            1.7.0  ha4b6fd6_5            conda-forge       47kB
#7 17.76   + libevent                         2.1.12  h5348a74_2            conda-forge      431kB
#7 17.76   + libexpat                          2.8.1  hecca717_1            conda-forge     Cached
#7 17.76   + libffi                            3.7.0  h81df57d_1            conda-forge     Cached
#7 17.76   + libflac                           1.5.0  he200343_1            conda-forge      425kB
#7 17.76   + libfreetype                      2.14.3  ha770c72_2            conda-forge        8kB
#7 17.76   + libfreetype6                     2.14.3  h5e6c136_2            conda-forge      388kB
#7 17.76   + libgcc                           16.2.0  ha9f2e26_5            conda-forge        1MB
#7 17.76   + libgcc-ng                        16.2.0  h69a702a_5            conda-forge       29kB
#7 17.76   + libgfortran                      16.2.0  h69a702a_5            conda-forge       29kB
#7 17.76   + libgfortran5                     16.2.0  h6b99dfc_5            conda-forge        3MB
#7 17.76   + libgl                             1.7.0  ha4b6fd6_5            conda-forge      132kB
#7 17.76   + libglib                          2.90.0  h569388d_0            conda-forge        5MB
#7 17.76   + libglvnd                          1.7.0  ha4b6fd6_5            conda-forge      134kB
#7 17.76   + libglx                            1.7.0  ha4b6fd6_5            conda-forge       80kB
#7 17.76   + libgomp                          16.2.0  he0feb66_5            conda-forge      642kB
#7 17.76   + libharfbuzz                      14.4.0  h23af247_1            conda-forge        1MB
#7 17.76   + libharfbuzz-devel                14.4.0  h23af247_1            conda-forge        2MB
#7 17.76   + libiconv                           1.18  h0cb94f2_3            conda-forge     Cached
#7 17.76   + libjpeg-turbo                     3.2.0  hb03c661_1            conda-forge      650kB
#7 17.76   + liblapack                        3.11.0  11_h47877c9_openblas  conda-forge       18kB
#7 17.76   + libllvm22                        22.1.8  h474f4eb_2            conda-forge       45MB
#7 17.76   + libllvm23                        23.1.1  h474f4eb_0            conda-forge       45MB
#7 17.76   + liblzma                           5.8.3  hb03c661_1            conda-forge     Cached
#7 17.76   + libnsl                            2.0.1  hb9d3cd8_1            conda-forge       34kB
#7 17.76   + libntlm                             1.8  hb9d3cd8_0            conda-forge       33kB
#7 17.76   + libogg                            1.3.5  hd0c01bc_1            conda-forge      218kB
#7 17.76   + libopenblas                      0.3.34  pthreads_hf13c14d_2   conda-forge        7MB
#7 17.76   + libopengl                         1.7.0  ha4b6fd6_5            conda-forge       51kB
#7 17.76   + libopus                           1.6.1  hebe6cf0_1            conda-forge      330kB
#7 17.76   + libpciaccess                       0.19  hb03c661_1            conda-forge       30kB
#7 17.76   + libpng                           1.6.58  h922cc85_1            conda-forge      317kB
#7 17.76   + libpq                              18.6  h9d76c99_1            conda-forge        3MB
#7 17.76   + libpython                       3.12.14  h0c77377_3_cpython    conda-forge        9MB
#7 17.76   + libsndfile                        1.2.2  hbc6d301_3            conda-forge      388kB
#7 17.76   + libsqlite                        3.53.4  h13e7031_1            conda-forge     Cached
#7 17.76   + libstdcxx                        16.2.0  h934c35e_5            conda-forge        7MB
#7 17.76   + libsystemd0                       261.3  h26e0ef7_0            conda-forge      588kB
#7 17.76   + libuuid                          2.42.3  hcfc3c73_0            conda-forge     Cached
#7 17.76   + libvorbis                         1.3.7  h54a6638_2            conda-forge      286kB
#7 17.76   + libxcb                           1.17.0  hb83e432_2            conda-forge      395kB
#7 17.76   + libxcrypt                        4.4.38  h280c20c_0            conda-forge      102kB
#7 17.76   + libxkbcommon                     1.13.2  h51789e4_1            conda-forge      943kB
#7 17.76   + libxml2                          2.15.4  h7df9aa5_0            conda-forge       47kB
#7 17.76   + libxml2-16                       2.15.4  hf3af7cc_0            conda-forge     Cached
#7 17.76   + libxslt                          1.1.45  h8e12856_1            conda-forge      250kB
#7 17.76   + libzlib                           1.3.2  h25fd6f3_3            conda-forge     Cached
#7 17.76   + lxml                              6.1.3  py312h663fcd5_0       conda-forge        2MB
#7 17.76   + mpg123                           1.33.7  h877a99e_1            conda-forge      491kB
#7 17.76   + ncurses                             6.6  hdb14827_1            conda-forge     Cached
#7 17.76   + nspr                               4.40  h29cc59b_0            conda-forge      231kB
#7 17.76   + nss                               3.118  h445c969_0            conda-forge        2MB
#7 17.76   + numpy                             2.5.3  py312he827f4e_0       conda-forge        9MB
#7 17.76   + openldap                         2.6.13  hbde042b_0            conda-forge      786kB
#7 17.76   + openssl                           3.6.4  h781a0a9_0            conda-forge     Cached
#7 17.76   + packaging                          26.3  pyhc364b38_0          conda-forge     Cached
#7 17.76   + pandas                            3.0.6  np2py312h91ec553_0    conda-forge       15MB
#7 17.76   + pango                            1.58.2  h7bb47b9_1            conda-forge      472kB
#7 17.76   + pcre2                             10.47  h8b3dc9c_1            conda-forge        1MB
#7 17.76   + pip                              26.2.1  pyh8b19718_0          conda-forge        1MB
#7 17.76   + pixman                           0.46.4  h54a6638_3            conda-forge      377kB
#7 17.76   + ply                                3.11  pyhd8ed1ab_3          conda-forge       49kB
#7 17.76   + pthread-stubs                       0.4  h7cc23a3_1004         conda-forge       10kB
#7 17.76   + pulseaudio-client                  17.0  h9a6aba3_3            conda-forge      751kB
#7 17.76   + pyqt                            5.15.11  py312h82c0db2_2       conda-forge        5MB
#7 17.76   + pyqt5-sip                       12.17.0  py312h1289d80_2       conda-forge       86kB
#7 17.76   + python                          3.12.14  h5f976f7_3_cpython    conda-forge       23MB
#7 17.76   + python-dateutil             2.9.0.post0  pyhe01879c_2          conda-forge      233kB
#7 17.76   + python_abi                         3.12  9_cp312               conda-forge        7kB
#7 17.76   + qt-main                         5.15.15  h0c412b5_8            conda-forge       53MB
#7 17.76   + readline                            8.3  hd6e31c0_1            conda-forge     Cached
#7 17.76   + scipy                            1.18.1  py312h106c528_1       conda-forge       17MB
#7 17.76   + setuptools                       84.0.0  pyh332efcf_0          conda-forge     Cached
#7 17.76   + sip                              6.10.0  py312h1289d80_1       conda-forge      681kB
#7 17.76   + six                              1.17.0  pyhe01879c_1          conda-forge       18kB
#7 17.76   + tk                               8.6.13  noxft_h1df4ec4_4      conda-forge     Cached
#7 17.76   + toml                             0.10.2  pyhcf101f3_3          conda-forge       24kB
#7 17.76   + tomli                             2.4.1  pyhcf101f3_0          conda-forge     Cached
#7 17.76   + tzdata                            2026c  h151e31d_0            conda-forge     Cached
#7 17.76   + wheel                            0.48.0  pyhd8ed1ab_0          conda-forge       35kB
#7 17.76   + xcb-util                          0.4.1  h4f16b4b_2            conda-forge       21kB
#7 17.76   + xcb-util-image                    0.4.0  hb711507_2            conda-forge       25kB
#7 17.76   + xcb-util-keysyms                  0.4.1  hb711507_0            conda-forge       14kB
#7 17.76   + xcb-util-renderutil              0.3.10  hb711507_0            conda-forge       17kB
#7 17.76   + xcb-util-wm                       0.4.2  hb711507_0            conda-forge       52kB
#7 17.76   + xkeyboard-config                   2.48  h280c20c_0            conda-forge      442kB
#7 17.76   + xorg-libice                       1.1.2  h280c20c_0            conda-forge       63kB
#7 17.76   + xorg-libsm                        1.2.6  h0d788c3_1            conda-forge       31kB
#7 17.76   + xorg-libx11                      1.8.13  he1eb515_1            conda-forge      840kB
#7 17.76   + xorg-libxau                      1.0.12  h7cc23a3_2            conda-forge       19kB
#7 17.76   + xorg-libxcomposite                0.4.7  hb03c661_0            conda-forge       14kB
#7 17.76   + xorg-libxdamage                   1.1.6  hb9d3cd8_0            conda-forge       13kB
#7 17.76   + xorg-libxdmcp                     1.1.5  h7cc23a3_2            conda-forge       23kB
#7 17.76   + xorg-libxext                      1.3.7  h7cc23a3_1            conda-forge       53kB
#7 17.76   + xorg-libxfixes                    6.0.2  h7cc23a3_1            conda-forge       21kB
#7 17.76   + xorg-libxrender                  0.9.12  hb03c661_1            conda-forge       35kB
#7 17.76   + xorg-libxshmfence                 1.3.3  hb9d3cd8_0            conda-forge       12kB
#7 17.76   + xorg-libxxf86vm                   1.1.7  hb03c661_0            conda-forge       19kB
#7 17.76   + xorg-xextproto                    7.3.0  hb9d3cd8_1004         conda-forge       31kB
#7 17.76   + zstd                              1.5.7  hb78ec9c_7            conda-forge     Cached
#7 17.76 
#7 17.76   Summary:
#7 17.76 
#7 17.76   Install: 137 packages
#7 17.76 
#7 17.76   Total download: 353MB
#7 17.76 
#7 17.76 ───────────────────────────────────────────────────────────────────────────────────────────
#7 17.76 
#7 17.76 
#7 17.76 Confirm changes: [Y/n] 
#7 17.77 Transaction starting
#7 21.75 Linking python_abi-3.12-9_cp312
#7 21.75 Linking tzdata-2026c-h151e31d_0
#7 21.88 Linking ca-certificates-2026.7.22-hbd8a1cb_0
#7 21.88 Linking font-ttf-dejavu-sans-mono-2.37-hab24e00_0
#7 21.88 Linking font-ttf-inconsolata-3.000-h77eed37_0
#7 21.88 Linking font-ttf-source-code-pro-2.038-h77eed37_0
#7 21.88 Linking font-ttf-ubuntu-0.83-h77eed37_3
#7 21.88 Linking fonts-conda-forge-1-hc364b38_1
#7 21.88 Linking fonts-conda-ecosystem-1-0
#7 21.88 Linking libzlib-1.3.2-h25fd6f3_3
#7 21.88 Linking libglvnd-1.7.0-ha4b6fd6_5
#7 21.88 Linking libgomp-16.2.0-he0feb66_5
#7 21.88 Linking zstd-1.5.7-hb78ec9c_7
#7 21.89 Linking libopengl-1.7.0-ha4b6fd6_5
#7 21.89 Linking libegl-1.7.0-ha4b6fd6_5
#7 21.89 Linking _openmp_mutex-4.5-20_gnu
#7 21.89 Linking ld_impl_linux-64-2.46.1-default_hbd61a6d_102
#7 21.90 Linking libgcc-16.2.0-ha9f2e26_5
#7 21.90 Linking libcap-2.78-h084b8d7_1
#7 21.90 Linking libntlm-1.8-hb9d3cd8_0
#7 21.91 Linking libpciaccess-0.19-hb03c661_1
#7 21.91 Linking fribidi-1.0.17-h7cc23a3_0
#7 21.91 Linking xorg-libxshmfence-1.3.3-hb9d3cd8_0
#7 21.91 Linking libopus-1.6.1-hebe6cf0_1
#7 21.91 Linking libogg-1.3.5-hd0c01bc_1
#7 21.91 Linking libiconv-1.18-h0cb94f2_3
#7 21.93 Linking keyutils-1.6.3-h7cc23a3_1
#7 21.94 Linking xorg-libxdmcp-1.1.5-h7cc23a3_2
#7 21.94 Linking xorg-libxau-1.0.12-h7cc23a3_2
#7 21.94 Linking xorg-libice-1.1.2-h280c20c_0
#7 21.94 Linking libpng-1.6.58-h922cc85_1
#7 21.94 Linking libjpeg-turbo-3.2.0-hb03c661_1
#7 21.94 Linking alsa-lib-1.2.16.1-h7cc23a3_1
#7 21.95 Linking libgcc-ng-16.2.0-h69a702a_5
#7 21.95 Linking libnsl-2.0.1-hb9d3cd8_1
#7 21.95 Linking libffi-3.7.0-h81df57d_1
#7 21.95 Linking liblzma-5.8.3-hb03c661_1
#7 21.95 Linking tk-8.6.13-noxft_h1df4ec4_4
#7 22.04 Linking openssl-3.6.4-h781a0a9_0
#7 22.07 Linking ncurses-6.6-hdb14827_1
#7 23.23 Linking libxcrypt-4.4.38-h280c20c_0
#7 23.23 Linking libexpat-2.8.1-hecca717_1
#7 23.23 Linking bzip2-1.0.8-hda65f42_10
#7 23.24 Linking libgfortran5-16.2.0-h6b99dfc_5
#7 23.24 Linking pthread-stubs-0.4-h7cc23a3_1004
#7 23.24 Linking libstdcxx-16.2.0-h934c35e_5
#7 23.24 Linking xorg-xextproto-7.3.0-hb9d3cd8_1004
#7 23.24 Linking libuuid-2.42.3-hcfc3c73_0
#7 23.24 Linking libsystemd0-261.3-h26e0ef7_0
#7 23.24 Linking libdrm-2.4.129-h7cc23a3_0
#7 23.25 Linking libfreetype6-2.14.3-h5e6c136_2
#7 23.25 Linking libevent-2.1.12-h5348a74_2
#7 23.25 Linking libedit-3.1.20250104-pl5321h373387f_1
#7 23.26 Linking readline-8.3-hd6e31c0_1
#7 23.26 Linking pcre2-10.47-h8b3dc9c_1
#7 23.27 Linking libgfortran-16.2.0-h69a702a_5
#7 23.27 Linking libxcb-1.17.0-hb83e432_2
#7 23.28 Linking mpg123-1.33.7-h877a99e_1
#7 23.28 Linking libflac-1.5.0-he200343_1
#7 23.28 Linking graphite2-1.3.15-h54a6638_1
#7 23.28 Linking libvorbis-1.3.7-h54a6638_2
#7 23.28 Linking pixman-0.46.4-h54a6638_3
#7 23.28 Linking icu-78.3-py310h44b86e0_2
#7 23.33 Linking nspr-4.40-h29cc59b_0
#7 23.33 Linking libpython-3.12.14-h0c77377_3_cpython
#7 23.37 Linking xorg-libsm-1.2.6-h0d788c3_1
#7 23.37 Linking libfreetype-2.14.3-ha770c72_2
#7 23.37 Linking krb5-1.22.2-hbc21106_2
#7 23.39 Linking libglib-2.90.0-h569388d_0
#7 23.42 Linking libopenblas-0.3.34-pthreads_hf13c14d_2
#7 23.42 Linking xcb-util-0.4.1-h4f16b4b_2
#7 23.42 Linking xcb-util-wm-0.4.2-hb711507_0
#7 23.42 Linking xcb-util-renderutil-0.3.10-hb711507_0
#7 23.42 Linking xcb-util-keysyms-0.4.1-hb711507_0
#7 23.43 Linking xorg-libx11-1.8.13-he1eb515_1
#7 23.44 Linking lame-4.0-h770b6ad_1
#7 23.44 Linking libsqlite-3.53.4-h13e7031_1
#7 23.44 Linking libxml2-16-2.15.4-hf3af7cc_0
#7 23.44 Linking freetype-2.14.3-ha770c72_2
#7 23.45 Linking fontconfig-2.18.3-h4db4eae_1
#7 23.45 Linking cyrus-sasl-2.1.28-hac629b4_1
#7 23.46 Linking libcups-2.3.3-h7a8fb5f_6
#7 23.46 Linking glib-tools-2.90.0-h3d503d9_0
#7 23.47 Linking dbus-1.16.2-he8c428d_2
#7 23.47 Linking libblas-3.11.0-11_h4a7cf45_openblas
#7 23.53 Linking xcb-util-image-0.4.0-hb711507_2
#7 23.53 Linking xorg-libxfixes-6.0.2-h7cc23a3_1
#7 23.53 Linking xkeyboard-config-2.48-h280c20c_0
#7 23.54 Linking libglx-1.7.0-ha4b6fd6_5
#7 23.54 Linking xorg-libxrender-0.9.12-hb03c661_1
#7 23.54 Linking xorg-libxext-1.3.7-h7cc23a3_1
#7 23.54 Linking libsndfile-1.2.2-hbc6d301_3
#7 23.55 Linking nss-3.118-h445c969_0
#7 23.56 Linking python-3.12.14-h5f976f7_3_cpython
#7 23.67 Linking libxml2-2.15.4-h7df9aa5_0
#7 23.67 Linking openldap-2.6.13-hbde042b_0
#7 23.71 Linking libcblas-3.11.0-11_h0358290_openblas
#7 23.76 Linking liblapack-3.11.0-11_h47877c9_openblas
#7 23.81 Linking xorg-libxcomposite-0.4.7-hb03c661_0
#7 23.81 Linking libgl-1.7.0-ha4b6fd6_5
#7 23.81 Linking cairo-1.18.4-h3c89d7e_3
#7 23.82 Linking xorg-libxxf86vm-1.1.7-hb03c661_0
#7 23.82 Linking xorg-libxdamage-1.1.6-hb9d3cd8_0
#7 23.82 Linking pulseaudio-client-17.0-h9a6aba3_3
#7 23.83 Linking libxslt-1.1.45-h8e12856_1
#7 23.83 Linking libxkbcommon-1.13.2-h51789e4_1
#7 23.84 Linking libllvm22-22.1.8-h474f4eb_2
#7 23.84 Linking libllvm23-23.1.1-h474f4eb_0
#7 23.84 Linking libpq-18.6-h9d76c99_1
#7 23.88 Linking numpy-2.5.3-py312he827f4e_0
#7 23.94 Linking libharfbuzz-14.4.0-h23af247_1
#7 23.94 Linking lxml-6.1.3-py312h663fcd5_0
#7 23.95 Linking libclang-cpp22.1-22.1.8-default_h0acdd01_10
#7 23.95 Linking libclang-cpp23.1-23.1.1-default_h0acdd01_0
#7 23.95 Linking scipy-1.18.1-py312h106c528_1
#7 24.01 Linking pango-1.58.2-h7bb47b9_1
#7 24.01 Linking libharfbuzz-devel-14.4.0-h23af247_1
#7 24.01 Linking libclang13-23.1.1-default_h7037f76_0
#7 24.01 Linking harfbuzz-14.4.0-ha770c72_1
#7 24.01 Linking toml-0.10.2-pyhcf101f3_3
#7 24.03 Linking tomli-2.4.1-pyhcf101f3_0
#7 24.03 Linking ply-3.11-pyhd8ed1ab_3
#7 24.03 Linking packaging-26.3-pyhc364b38_0
#7 24.04 Linking setuptools-84.0.0-pyh332efcf_0
#7 24.10 Linking six-1.17.0-pyhe01879c_1
#7 24.11 Linking wheel-0.48.0-pyhd8ed1ab_0
#7 24.11 Linking python-dateutil-2.9.0.post0-pyhe01879c_2
#7 24.11 Linking pip-26.2.1-pyh8b19718_0
#7 24.14 Linking glib-2.90.0-h5e3c387_0
#7 24.14 Linking sip-6.10.0-py312h1289d80_1
#7 24.18 Linking pandas-3.0.6-np2py312h91ec553_0
#7 24.31 Linking gstreamer-1.26.11-h29cf534_0
#7 24.33 Linking pyqt5-sip-12.17.0-py312h1289d80_2
#7 24.33 Linking gst-plugins-base-1.26.11-h6d08254_0
#7 24.35 Linking qt-main-5.15.15-h0c412b5_8
#7 25.98 Linking pyqt-5.15.11-py312h82c0db2_2
#7 26.03 Linking ete3-3.1.3-pyhd8ed1ab_0
#7 26.21 
#7 26.21 Transaction finished
#7 26.21 
#7 26.21 
#7 26.21 To activate this environment, use:
#7 26.21 
#7 26.21     mamba activate python_utils
#7 26.21 
#7 26.21 Or to execute a single command in this environment, use:
#7 26.21 
#7 26.21     mamba run -n python_utils mycommand
#7 26.21 
#7 27.44 Will remove 1 package cache(s).
#7 DONE 27.9s

#8 exporting to image
#8 exporting layers
#8 exporting layers 13.8s done
#8 writing image sha256:b8b21e8b0cb46efdb474e30352cbc8c414176ecdf825db251fbf269a6ff7a050 0.0s done
#8 naming to ghcr.io/bdrd-genomics/allinone-python_utils:1.0.0 0.0s done
#8 naming to ghcr.io/bdrd-genomics/allinone-python_utils:latest 0.0s done
#8 DONE 13.9s
SUCCESS: ghcr.io/bdrd-genomics/allinone-python_utils

==================================================
Building: ghcr.io/bdrd-genomics/allinone-readmapping_auto:1.0.0
Dockerfile: Dockerfile.readmapping_auto
==================================================
#0 building with "default" instance using docker driver

#1 [internal] load build definition from Dockerfile.readmapping_auto
#1 transferring dockerfile: 464B done
#1 DONE 0.1s

#2 [internal] load metadata for ghcr.io/bdrd-genomics/allinone-conda-base:1.0.1
#2 DONE 0.0s

#3 [internal] load .dockerignore
#3 transferring context: 2B done
#3 DONE 0.1s

#4 [1/3] FROM ghcr.io/bdrd-genomics/allinone-conda-base:1.0.1
#4 CACHED

#5 [internal] load build context
#5 transferring context: 306B done
#5 DONE 0.1s

#6 [2/3] COPY environment.readmapping_auto.yml /tmp/environment.yml
#6 DONE 0.1s

#7 [3/3] RUN /opt/conda/bin/mamba env create -n readmapping_auto -f /tmp/environment.yml     && /opt/conda/bin/conda clean -afy     && rm -f /tmp/environment.yml
#7 0.484 warning  libmamba 'repo.anaconda.com', a commercial channel hosted by Anaconda.com, is used.
#7 0.484     
#7 0.484 warning  libmamba Please make sure you understand Anaconda Terms of Services.
#7 0.484     
#7 0.484 warning  libmamba See: https://legal.anaconda.com/policies/en/
#7 1.165 ⚠ Shard Index for pkgs/main/linux-64 not available, falling back to flat repodata
#7 1.165 Using Flat Repodata for pkgs/main/linux-64                                                      ✔ Starting
#7 1.745 Using Flat Repodata for pkgs/main/linux-64                                                ✔ Done (0.6 sec)
#7 1.745 ⚠ Shard Index for pkgs/main/noarch not available, falling back to flat repodata
#7 1.745 Using Flat Repodata for pkgs/main/noarch                                                        ✔ Starting
#7 1.789 Using Flat Repodata for pkgs/main/noarch                                                  ✔ Done (0.0 sec)
#7 1.789 ⚠ Shard Index for pkgs/r/linux-64 not available, falling back to flat repodata
#7 1.789 Using Flat Repodata for pkgs/r/linux-64                                                         ✔ Starting
#7 1.858 Using Flat Repodata for pkgs/r/linux-64                                                   ✔ Done (0.1 sec)
#7 1.858 ⚠ Shard Index for pkgs/r/noarch not available, falling back to flat repodata
#7 1.858 Using Flat Repodata for pkgs/r/noarch                                                           ✔ Starting
#7 1.951 Using Flat Repodata for pkgs/r/noarch                                                     ✔ Done (0.1 sec)
#7 2.319 Fetch Shard Index for conda-forge/linux-64                                                      ⧖ Starting
#7 2.481 Fetch Shard Index for conda-forge/linux-64                                                ✔ Done (0.2 sec)
#7 2.481 Fetch Shard Index for conda-forge/noarch                                                        ⧖ Starting
#7 2.655 Fetch Shard Index for conda-forge/noarch                                                  ✔ Done (0.2 sec)
#7 2.655 Fetching and Parsing Packages' Shards                                                           ⧖ Starting
#7 13.43 Fetching and Parsing Packages' Shards                                                    ✔ Done (10.8 sec)
#7 14.09 Fetch Shard Index for bioconda/linux-64                                                         ⧖ Starting
#7 14.24 Fetch Shard Index for bioconda/linux-64                                                   ✔ Done (0.2 sec)
#7 14.24 Fetch Shard Index for bioconda/noarch                                                           ⧖ Starting
#7 14.40 Fetch Shard Index for bioconda/noarch                                                     ✔ Done (0.2 sec)
#7 14.40 Fetching and Parsing Packages' Shards                                                           ⧖ Starting
#7 14.90 Fetching and Parsing Packages' Shards                                                     ✔ Done (0.5 sec)
#7 14.91 Using Cached Shard Index for conda-forge/linux-64                                                   ✔ Done
#7 14.92 Using Cached Shard Index for conda-forge/noarch                                                     ✔ Done
#7 14.92 Fetching and Parsing Packages' Shards                                                           ⧖ Starting
#7 16.56 Fetching and Parsing Packages' Shards                                                     ✔ Done (1.6 sec)
#7 17.23 Using Cached Shard Index for bioconda/linux-64                                                      ✔ Done
#7 17.23 Using Cached Shard Index for bioconda/noarch                                                        ✔ Done
#7 17.23 Fetching and Parsing Packages' Shards                                                           ⧖ Starting
#7 17.23 Fetching and Parsing Packages' Shards                                                     ✔ Done (0.0 sec)
#7 17.24 Parsing Packages' Records                                                                ✔ Done (16.1 sec)
#7 17.25 
#7 17.25 Resolving Environment                                                                           ⧖ Starting
#7 18.05 Resolving Environment                                                                     ✔ Done (0.8 sec)
#7 18.06 
#7 18.06 Transaction
#7 18.06 
#7 18.06   Prefix: /opt/conda/envs/readmapping_auto
#7 18.06 
#7 18.06   Updating specs:
#7 18.06 
#7 18.06    - python=3.12
#7 18.06    - pandas
#7 18.06    - skani
#7 18.06    - minimap2
#7 18.06    - samtools
#7 18.06    - coverm
#7 18.06    - pip
#7 18.06 
#7 18.06 
#7 18.14 warning  libmamba Security Warning: This transaction includes executing package scripts (pre/post-link/unlink) if present. These scripts can contain arbitrary code. Please ensure you trust the package sources.
#7 18.14   Package                         Version  Build                 Channel           Size
#7 18.14 ─────────────────────────────────────────────────────────────────────────────────────────
#7 18.14   Install:
#7 18.14 ─────────────────────────────────────────────────────────────────────────────────────────
#7 18.14 
#7 18.14   + _openmp_mutex                     4.5  20_gnu                conda-forge       29kB
#7 18.14   + blessed                        1.49.0  pyh7c35ba6_0          conda-forge      231kB
#7 18.14   + bwa                            0.7.19  h577a1d6_1            bioconda         654kB
#7 18.14   + bzip2                           1.0.8  hda65f42_10           conda-forge     Cached
#7 18.14   + c-ares                         1.34.8  hebe6cf0_2            conda-forge     Cached
#7 18.14   + ca-certificates             2026.7.22  hbd8a1cb_0            conda-forge     Cached
#7 18.14   + coreutils                        9.12  hebe6cf0_0            conda-forge        3MB
#7 18.14   + coverm                          0.8.0  h750ce8b_0            bioconda           2MB
#7 18.14   + fastani                          1.34  hb66fcc3_6            bioconda         136kB
#7 18.14   + gsl                               2.7  he838d99_0            conda-forge        3MB
#7 18.14   + htslib                           1.24  ha79157c_0            bioconda           1MB
#7 18.14   + icu                              78.3  py310h44b86e0_2       conda-forge     Cached
#7 18.14   + jinxed                          2.1.0  pyh8f84b5b_0          conda-forge       59kB
#7 18.14   + k8                                1.2  he8db53b_6            bioconda           8MB
#7 18.14   + kernel-headers_linux-64        5.14.0  he073ed8_3            conda-forge        1MB
#7 18.14   + keyutils                        1.6.3  h7cc23a3_1            conda-forge     Cached
#7 18.14   + krb5                           1.22.2  hbc21106_2            conda-forge     Cached
#7 18.14   + ld_impl_linux-64               2.46.1  default_hbd61a6d_102  conda-forge      745kB
#7 18.14   + libblas                        3.11.0  11_h4a7cf45_openblas  conda-forge       18kB
#7 18.14   + libcblas                       3.11.0  11_h0358290_openblas  conda-forge       18kB
#7 18.14   + libcurl                        8.22.0  ha042cf0_0            conda-forge     Cached
#7 18.14   + libdeflate                       1.26  h351257e_0            conda-forge       74kB
#7 18.14   + libedit                  3.1.20250104  pl5321h373387f_1      conda-forge     Cached
#7 18.14   + libev                            4.33  h280c20c_3            conda-forge     Cached
#7 18.14   + libexpat                        2.8.1  hecca717_1            conda-forge     Cached
#7 18.14   + libffi                          3.7.0  h81df57d_1            conda-forge     Cached
#7 18.14   + libgcc                         16.2.0  ha9f2e26_5            conda-forge        1MB
#7 18.14   + libgcc-ng                      16.2.0  h69a702a_5            conda-forge       29kB
#7 18.14   + libgfortran                    16.2.0  h69a702a_5            conda-forge       29kB
#7 18.14   + libgfortran5                   16.2.0  h6b99dfc_5            conda-forge        3MB
#7 18.14   + libgomp                        16.2.0  he0feb66_5            conda-forge      642kB
#7 18.14   + liblapack                      3.11.0  11_h47877c9_openblas  conda-forge       18kB
#7 18.14   + liblzma                         5.8.3  hb03c661_1            conda-forge     Cached
#7 18.14   + libnghttp2                     1.68.1  h74cf4be_1            conda-forge     Cached
#7 18.14   + libnsl                          2.0.1  hb9d3cd8_1            conda-forge       34kB
#7 18.14   + libopenblas                    0.3.34  pthreads_hf13c14d_2   conda-forge        7MB
#7 18.14   + libpsl                         0.23.1  hd9e3e90_1            conda-forge     Cached
#7 18.14   + libpython                     3.12.14  h0c77377_3_cpython    conda-forge        9MB
#7 18.14   + libsqlite                      3.53.4  h13e7031_1            conda-forge     Cached
#7 18.14   + libssh2                        1.11.1  h6154650_1            conda-forge     Cached
#7 18.14   + libstdcxx                      16.2.0  h934c35e_5            conda-forge        7MB
#7 18.14   + libuuid                        2.42.3  hcfc3c73_0            conda-forge     Cached
#7 18.14   + libxcrypt                      4.4.38  h280c20c_0            conda-forge      102kB
#7 18.14   + libzlib                         1.3.2  h25fd6f3_3            conda-forge     Cached
#7 18.14   + minimap2                         2.31  h118bc1c_0            bioconda           1MB
#7 18.14   + ncurses                           6.6  hdb14827_1            conda-forge     Cached
#7 18.14   + numpy                           2.5.3  py312he827f4e_0       conda-forge        9MB
#7 18.14   + openblas                       0.3.34  pthreads_h299a788_2   conda-forge        8MB
#7 18.14   + openssl                         3.6.4  h781a0a9_0            conda-forge     Cached
#7 18.14   + packaging                        26.3  pyhc364b38_0          conda-forge     Cached
#7 18.14   + pandas                          3.0.6  np2py312h91ec553_0    conda-forge       15MB
#7 18.14   + perl                           5.32.1  9_h7cc23a3_perl5      conda-forge       13MB
#7 18.14   + pip                            26.2.1  pyh8b19718_0          conda-forge        1MB
#7 18.14   + python                        3.12.14  h5f976f7_3_cpython    conda-forge       23MB
#7 18.14   + python-dashing                  0.1.0  pyhd8ed1ab_1          conda-forge       13kB
#7 18.14   + python-dateutil           2.9.0.post0  pyhe01879c_2          conda-forge      233kB
#7 18.14   + python_abi                       3.12  9_cp312               conda-forge        7kB
#7 18.14   + readline                          8.3  hd6e31c0_1            conda-forge     Cached
#7 18.14   + samtools                         1.24  h9dcdb79_1            bioconda         504kB
#7 18.14   + setuptools                     84.0.0  pyh332efcf_0          conda-forge     Cached
#7 18.14   + six                            1.17.0  pyhe01879c_1          conda-forge       18kB
#7 18.14   + skani                           0.3.2  h79ce301_0            bioconda         745kB
#7 18.14   + starcode                          1.4  h7b50bb2_7            bioconda          70kB
#7 18.14   + strobealign                    0.18.0  hab7d0fd_0            bioconda         748kB
#7 18.14   + sysroot_linux-64                 2.34  h087de78_3            conda-forge       41MB
#7 18.14   + tk                             8.6.13  noxft_h1df4ec4_4      conda-forge     Cached
#7 18.14   + tzdata                          2026c  h151e31d_0            conda-forge     Cached
#7 18.14   + wcwidth                         0.8.4  pyh5ded981_0          conda-forge      142kB
#7 18.14   + wheel                          0.48.0  pyhd8ed1ab_0          conda-forge       35kB
#7 18.14   + zstd                            1.5.7  hb78ec9c_7            conda-forge     Cached
#7 18.14 
#7 18.14   Summary:
#7 18.14 
#7 18.14   Install: 70 packages
#7 18.14 
#7 18.14   Total download: 161MB
#7 18.14 
#7 18.14 ─────────────────────────────────────────────────────────────────────────────────────────
#7 18.14 
#7 18.14 
#7 18.14 Confirm changes: [Y/n] 
#7 18.14 Transaction starting
#7 20.26 Linking libzlib-1.3.2-h25fd6f3_3
#7 20.26 Linking libgomp-16.2.0-he0feb66_5
#7 20.26 Linking zstd-1.5.7-hb78ec9c_7
#7 20.27 Linking _openmp_mutex-4.5-20_gnu
#7 20.27 Linking ld_impl_linux-64-2.46.1-default_hbd61a6d_102
#7 20.28 Linking libgcc-16.2.0-ha9f2e26_5
#7 20.28 Linking c-ares-1.34.8-hebe6cf0_2
#7 20.31 Linking libev-4.33-h280c20c_3
#7 20.31 Linking keyutils-1.6.3-h7cc23a3_1
#7 20.32 Linking libnsl-2.0.1-hb9d3cd8_1
#7 20.32 Linking libffi-3.7.0-h81df57d_1
#7 20.32 Linking tk-8.6.13-noxft_h1df4ec4_4
#7 20.41 Linking libxcrypt-4.4.38-h280c20c_0
#7 20.41 Linking libexpat-2.8.1-hecca717_1
#7 20.41 Linking libgfortran5-16.2.0-h6b99dfc_5
#7 20.41 Linking ncurses-6.6-hdb14827_1
#7 21.65 Linking libdeflate-1.26-h351257e_0
#7 21.65 Linking liblzma-5.8.3-hb03c661_1
#7 21.66 Linking bzip2-1.0.8-hda65f42_10
#7 21.66 Linking libgcc-ng-16.2.0-h69a702a_5
#7 21.66 Linking coreutils-9.12-hebe6cf0_0
#7 21.69 Linking libstdcxx-16.2.0-h934c35e_5
#7 21.69 Linking libuuid-2.42.3-hcfc3c73_0
#7 21.69 Linking perl-5.32.1-9_h7cc23a3_perl5
#7 21.83 Linking libgfortran-16.2.0-h69a702a_5
#7 21.83 Linking libedit-3.1.20250104-pl5321h373387f_1
#7 21.84 Linking readline-8.3-hd6e31c0_1
#7 21.85 Linking icu-78.3-py310h44b86e0_2
#7 21.89 Linking libpython-3.12.14-h0c77377_3_cpython
#7 21.93 Linking libopenblas-0.3.34-pthreads_hf13c14d_2
#7 21.93 Linking libsqlite-3.53.4-h13e7031_1
#7 21.93 Linking libpsl-0.23.1-hd9e3e90_1
#7 21.93 Linking libblas-3.11.0-11_h4a7cf45_openblas
#7 21.98 Linking openblas-0.3.34-pthreads_h299a788_2
#7 22.01 Linking liblapack-3.11.0-11_h47877c9_openblas
#7 22.07 Linking libcblas-3.11.0-11_h0358290_openblas
#7 22.12 Linking gsl-2.7-he838d99_0
#7 22.18 Linking strobealign-0.18.0-hab7d0fd_0
#7 22.18 Linking starcode-1.4-h7b50bb2_7
#7 22.18 Linking skani-0.3.2-h79ce301_0
#7 22.18 Linking bwa-0.7.19-h577a1d6_1
#7 22.18 Linking fastani-1.34-hb66fcc3_6
#7 22.18 Linking python_abi-3.12-9_cp312
#7 22.19 Linking ca-certificates-2026.7.22-hbd8a1cb_0
#7 22.19 Linking tzdata-2026c-h151e31d_0
#7 22.29 Linking kernel-headers_linux-64-5.14.0-he073ed8_3
#7 22.33 Linking sysroot_linux-64-2.34-h087de78_3
#7 22.37 Linking openssl-3.6.4-h781a0a9_0
#7 22.42 Linking libssh2-1.11.1-h6154650_1
#7 22.47 Linking libnghttp2-1.68.1-h74cf4be_1
#7 22.48 Linking krb5-1.22.2-hbc21106_2
#7 22.51 Linking python-3.12.14-h5f976f7_3_cpython
#7 22.63 Linking libcurl-8.22.0-ha042cf0_0
#7 22.63 Linking numpy-2.5.3-py312he827f4e_0
#7 22.69 Linking k8-1.2-he8db53b_6
#7 22.69 Linking htslib-1.24-ha79157c_0
#7 22.70 Linking minimap2-2.31-h118bc1c_0
#7 22.70 Linking samtools-1.24-h9dcdb79_1
#7 22.71 Linking wcwidth-0.8.4-pyh5ded981_0
#7 22.72 Linking jinxed-2.1.0-pyh8f84b5b_0
#7 22.72 Linking six-1.17.0-pyhe01879c_1
#7 22.72 Linking packaging-26.3-pyhc364b38_0
#7 22.73 Linking setuptools-84.0.0-pyh332efcf_0
#7 22.79 Linking blessed-1.49.0-pyh7c35ba6_0
#7 22.80 Linking python-dateutil-2.9.0.post0-pyhe01879c_2
#7 22.80 Linking wheel-0.48.0-pyhd8ed1ab_0
#7 22.80 Linking python-dashing-0.1.0-pyhd8ed1ab_1
#7 22.80 Linking pip-26.2.1-pyh8b19718_0
#7 22.84 Linking pandas-3.0.6-np2py312h91ec553_0
#7 22.98 Linking coverm-0.8.0-h750ce8b_0
#7 23.01 
#7 23.01 Transaction finished
#7 23.01 
#7 23.01 
#7 23.01 To activate this environment, use:
#7 23.01 
#7 23.01     mamba activate readmapping_auto
#7 23.01 
#7 23.01 Or to execute a single command in this environment, use:
#7 23.01 
#7 23.01     mamba run -n readmapping_auto mycommand
#7 23.01 
#7 24.03 Will remove 1 package cache(s).
#7 DONE 24.7s

#8 exporting to image
#8 exporting layers
#8 exporting layers 7.0s done
#8 writing image sha256:2a5016acd591ac3bf6a2d6370d3bfc7aa1c33c7d4cea51e1f492a62c2186f305 0.0s done
#8 naming to ghcr.io/bdrd-genomics/allinone-readmapping_auto:1.0.0 0.0s done
#8 naming to ghcr.io/bdrd-genomics/allinone-readmapping_auto:latest 0.0s done
#8 DONE 7.1s
SUCCESS: ghcr.io/bdrd-genomics/allinone-readmapping_auto

SKIPPING: ghcr.io/bdrd-genomics/allinone-rgi:1.0.0 already exists

SKIPPING: ghcr.io/bdrd-genomics/allinone-ribodetector:1.0.0 already exists

SKIPPING: ghcr.io/bdrd-genomics/allinone-spades:1.0.0 already exists

SKIPPING: ghcr.io/bdrd-genomics/allinone-unicycler:1.0.0 already exists

SKIPPING: ghcr.io/bdrd-genomics/allinone-vs:1.0.0 already exists

==================================================
BUILD SUMMARY
==================================================

Skipped (26):
  ghcr.io/bdrd-genomics/allinone-aio_qc
  ghcr.io/bdrd-genomics/allinone-amrfinder_plus
  ghcr.io/bdrd-genomics/allinone-bbmap
  ghcr.io/bdrd-genomics/allinone-blast
  ghcr.io/bdrd-genomics/allinone-busco
  ghcr.io/bdrd-genomics/allinone-checkm-genome
  ghcr.io/bdrd-genomics/allinone-chimeric_contig_classifier
  ghcr.io/bdrd-genomics/allinone-chimeric_detection
  ghcr.io/bdrd-genomics/allinone-diamond
  ghcr.io/bdrd-genomics/allinone-dragonflye
  ghcr.io/bdrd-genomics/allinone-fastqc
  ghcr.io/bdrd-genomics/allinone-interleave
  ghcr.io/bdrd-genomics/allinone-kraken2
  ghcr.io/bdrd-genomics/allinone-krona
  ghcr.io/bdrd-genomics/allinone-md
  ghcr.io/bdrd-genomics/allinone-mmseqs2
  ghcr.io/bdrd-genomics/allinone-multiqc
  ghcr.io/bdrd-genomics/allinone-nanoplot
  ghcr.io/bdrd-genomics/allinone-nextflow
  ghcr.io/bdrd-genomics/allinone-phispy
  ghcr.io/bdrd-genomics/allinone-prokka
  ghcr.io/bdrd-genomics/allinone-rgi
  ghcr.io/bdrd-genomics/allinone-ribodetector
  ghcr.io/bdrd-genomics/allinone-spades
  ghcr.io/bdrd-genomics/allinone-unicycler
  ghcr.io/bdrd-genomics/allinone-vs

Successful (6):
  ghcr.io/bdrd-genomics/allinone-autocycler
  ghcr.io/bdrd-genomics/allinone-fastp_long
  ghcr.io/bdrd-genomics/allinone-myloasm
  ghcr.io/bdrd-genomics/allinone-python_reports
  ghcr.io/bdrd-genomics/allinone-python_utils
  ghcr.io/bdrd-genomics/allinone-readmapping_auto

Failed (0):
  
